key;variant;instruction;en;nl;af;sq;am;ar;hy;as;az;eu;bn;my;bs;bg;ca;zh;da;de;et;fo;fi;fr;gl;ka;el;gu;he;hi;hu;ga;is;id;it;ja;kn;kk;km;ko;hr;lo;lv;lt;mk;ms;ml;mr;mn;ne;no;uk;or;ug;uz;fa;pl;pt;pa;ro;ru;sr;si;sk;sl;es;sw;ta;te;th;bo;cs;tr;ur;vi;cy;be;zu;sv
character.bear;;Animal name, a single word. English is 4 characters. Try to stay close to that.;Bear;Beer;Beer;Ari;ድብ;دب;Արջ;ভালুক;Ayı;Hartza;ভালুক;ဝက်ဝံ;Medvjed;Мечка;Ós;熊;Bjørn;Bär;Karu;Bjørn;Karhu;Ours;Oso;დათვი;Αρκούδα;રીંછ;דוב;भालू;Medve;Béar;Björn;Beruang;Orso;クマ;ಕರಡಿ;Аю;ខ្លាឃ្មុំ;곰;Medvjed;ໝີ;Lācis;Lokys;Мечка;Beruang;കരടി;अस्वल;Баавгай;भालु;Bjørn;Ведмідь;ଭାଲୁ;ئېيىق;Ayiq;خرس;Niedźwiedź;Urso;ਭਾਲੂ;Urs;Медведь;Medved;වලහා;Medveď;Medved;Oso;Dubu;වලහා;கரடி;หมี;དོམ;Medvěd;Ayı;ریچھ;Gấu;Arth;Мядзведзь;Ibhere;Björn
character.bunny;;Animal name, a single word. English is 5 characters. Try to stay close to that.;Bunny;Konijn;Hasie;Lepur;ጥንቸል;أرنب;Նապաստակ;খৰগোশ;Dovşan;Untxia;খরগোশ;ယုန်ကလေး;Zeko;Зайче;Conill;兔子;Kanin;Hase;Jänku;Kanina;Pupu;Lapin;Coello;კურდღელი;Λαγός;સસલું;ארנב;खरगोश;Nyuszi;Coinín;Kanína;Kelinci;Coniglio;ウサギ;ಮೊಲ;Қоян;ទន្សាយ;토끼;Zeko;ກະຕ່າຍ;Zaķis;Zuikutis;Зајак;Arnab;മുയൽ;ससा;Туулай;खरायो;Kanin;Зайчик;ଖରଗୋଶ;توشقان;Quyon;خرگوش;Królik;Coelho;ਖਰਗੋਸ਼;Iepuraș;Зайка;Zeka;හාවා;Zajačik;Zajček;Conejo;Sungura;හාවා;முயல்;กระต่าย;རི་བོང;Králík;Tavşan;خرگوش;Thỏ;Cwningen;Зайчык;Unogwaja;Kanin
character.crab;;Animal name, a single word. English is 4 characters. Try to stay close to that.;Crab;Krab;Krap;Gaforre;ሸርጣን;سلطعون;Խեցգետին;কেঁকোৰা;Krab;Karramarroa;কাঁকড়া;ကဏန်း;Rak;Рак;Cranc;螃蟹;Krabbe;Krabbe;Krabi;Krabbi;Rapu;Crabe;Cangrexo;კიბორჩხალა;Καβούρι;કરચલો;סרטן;केकड़ा;Rák;Portán;Krabbi;Kepiting;Granchio;カニ;ಏಡಿ;Теңізшаян;ក្តាម;게;Rak;ປູ;Krabis;Krabas;Рак;Ketam;ഞണ്ട്;खेकडा;Хавч;केकडा;Krabbe;Краб;କଙ୍କଡ଼ା;قىسقۇچپاقا;Qisqichbaqa;خرچنگ;Krab;Caranguejo;ਕੇਕੜਾ;Crab;Краб;Rak;කකුළුවා;Krab;Rak;Cangrejo;Kaa;කකුළුවා;நண்டு;ปู;སྡིག་སྲིན;Krab;Yengeç;کیکڑا;Cua;Cranc;Краб;Inkalankala;Krabba
character.dog;;Animal name, a single word. English is 3 characters. Try to stay close to that.;Dog;Hond;Hond;Qen;ውሻ;كلب;Շուն;কুকুৰ;İt;Txakurra;কুকুর;ခွေး;Pas;Куче;Gos;狗;Hund;Hund;Koer;Hundur;Koira;Chien;Can;ძაღლი;Σκύλος;કૂતરો;כלב;कुत्ता;Kutya;Madra;Hundur;Anjing;Cane;イヌ;ನಾಯಿ;Ит;ឆ្កែ;개;Pas;ໝາ;Suns;Šuo;Куче;Anjing;നായ;कुत्रा;Нохой;कुकुर;Hund;Пес;କୁକୁର;ئىت;It;سگ;Pies;Cão;ਕੁੱਤਾ;Câine;Пёс;Pas;බල්ලා;Pes;Pes;Perro;Mbwa;බල්ලා;நாய்;หมา;ཁྱི;Pes;Köpek;کتا;Chó;Ci;Сабака;Inja;Hund
character.elephant;;Animal name, a single word. English is 8 characters. Try to stay close to that.;Elephant;Olifant;Olifant;Elefant;ዝሆን;فيل;Փիղ;হাতী;Fil;Elefantea;হাতি;ဆင်;Slon;Слон;Elefant;大象;Elefant;Elefant;Elevant;Fílur;Norsu;Éléphant;Elefante;სპილო;Ελέφαντας;હાથી;פיל;हाथी;Elefánt;Eilifint;Fíll;Gajah;Elefante;ゾウ;ಆನೆ;Піл;ដំរី;코끼리;Slon;ຊ້າງ;Zilonis;Dramblys;Слон;Gajah;ആന;हत्ती;Заан;हात्ती;Elefant;Слон;ହାତୀ;پىل;Fil;فیل;Słoń;Elefante;ਹਾਥੀ;Elefant;Слон;Slon;අලියා;Slon;Slon;Elefante;Tembo;අලියා;யானை;ช้าง;གླང་ཆེན;Slon;Fil;ہاتھی;Voi;Eliffant;Слон;Indlovu;Elefant
character.fox;;Animal name, a single word. English is 3 characters. Try to stay close to that.;Fox;Vos;Jakkals;Dhelpër;ቀበሮ;ثعلب;Աղվես;শিয়াল;Tülkü;Azeria;শিয়াল;မြေခွေး;Lisica;Лисица;Guineu;狐狸;Ræv;Fuchs;Rebane;Revur;Kettu;Renard;Raposo;მელა;Αλεπού;શિયાળ;שועל;लोमड़ी;Róka;Sionnach;Refur;Rubah;Volpe;キツネ;ನರಿ;Түлкі;កញ្ជ្រោង;여우;Lisica;ໝາຈອກ;Lapsa;Lapė;Лисица;Rubah;കുറുക്കൻ;कोल्हा;Үнэг;स्याल;Rev;Лис;ଖଞ୍ଜନା;تۈلكە;Tulki;روباه;Lis;Raposa;ਲੂੰਬੜੀ;Vulpe;Лис;Lisica;නරියා;Líška;Lisica;Zorro;Mbweha;නරියා;நரி;จิ้งจอก;ཝ;Liška;Tilki;لومڑی;Cáo;Llwynog;Ліса;Impungushe;Räv
character.frog;;Animal name, a single word. English is 4 characters. Try to stay close to that.;Frog;Kikker;Padda;Bretkosë;እንቁራሪት;ضفدع;Գորտ;ভেকুলী;Qurbağa;Igela;ব্যাঙ;ဖား;Žaba;Жаба;Granota;青蛙;Frø;Frosch;Konn;Froskur;Sammakko;Grenouille;Ra;ბაყაყი;Βάτραχος;દેડકો;צפרדע;मेंढक;Béka;Frog;Froskur;Katak;Rana;カエル;ಕಪ್ಪೆ;Бақа;កង្កែប;개구리;Žaba;ກົບ;Varde;Varlė;Жаба;Katak;തവള;बेडूक;Мэлхий;भ्यागुतो;Frosk;Жаба;ବେଙ୍ଗ;پاقا;Qurbaqa;قورباغه;Żaba;Sapo;ਡੱਡੂ;Broască;Лягушка;Žaba;ගෙම්බා;Žaba;Žaba;Rana;Chura;ගෙම්බා;தவளை;กบ;སྦལ་པ;Žába;Kurbağa;مینڈک;Ếch;Broga;Жаба;Ixoxo;Groda
character.lion;;Animal name, a single word. English is 4 characters. Try to stay close to that.;Lion;Leeuw;Leeu;Luan;አንበሳ;أسد;Առյուծ;সিংহ;Şir;Lehoia;সিংহ;ခြင်္သေ့;Lav;Лъв;Lleó;狮子;Løve;Löwe;Lõvi;Leyva;Leijona;Lion;León;ლომი;Λιοντάρι;સિંહ;אריה;शेर;Oroszlán;Leon;Ljón;Singa;Leone;ライオン;ಸಿಂಹ;Арыстан;តោ;사자;Lav;ສິງ;Lauva;Liūtas;Лав;Singa;സിംഹം;सिंह;Арслан;सिंह;Løve;Лев;ସିଂହ;شىر;Arslon;شیر;Lew;Leão;ਸ਼ੇਰ;Leu;Лев;Lav;සිංහයා;Lev;Lev;León;Simba;සිංහයා;சிங்கம்;สิงโต;སེང་གེ;Lev;Aslan;شیر;Sư tử;Llew;Леў;Ibhubesi;Lejon
character.octopus;;Animal name, a single word. English is 7 characters. Try to stay close to that.;Octopus;Inktvis;Seekat;Oktapod;ኦክቶፐስ;أخطبوط;Ութոտնուկ;অক্টোপাছ;Ahtapot;Olagarroa;অক্টোপাস;ရေဘဝဲ;Hobotnica;Октопод;Pop;章鱼;Blæksprutte;Oktopus;Kaheksajalg;Høgguslokkur;Mustekala;Poulpe;Polbo;რვაფეხა;Χταπόδι;ઓક્ટોપસ;תמנון;ऑक्टोपस;Polip;Ochtapas;Kolkrabbi;Gurita;Polpo;タコ;ಆಕ್ಟೋಪಸ್;Сегізаяқ;មឹក;문어;Hobotnica;ປາໝຶກ;Astoņkājis;Aštuonkojis;Октопод;Kurita;നീരാളി;ऑक्टोपस;Наймаалж;अक्टोपस;Blekksprut;Восьминіг;ଅକ୍ଟୋପସ୍;سەككىزئاياغ;Ahtapot;هشت‌پا;Ośmiornica;Polvo;ਆਕਟੋਪਸ;Caracatiță;Осьминог;Hobotnica;බූවල්ලා;Chobotnica;Hobotnica;Pulpo;Pweza;බූවල්ලා;ஆக்டோபஸ்;หมึกยักษ์;ཉ་ལག་བརྒྱད;Chobotnice;Ahtapot;آکٹوپس;Bạch tuộc;Octopws;Васьміног;Ingwane;Bläckfisk
character.penguin;;Animal name, a single word. English is 7 characters. Try to stay close to that.;Penguin;Pinguïn;Pikkewyn;Pinguin;ፔንግዊን;بطريق;Պինգվին;পেংগুইন;Pinqvin;Pinguinoa;পেঙ্গুইন;ပင်ဂွင်း;Pingvin;Пингвин;Pingüí;企鹅;Pingvin;Pinguin;Pingviin;Pingvinur;Pingviini;Pingouin;Pingüín;პინგვინი;Πιγκουίνος;પેંગ્વિન;פינגווין;पेंगुइन;Pingvin;Piongain;Mörgæs;Pinguin;Pinguino;ペンギン;ಪೆಂಗ್ವಿನ್;Пингвин;ភេនឃ្វីន;펭귄;Pingvin;ເພນກວິນ;Pingvīns;Pingvinas;Пингвин;Penguin;പെൻഗ്വിൻ;पेंग्विन;Оцон шувуу;पेन्गुइन;Pingvin;Пінгвін;ପେଙ୍ଗୁଇନ୍;پىنگۋىن;Pingvin;پنگوئن;Pingwin;Pinguim;ਪੇਂਗੁਇਨ;Pinguin;Пингвин;Pingvin;පෙන්ගුවියා;Tučniak;Pingvin;Pingüino;Pengwini;පෙන්ගුවියා;பென்குயின்;เพนกวิน;པེང་གུན;Tučňák;Penguen;پینگوئن;Chim cánh cụt;Pengwin;Пінгвін;Iphengwini;Pingvin
character.pickerTitle;;Animal name, a single word. English is 21 characters. Try to stay close to that.;Choose your character;Kies je poppetje;Kies jou karakter;Zgjidh personazhin;ገጸ ባሕሪህን ምረጥ;اختر شخصيتك;Ընտրիր քո կերպարին;তোমাৰ চৰিত্ৰ বাছা;Personajını seç;Aukeratu pertsonaia;তোমার চরিত্র বেছে নাও;ကိုယ့်ဇာတ်ကောင်ကို ရွေးပါ;Izaberi lik;Избери герой;Tria el teu personatge;选择你的角色;Vælg din figur;Wähle deine Figur;Vali oma tegelane;Vel tína figur;Valitse hahmosi;Choisis ton personnage;Escolle o teu personaxe;აირჩიე პერსონაჟი;Διάλεξε χαρακτήρα;તમારું પાત્ર પસંદ કરો;בחרו דמות;अपना पात्र चुनें;Válassz figurát;Roghnaigh do charachtar;Veldu persónu;Pilih karaktermu;Scegli il personaggio;キャラクターをえらぼう;ನಿನ್ನ ಪಾತ್ರವನ್ನು ಆರಿಸು;Кейіпкеріңді таңда;ជ្រើសតួអង្គរបស់អ្នក;캐릭터를 골라요;Odaberi svog lika;ເລືອກຕົວລະຄອນ;Izvēlies tēlu;Pasirink veikėją;Избери лик;Pilih watak;നിന്റെ കഥാപാത്രം തിരഞ്ഞെടുക്കൂ;तुझं पात्र निवड;Дүрээ сонго;आफ्नो पात्र छान;Velg figur;Обери героя;ତୁମ ପାତ୍ର ବାଛ;قەھرىمانىڭنى تاللا;Qahramoningni tanla;شخصیتت را انتخاب کن;Wybierz postać;Escolhe a tua personagem;ਆਪਣਾ ਕਿਰਦਾਰ ਚੁਣੋ;Alege personajul;Выбери героя;Izaberi lika;ඔබේ චරිතය තෝරන්න;Vyber si postavičku;Izberi junaka;Elige tu personaje;Chagua mhusika wako;ඔබේ චරිතය තෝරන්න;உன் கதாபாத்திரத்தைத் தேர்ந்தெடு;เลือกตัวละคร;ཁྱེད་ཀྱི་མི་སྣ་འདེམས།;Vyber si postavičku;Karakterini seç;اپنا کردار چنیں;Chọn nhân vật;Dewis dy gymeriad;Выберы свайго героя;Khetha umlingiswa wakho;Välj figur
common.back;;Small button or label. Keep it very short. English is 4 characters. Try to stay close to that.;Back;Terug;Terug;Mbrapa;ተመለስ;رجوع;Հետ;পিছলৈ;Geri;Atzera;পেছনে;နောက်သို့;Natrag;Назад;Enrere;返回;Tilbage;Zurück;Tagasi;Aftur;Takaisin;Retour;Atrás;უკან;Πίσω;પાછળ;חזרה;वापस;Vissza;Siar;Til baka;Kembali;Indietro;もどる;ಹಿಂದೆ;Артқа;ថយក្រោយ;뒤로;Natrag;ກັບ;Atpakaļ;Atgal;Назад;Kembali;പിന്നോട്ട്;मागे;Буцах;पछाडि;Tilbake;Назад;ପଛକୁ;قايت;Orqaga;برگشت;Wstecz;Voltar;ਪਿੱਛੇ;Înapoi;Назад;Nazad;ආපසු;Späť;Nazaj;Atrás;Rudi;ආපසු;பின்;กลับ;ཕྱིར་ལོག;Zpět;Geri;واپس;Quay lại;Nôl;Назад;Emuva;Tillbaka
common.cancel;;Small button or label. Keep it very short. English is 6 characters. Try to stay close to that.;Cancel;Annuleer;Kanselleer;Anulo;ሰርዝ;إلغاء;Չեղարկել;বাতিল;Ləğv et;Utzi;বাতিল;မလုပ်တော့;Otkaži;Отказ;Cancel·la;取消;Annuller;Abbrechen;Loobu;Angra;Peruuta;Annuler;Cancelar;გაუქმება;Ακύρωση;રદ કરો;ביטול;रद्द करें;Mégse;Cealaigh;Hætta við;Batal;Annulla;キャンセル;ರದ್ದು;Бас тарту;បោះបង់;취소;Odustani;ຍົກເລີກ;Atcelt;Atšaukti;Откажи;Batal;റദ്ദാക്കുക;रद्द;Цуцлах;रद्द;Avbryt;Скасувати;ବାତିଲ୍;بىكار قىل;Bekor qilish;لغو;Anuluj;Cancelar;ਰੱਦ ਕਰੋ;Anulează;Отмена;Otkaži;අවලංගු;Zrušiť;Prekliči;Cancelar;Ghairi;අවලංගු;ரத்துசெய்;ยกเลิก;ཕྱིར་འཐེན;Zrušit;İptal;منسوخ;Hủy;Canslo;Скасаваць;Khansela;Avbryt
common.continue;;Small button or label. Keep it very short. English is 8 characters. Try to stay close to that.;Continue;Verder;Gaan voort;Vazhdo;ቀጥል;متابعة;Շարունակել;আগলৈ;Davam et;Jarraitu;এগিয়ে;ဆက်ရန်;Nastavi;Напред;Continua;继续;Fortsæt;Weiter;Jätka;Víðari;Jatka;Continuer;Continuar;გაგრძელება;Συνέχεια;આગળ;המשך;आगे;Tovább;Ar aghaidh;Áfram;Lanjut;Continua;つづける;ಮುಂದೆ;Жалғастыру;បន្ត;계속;Nastavi;ຕໍ່ໄປ;Turpināt;Tęsti;Продолжи;Teruskan;തുടരുക;पुढे;Үргэлжлүүлэх;अगाडि;Fortsett;Далі;ଆଗକୁ;داۋاملاشتۇر;Davom et;ادامه;Dalej;Continuar;ਅੱਗੇ;Continuă;Дальше;Nastavi;ඉදිරියට;Ďalej;Naprej;Continuar;Endelea;ඉදිරියට;தொடர்;ต่อไป;མུ་མཐུད;Pokračovat;Devam;جاری;Tiếp tục;Parhau;Далей;Qhubeka;Fortsätt
common.done;;Small button or label. Keep it very short. English is 4 characters. Try to stay close to that.;Done;Klaar;Klaar;Gati;ጨርሷል;تم;Պատրաստ է;হ’ল;Hazır;Eginda;হয়ে গেছে;ပြီးပြီ;Gotovo;Готово;Fet;完成;Færdig;Fertig;Valmis;Liðugt;Valmis;Terminé;Feito;მზადაა;Έτοιμο;થઈ ગયું;סיום;हो गया;Kész;Déanta;Búið;Selesai;Fatto;できた;ಆಯಿತು;Дайын;រួចរាល់;완료;Gotovo;ສຳເລັດ;Gatavs;Baigta;Готово;Selesai;പൂർത്തിയായി;झालं;Боллоо;सकियो;Ferdig;Готово;ହେଲା;بولدى;Tayyor;تمام;Gotowe;Pronto;ਹੋ ਗਿਆ;Gata;Готово;Gotovo;හරි;Hotovo;Končano;Listo;Tayari;හරි;முடிந்தது;เสร็จ;ཚར;Hotovo;Bitti;ہو گیا;Xong;Wedi gorffen;Гатова;Kwenziwe;Klar
common.minutesShort %lld %lld;;"Small button or label. Keep it very short. Keep the placeholders exactly (%lld); the app fills them with numbers/text at runtime. You may reorder them to fit natural word order. English is 13 characters. Try to stay close to that.";%lld/%lld min;%lld/%lld min;%lld/%lld min;%lld/%lld min;%lld/%lld ደቂቃ;%lld/%lld د;%lld/%lld ր;%lld/%lld মিনিট;%lld/%lld dəq;%lld/%lld min;%lld/%lld মিনিট;%lld/%lld မိနစ်;%lld/%lld min;%lld/%lld мин;%lld/%lld min;%lld/%lld 分钟;%lld/%lld min;%lld/%lld Min.;%lld/%lld min;%lld/%lld min;%lld/%lld min;%lld/%lld min;%lld/%lld min;%lld/%lld წთ;%lld/%lld λεπ.;%lld/%lld મિનિટ;%lld/%lld דק׳;%lld/%lld मिनट;%lld/%lld perc;%lld/%lld nóim;%lld/%lld mín.;%lld/%lld mnt;%lld/%lld min;%lld/%lld分;%lld/%lld ನಿಮಿ;%lld/%lld мин;%lld/%lld នាទី;%lld/%lld분;%lld/%lld min;%lld/%lld ນາທີ;%lld/%lld min;%lld/%lld min;%lld/%lld мин;%lld/%lld min;%lld/%lld മിനിറ്റ്;%lld/%lld मि.;%lld/%lld мин;%lld/%lld मिनेट;%lld/%lld min;%lld/%lld хв;%lld/%lld ମିନିଟ୍;%lld/%lld مىن;%lld/%lld daq;%lld/%lld دقیقه;%lld/%lld min;%lld/%lld min;%lld/%lld ਮਿੰਟ;%lld/%lld min;%lld/%lld мин;%lld/%lld min;%lld/%lld මිනි;%lld/%lld min;%lld/%lld min;%lld/%lld min;%lld/%lld min;%lld/%lld මිනි;%lld/%lld நிமி;%lld/%lld นาที;%lld/%lld སྐར་མ;%lld/%lld min;%lld/%lld dk;%lld/%lld منٹ;%lld/%lld phút;%lld/%lld mun;%lld/%lld хв;%lld/%lld imin;%lld/%lld min
common.save;;Small button or label. Keep it very short. English is 4 characters. Try to stay close to that.;Save;Bewaar;Stoor;Ruaj;አስቀምጥ;حفظ;Պահել;সংৰক্ষণ;Yadda saxla;Gorde;সংরক্ষণ;သိမ်းရန်;Sačuvaj;Запази;Desa;保存;Gem;Speichern;Salvesta;Goym;Tallenna;Enregistrer;Gardar;შენახვა;Αποθήκευση;સાચવો;שמירה;सहेजें;Mentés;Sábháil;Vista;Simpan;Salva;ほぞん;ಉಳಿಸು;Сақтау;រក្សាទុក;저장;Spremi;ບັນທຶກ;Saglabāt;Išsaugoti;Зачувај;Simpan;സേവ്;जतन;Хадгалах;सेभ;Lagre;Зберегти;ସେଭ୍;ساقلا;Saqlash;ذخیره;Zapisz;Guardar;ਸੰਭਾਲੋ;Salvează;Сохранить;Sačuvaj;සුරකින්න;Uložiť;Shrani;Guardar;Hifadhi;සුරකින්න;சேமி;บันทึก;ཉར;Uložit;Kaydet;محفوظ کریں;Lưu;Cadw;Захаваць;Londoloza;Spara
developerMode.accessibilityHint;;VoiceOver label (not shown on screen). Favour clarity over brevity. English is 52 characters. Try to stay close to that.;Press and hold for 2 seconds to open developer mode.;Houd 2 seconden ingedrukt voor ontwikkelaarsmodus.;Druk en hou vir 2 sekondes om ontwikkelaarmodus oop te maak.;Mbaje shtypur për 2 sekonda për të hapur modalitetin e zhvilluesit.;የገንቢ ሁነታን ለመክፈት ለ2 ሰከንድ ተጭነህ ያዝ።;اضغط مطولًا لمدة ثانيتين لفتح وضع المطوّر.;Սեղմած պահիր 2 վայրկյան՝ մշակողի ռեժիմը բացելու համար։;ডেভেলপাৰ মোড খোলিবলৈ ২ ছেকেণ্ড ধৰি ৰাখা।;Tərtibatçı rejimini açmaq üçün 2 saniyə basıb saxla.;Eduki sakatuta 2 segundoz garatzaile-modua irekitzeko.;ডেভেলপার মোড খুলতে ২ সেকেন্ড চেপে ধরো।;တီထွင်သူမုဒ်ဖွင့်ရန် ၂ စက္ကန့် ဖိထားပါ။;Pritisni i drži 2 sekunde za razvojni način.;Задръж за 2 секунди, за да отвориш режима за разработчици.;Mantén premut durant 2 segons per obrir el mode desenvolupador.;长按 2 秒打开开发者模式。;Hold nede i 2 sekunder for at åbne udviklertilstand.;Halte 2 Sekunden gedrückt, um den Entwicklermodus zu öffnen.;Arendajarežiimi avamiseks hoia 2 sekundit all.;Halt inni í 2 sekund fyri at lata menningarstøðu upp.;Avaa kehittäjätila pitämällä painettuna 2 sekuntia.;Maintiens appuyé pendant 2 secondes pour ouvrir le mode développeur.;Mantén premido 2 segundos para abrir o modo de desenvolvemento.;დეველოპერის რეჟიმის გასახსნელად 2 წამით დააჭირე.;Κράτησέ το πατημένο για 2 δευτερόλεπτα για να ανοίξεις τη λειτουργία προγραμματιστή.;ડેવલપર મોડ ખોલવા 2 સેકન્ડ દબાવી રાખો.;לחצו לחיצה ארוכה במשך 2 שניות כדי לפתוח מצב מפתחים.;डेवलपर मोड खोलने के लिए 2 सेकंड दबाकर रखें।;Tartsd nyomva 2 másodpercig a fejlesztői mód megnyitásához.;Brúigh agus coinnigh ar feadh 2 shoicind chun mód an fhorbróra a oscailt.;Haltu inni í 2 sekúndur til að opna þróunarstillingu.;Tekan dan tahan selama 2 detik untuk membuka mode pengembang.;Tieni premuto per 2 secondi per aprire la modalità sviluppatore.;2秒間長押しすると、開発者モードが開きます。;ಡೆವಲಪರ್ ಮೋಡ್ ತೆರೆಯಲು 2 ಸೆಕೆಂಡ್ ಒತ್ತಿಹಿಡಿ.;Әзірлеуші режимін ашу үшін 2 секунд басып тұрыңыз.;ចុចឱ្យជាប់ 2 វិនាទី ដើម្បីបើករបៀបអ្នកអភិវឌ្ឍន៍។;개발자 모드를 열려면 2초 동안 길게 누르세요.;Pritisni i drži 2 sekunde za otvaranje razvojnog načina.;ກົດຄ້າງ 2 ວິນາທີເພື່ອເປີດໂໝດນັກພັດທະນາ.;Turiet nospiestu 2 sekundes, lai atvērtu izstrādātāja režīmu.;Palaikyk nuspaudęs 2 sekundes, kad atidarytum kūrėjo režimą.;Притисни и држи 2 секунди за да го отвориш режимот за програмери.;Tekan dan tahan selama 2 saat untuk membuka mod pembangun.;ഡെവലപ്പർ മോഡ് തുറക്കാൻ 2 സെക്കൻഡ് അമർത്തിപ്പിടിക്കുക.;डेव्हलपर मोड उघडण्यासाठी 2 सेकंद दाबून ठेवा.;Хөгжүүлэгчийн горимыг нээхийн тулд 2 секунд дар.;डेभलपर मोड खोल्न २ सेकेन्ड थिचिराख्नुहोस्।;Hold inne i 2 sekunder for å åpne utviklermodus.;Натисни й утримуй 2 секунди, щоб відкрити режим розробника.;ଡେଭେଲପର୍ ମୋଡ୍ ଖୋଲିବାକୁ 2 ସେକେଣ୍ଡ ଧରି ରଖ।;ئىجادكار ھالىتىنى ئېچىش ئۈچۈن 2 سېكۇنت بېسىپ تۇرۇڭ.;Dasturchi rejimini ochish uchun 2 soniya bosib turing.;برای باز کردن حالت توسعه‌دهنده، ۲ ثانیه نگه دارید.;Przytrzymaj przez 2 sekundy, aby otworzyć tryb deweloperski.;Mantém premido durante 2 segundos para abrir o modo de programador.;ਡਿਵੈਲਪਰ ਮੋਡ ਖੋਲ੍ਹਣ ਲਈ 2 ਸਕਿੰਟ ਦਬਾ ਕੇ ਰੱਖੋ।;Ține apăsat 2 secunde pentru a deschide modul dezvoltator.;Нажмите и удерживайте 2 секунды, чтобы открыть режим разработчика.;Drži 2 sekunde da otvoriš režim za programere.;සංවර්ධක මාදිලිය විවෘත කිරීමට තත්පර 2ක් ඔබාගෙන සිටින්න.;Podrž 2 sekundy a otvoríš režim vývojára.;Pritisni in drži 2 sekundi, da odpreš razvijalski način.;Mantén pulsado 2 segundos para abrir el modo desarrollador.;Bonyeza na ushikilie kwa sekunde 2 kufungua hali ya msanidi.;සංවර්ධක මාදිලිය විවෘත කිරීමට තත්පර 2ක් ඔබාගෙන සිටින්න.;டெவலப்பர் முறையைத் திறக்க 2 விநாடிகள் அழுத்திப் பிடிக்கவும்.;กดค้าง 2 วินาทีเพื่อเปิดโหมดนักพัฒนา;བཟོ་མཁན་རྣམ་པ་ཁ་ཕྱེ་བར་སྐར་ཆ་2 མནན་ནས་སྡོད།;Podrž 2 sekundy pro otevření vývojářského režimu.;Geliştirici modunu açmak için 2 saniye basılı tut.;ڈیولپر موڈ کھولنے کے لیے 2 سیکنڈ دبائے رکھیں۔;Nhấn giữ 2 giây để mở chế độ nhà phát triển.;Pwysa a dal am 2 eiliad i agor modd datblygwr.;Націсні і ўтрымлівай 2 секунды, каб адкрыць рэжым распрацоўшчыка.;Cindezela ubambe imizuzwana engu-2 ukuze uvule imodi yonjiniyela.;Håll intryckt i 2 sekunder för att öppna utvecklarläget.
developerMode.title;;Heading. Short and punchy. English is 14 characters. Try to stay close to that.;Developer mode;Ontwikkelaarsmodus;Ontwikkelaarmodus;Modaliteti i zhvilluesit;የገንቢ ሁነታ;وضع المطوّر;Մշակողի ռեժիմ;ডেভেলপাৰ মোড;Tərtibatçı rejimi;Garatzaile-modua;ডেভেলপার মোড;တီထွင်သူမုဒ်;Razvojni način;Режим за разработчици;Mode desenvolupador;开发者模式;Udviklertilstand;Entwicklermodus;Arendajarežiim;Menningarstøða;Kehittäjätila;Mode développeur;Modo desenvolvedor;დეველოპერის რეჟიმი;Λειτουργία προγραμματιστή;ડેવલપર મોડ;מצב מפתחים;डेवलपर मोड;Fejlesztői mód;Mód forbróra;Þróunarstilling;Mode pengembang;Modalità sviluppatore;開発者モード;ಡೆವಲಪರ್ ಮೋಡ್;Әзірлеуші режимі;របៀបអ្នកអភិវឌ្ឍន៍;개발자 모드;Razvojni način;ໂໝດນັກພັດທະນາ;Izstrādātāja režīms;Kūrėjo režimas;Режим за програмери;Mod pembangun;ഡെവലപ്പർ മോഡ്;डेव्हलपर मोड;Хөгжүүлэгчийн горим;डेभलपर मोड;Utviklermodus;Режим розробника;ଡେଭେଲପର୍ ମୋଡ୍;ئىجادكار ھالىتى;Dasturchi rejimi;حالت توسعه‌دهنده;Tryb deweloperski;Modo de programador;ਡਿਵੈਲਪਰ ਮੋਡ;Mod dezvoltator;Режим разработчика;Režim za programere;සංවර්ධක මාදිලිය;Režim vývojára;Razvijalski način;Modo desarrollador;Hali ya msanidi;සංවර්ධක මාදිලිය;டெவலப்பர் முறை;โหมดนักพัฒนา;བཟོ་མཁན་རྣམ་པ;Vývojářský režim;Geliştirici modu;ڈیولپر موڈ;Chế độ nhà phát triển;Modd datblygwr;Рэжым распрацоўшчыка;Imodi yonjiniyela;Utvecklarläge
filter.addition;;In-app text. English is 8 characters. Try to stay close to that.;Addition;Optellen;Optel;Mbledhje;መደመር;الجمع;Գումարում;যোগ;Toplama;Batuketa;যোগ;ပေါင်းခြင်း;Sabiranje;Събиране;Suma;加法;Addition;Addition;Liitmine;Samlegging;Yhteenlasku;Addition;Suma;მიმატება;Πρόσθεση;સરવાળો;חיבור;जोड़;Összeadás;Suimiú;Samlagning;Penjumlahan;Addizioni;たし算;ಕೂಡಿಸುವಿಕೆ;Қосу;បូក;덧셈;Zbrajanje;ການບວກ;Saskaitīšana;Sudėtis;Собирање;Tambah;കൂട്ടൽ;बेरीज;Нэмэх;जोड;Addisjon;Додавання;ଯୋଗ;قوشۇش;Qo‘shish;جمع;Dodawanie;Adição;ਜੋੜ;Adunare;Сложение;Sabiranje;එකතු කිරීම;Sčítanie;Seštevanje;Sumas;Kujumlisha;එකතු කිරීම;கூட்டல்;การบวก;སྣོན་རྩིས;Sčítání;Toplama;جمع;Phép cộng;Adio;Складанне;Ukuhlanganisa;Addition
filter.fractions;;In-app text. English is 9 characters. Try to stay close to that.;Fractions;Breuken;Breuke;Thyesa;ክፍልፋዮች;الكسور;Կոտորակներ;ভগ্নাংশ;Kəsrlər;Zatikiak;ভগ্নাংশ;အပိုင်းကိန်း;Razlomci;Дроби;Fraccions;分数;Brøker;Brüche;Murrud;Brot;Murtoluvut;Fractions;Fraccións;წილადები;Κλάσματα;અપૂર્ણાંક;שברים;भिन्न;Törtek;Codáin;Brot;Pecahan;Frazioni;分数;ಭಿನ್ನರಾಶಿಗಳು;Бөлшектер;ប្រភាគ;분수;Razlomci;ເສດສ່ວນ;Daļskaitļi;Trupmenos;Дропки;Pecahan;ഭിന്നങ്ങൾ;अपूर्णांक;Бутархай;भिन्न;Brøker;Дроби;ଭଗ୍ନାଂଶ;كەسىرلەر;Kasrlar;کسرها;Ułamki;Frações;ਭਿੰਨਾਂ;Fracții;Дроби;Razlomci;භාග;Zlomky;Ulomki;Fracciones;Sehemu;භාග;பின்னங்கள்;เศษส่วน;ཆ་ཤས;Zlomky;Kesirler;کسر;Phân số;Ffracsiynau;Дробы;Amaqhezu;Bråk
filter.mixed;;In-app text. English is 8 characters. Try to stay close to that.;Supermix;Supermix;Supermengsel;Supermix;ሱፐርሚክስ;المزيج الكبير;Սուպերխառնուրդ;ছুপাৰমিক্স;Superqarışıq;Supermix;সুপারমিক্স;စူပါပေါင်းစပ်;Supermiks;Супермикс;Supermix;超级混合;Supermix;Supermix;Supermix;Superbland;Supermix;Supermix;Supermix;სუპერმიქსი;Σούπερ μίξη;સુપરમિક્સ;סופרמיקס;सुपरमिक्स;Szupermix;Sármheascán;Ofurblanda;Supermix;Supermix;スーパーミックス;ಸೂಪರ್‌ಮಿಕ್ಸ್;Супераралас;លាយធំ;슈퍼믹스;Supermiks;ຊຸບເປີມິກ;Supermikss;Supermix;Супермикс;Supermix;സൂപ്പർമിക്സ്;सुपरमिक्स;Супермикс;सुपरमिक्स;Supermiks;Супермікс;ସୁପରମିକ୍ସ;دەرىجىدىن تاشقىرى ئارىلاش;Supermix;ترکیب ویژه;Supermix;Supermix;ਸੁਪਰਮਿਕਸ;Supermix;Супермикс;Supermiks;සුපිරි මිශ්‍රණය;Supermix;Supermešanica;Supermix;Mchanganyiko;සුපිරි මිශ්‍රණය;சூப்பர் கலவை;ซูเปอร์มิกซ์;རྩིས་རིགས་འདྲེས་མ;Supermix;Süper karışım;سپر مکس;Siêu trộn;Supermix;Супермікс;Ingxube enkulu;Supermix
filter.percentages;;In-app text. English is 11 characters. Try to stay close to that.;Percentages;Procenten;Persentasies;Përqindje;መቶኛ;النسب المئوية;Տոկոսներ;শতাংশ;Faizlər;Ehunekoak;শতকরা;ရာခိုင်နှုန်း;Postoci;Проценти;Percentatges;百分数;Procenter;Prozente;Protsendid;Prosent;Prosentit;Pourcentages;Porcentaxes;პროცენტები;Ποσοστά;ટકાવારી;אחוזים;प्रतिशत;Százalékok;Céatadáin;Prósentur;Persentase;Percentuali;パーセント;ಶೇಕಡಾವಾರು;Пайыздар;ភាគរយ;백분율;Postoci;ເປີເຊັນ;Procenti;Procentai;Проценти;Peratus;ശതമാനങ്ങൾ;टक्केवारी;Хувь;प्रतिशत;Prosent;Відсотки;ଶତକଡ଼ା;پىرسەنتلەر;Foizlar;درصدها;Procenty;Percentagens;ਪ੍ਰਤੀਸ਼ਤ;Procente;Проценты;Procenti;ප්‍රතිශත;Percentá;Odstotki;Porcentajes;Asilimia;ප්‍රතිශත;சதவீதங்கள்;เปอร์เซ็นต์;བརྒྱ་ཆ;Procenta;Yüzdeler;فی صد;Phần trăm;Canrannau;Працэнты;Amaphesenti;Procent
filter.subtraction;;In-app text. English is 11 characters. Try to stay close to that.;Subtraction;Aftrekken;Aftrek;Zbritje;መቀነስ;الطرح;Հանում;বিয়োগ;Çıxma;Kenketa;বিয়োগ;နုတ်ခြင်း;Oduzimanje;Изваждане;Resta;减法;Subtraktion;Subtraktion;Lahutamine;Frádráttur;Vähennyslasku;Soustraction;Resta;გამოკლება;Αφαίρεση;બાદબાકી;חיסור;घटाव;Kivonás;Dealú;Frádráttur;Pengurangan;Sottrazioni;ひき算;ಕಳೆಯುವಿಕೆ;Азайту;ដក;뺄셈;Oduzimanje;ການລົບ;Atņemšana;Atimtis;Одземање;Tolak;കുറയ്ക്കൽ;वजाबाकी;Хасах;घटाउ;Subtraksjon;Віднімання;ବିୟୋଗ;ئېلىش;Ayirish;تفریق;Odejmowanie;Subtração;ਘਟਾਓ;Scădere;Вычитание;Oduzimanje;අඩු කිරීම;Odčítanie;Odštevanje;Restas;Kutoa;අඩු කිරීම;கழித்தல்;การลบ;འཐེན་རྩིས;Odčítání;Çıkarma;تفریق;Phép trừ;Tynnu;Адніманне;Ukususa;Subtraktion
filter.tables;;In-app text. English is 6 characters. Try to stay close to that.;Tables;Tafels;Maaltafels;Tabelat;የማባዛት ሰንጠረዦች;جداول الضرب;Աղյուսակներ;পূৰণৰ নামতা;Vurma cədvəlləri;Taulak;নামতা;မြှောက်ကိန်းဇယား;Tablice;Таблици;Taules;乘法表;Tabeller;Reihen;Korrutustabelid;Tabellir;Kertotaulut;Tables;Táboas;გამრავლების ტაბულა;Προπαίδεια;પાડા;לוח הכפל;पहाड़े;Szorzótáblák;Táblaí;Margföldun;Perkalian;Tabelline;九九;ಗುಣಾಕಾರ ಪಟ್ಟಿಗಳು;Көбейту кестесі;តារាងគុណ;구구단;Tablica množenja;ສູດຄູນ;Reizināšana;Daugybos lentelės;Таблици;Sifir;ഗുണനപ്പട്ടികകൾ;पाढे;Үржүүлэхийн хүрд;गुणन तालिका;Gangetabeller;Таблиці;ନାମତା;كۆپەيتىش جەدۋىلى;Ko‘paytirish jadvali;جدول ضرب;Tabliczka;Tabuadas;ਪਹਾੜੇ;Tabla înmulțirii;Таблицы;Tablice;ගුණන වගු;Násobilka;Poštevanka;Tablas;Majedwali;ගුණන වගු;வாய்ப்பாடுகள்;สูตรคูณ;སྒྱུར་རྩིས;Násobilka;Çarpım tabloları;پہاڑے;Bảng nhân;Tablau;Табліцы;Amathebula;Tabeller
game.accessibility.mix;;VoiceOver label (not shown on screen). Favour clarity over brevity. English is 3 characters. Try to stay close to that.;Mix;Mix;Mengsel;Përzierje;ድብልቅ;مزيج;Խառնուրդ;মিক্স;Qarışıq;Nahasketa;মিক্স;ပေါင်းစပ်;Miks;Микс;Mix;混合;Mix;Mix;Segu;Bland;Sekoitus;Mix;Mestura;მიქსი;Μίξη;મિશ્રણ;ערבוב;मिक्स;Mix;Meascán;Blanda;Campuran;Mix;ミックス;ಮಿಕ್ಸ್;Аралас;លាយ;믹스;Miks;ປະສົມ;Mikss;Mišinys;Микс;Campur;മിക്സ്;मिक्स;Холимог;मिक्स;Miks;Мікс;ମିକ୍ସ;ئارىلاش;Aralash;ترکیبی;Mix;Mistura;ਮਿਕਸ;Mix;Микс;Miks;මිශ්‍රණය;Mix;Mešanica;Mezcla;Mchanganyiko;මිශ්‍රණය;கலவை;ผสม;འདྲེས་མ;Mix;Karışım;مکس;Trộn;Cymysgedd;Мікс;Ingxube;Mix
game.accessibility.scoreOutOf %lld %lld;;"VoiceOver label (not shown on screen). Favour clarity over brevity. Keep the placeholders exactly (%lld); the app fills them with numbers/text at runtime. You may reorder them to fit natural word order. English is 16 characters. Try to stay close to that.";%lld out of %lld;%lld van %lld;%lld uit %lld;%lld nga %lld;ከ%lld ውስጥ %lld;%lld من %lld;%lld՝ %lld-ից;%lld ৰ ভিতৰত %lld;%lld-dən %lld;%lld / %lld;%lld-এর মধ্যে %lld;%lld မှ %lld;%lld od %lld;%lld от %lld;%lld de %lld;%lld，共 %lld;%lld ud af %lld;%lld von %lld;%lld / %lld;%lld av %lld;%lld/%lld;%lld sur %lld;%lld de %lld;%lld / %lld;%lld από %lld;%lld માંથી %lld;%lld מתוך %lld;%lld/%lld;%lld / %lld;%lld as %lld;%lld af %lld;%lld dari %lld;%lld su %lld;%lld／%lld;%lld/%lld;%lld / %lld;%lld ក្នុងចំណោម %lld;%lld개 중 %lld개;%lld od %lld;%lld ຈາກ %lld;%lld no %lld;%lld iš %lld;%lld од %lld;%lld daripada %lld;%lldൽ %lld;%lld पैकी %lld;%lld-аас %lld;%lld मध्ये %lld;%lld av %lld;%lld з %lld;%lld ମଧ୍ୟରୁ %lld;%lld دىن %lld;%lld tadan %lld ta;%lld از %lld;%lld z %lld;%lld de %lld;%lld ਵਿੱਚੋਂ %lld;%lld din %lld;%lld из %lld;%lld od %lld;%lld න් %lld;%lld z %lld;%lld od %lld;%lld de %lld;%lld kati ya %lld;%lld න් %lld;%lld / %lld;%lld จาก %lld;%lld ནས་ %lld;%lld z %lld;%lld/%lld;%lld میں سے %lld;%lld trên %lld;%lld allan o %lld;%lld з %lld;%lld kokungu-%lld;%lld av %lld
game.encouragement.0;;In-app text. English is 8 characters. Try to stay close to that.;Good try;Goed geprobeerd;Mooi probeer;Përpjekje e mirë;ጥሩ ሙከራ;محاولة جيدة;Լավ փորձ էր;ভাল চেষ্টা;Yaxşı cəhd;Saiakera ona;ভালো চেষ্টা;ကြိုးစားတာ ကောင်းတယ်;Dobar pokušaj;Добър опит;Bon intent;不错的尝试;Godt forsøgt;Guter Versuch;Tubli katse;Gott roynt;Hyvä yritys;Bien essayé;Bo intento;კარგი ცდაა;Καλή προσπάθεια;સારો પ્રયાસ;ניסיון יפה;अच्छी कोशिश;Szép próbálkozás;Iarracht mhaith;Góð tilraun;Usaha bagus;Bel tentativo;よくがんばったね;ಒಳ್ಳೆಯ ಪ್ರಯತ್ನ;Жақсы талпыныс;ព្យាយាមបានល្អ;잘했어요;Dobar pokušaj;ລອງໄດ້ດີ;Labs mēģinājums;Geras bandymas;Добар обид;Cubaan bagus;നല്ല ശ്രമം;छान प्रयत्न;Сайн оролдлоо;राम्रो प्रयास;Godt forsøk;Гарна спроба;ଭଲ ଚେଷ୍ଟା;ياخشى سىناق;Yaxshi urinish;تلاش خوبی بود;Dobra próba;Boa tentativa;ਵਧੀਆ ਕੋਸ਼ਿਸ਼;Bună încercare;Хорошая попытка;Dobar pokušaj;හොඳ උත්සාහයක්;Dobrý pokus;Dober poskus;Buen intento;Umejaribu vizuri;හොඳ උත්සාහයක්;நல்ல முயற்சி;พยายามได้ดี;ཚོད་ལྟ་ཡག་པོ།;Dobrý pokus;Güzel deneme;اچھی کوشش;Cố gắng tốt;Cais da;Добрая спроба;Uzamile kahle;Bra försök
game.encouragement.1;;In-app text. English is 12 characters. Try to stay close to that.;It's a start;Het begin is er;Dis ’n begin;Është një fillim;ጥሩ ጅምር;بداية موفقة;Սա սկիզբն է;আৰম্ভণি হৈছে;Başlanğıcdır;Hasiera bat da;শুরু তো হলো;စတင်နိုင်ပြီ;To je početak;Добро начало;És un començament;这是个好开始;Det er en start;Ein guter Anfang;Algus on tehtud;Ein góð byrjan;Hyvä alku;C’est un début;É un comezo;დასაწყისი კარგია;Μια καλή αρχή;શરૂઆત તો થઈ;זו התחלה;अच्छी शुरुआत;Ez már valami;Sin tús maith;Þetta er byrjun;Awal yang bagus;È un buon inizio;いいスタート;ಇದು ಒಳ್ಳೆಯ ಆರಂಭ;Басы жаман емес;ជាការចាប់ផ្តើម;좋은 시작이에요;To je početak;ເລີ່ມໄດ້ດີ;Labs sākums;Tai jau pradžia;Добар почеток;Baru bermula;നല്ല തുടക്കം;चांगली सुरुवात;Сайхан эхлэл;सुरु त भयो;En god start;Це вже початок;ଭଲ ଆରମ୍ଭ;باشلىنىشى ياخشى;Boshlanishi yaxshi;شروع خوبی است;Dobry początek;É um começo;ਸ਼ੁਰੂਆਤ ਹੋ ਗਈ;E un început;Начало положено;Dobar početak;හොඳ ආරම්භයක්;To je začiatok;Dober začetek;Es un comienzo;Mwanzo mzuri;හොඳ ආරම්භයක්;நல்ல தொடக்கம்;เริ่มต้นได้ดี;འགོ་ཚུགས་སོང་།;Dobrý začátek;İyi bir başlangıç;اچھی شروعات;Khởi đầu tốt;Mae'n ddechrau;Добры пачатак;Yisiqalo;En bra början
game.encouragement.2;;In-app text. English is 15 characters. Try to stay close to that.;Keep practicing;Blijf oefenen;Hou aan oefen;Vazhdo të ushtrohesh;ልምምድህን ቀጥል;واصل التمرّن;Շարունակի՛ր փորձել;অভ্যাস কৰি থাকা;Məşqə davam et;Jarraitu praktikatzen;অনুশীলন চালিয়ে যাও;ဆက်လေ့ကျင့်ပါ;Nastavi vježbati;Продължавай да упражняваш;Continua practicant;继续练习;Bliv ved med at øve;Üb weiter;Harjuta edasi;Halt fram at venja;Jatka harjoittelua;Continue à t’entraîner;Segue practicando;განაგრძე ვარჯიში;Συνέχισε την εξάσκηση;અભ્યાસ ચાલુ રાખો;המשיכו להתאמן;अभ्यास करते रहो;Gyakorolj tovább;Lean ort ag cleachtadh;Haltu áfram að æfa;Terus berlatih;Continua ad allenarti;れんしゅうをつづけよう;ಅಭ್ಯಾಸ ಮುಂದುವರಿಸು;Жаттыға бер;បន្តហាត់ទៀត;계속 연습해요;Nastavi vježbati;ຝຶກຕໍ່ໄປ;Turpini trenēties;Mokykis toliau;Продолжи да вежбаш;Terus berlatih;പരിശീലിച്ചുകൊണ്ടിരിക്കുക;सराव करत राहा;Дахин давтаарай;अभ्यास गरिराख;Fortsett å øve;Тренуйся далі;ଅଭ୍ୟାସ ଜାରି ରଖ;داۋاملىق مەشىق قىل;Mashq qilishda davom et;به تمرین ادامه بده;Ćwicz dalej;Continua a praticar;ਅਭਿਆਸ ਕਰਦੇ ਰਹੋ;Continuă să exersezi;Продолжай тренироваться;Nastavi da vežbaš;දිගටම පුහුණු වන්න;Trénuj ďalej;Vadi še naprej;Sigue practicando;Endelea kufanya mazoezi;දිගටම පුහුණු වන්න;தொடர்ந்து பயிற்சி செய்;ฝึกต่อไปนะ;མུ་མཐུད་སྦྱོངས།;Trénuj dál;Çalışmaya devam;مشق جاری رکھیں;Tiếp tục luyện tập;Dalia ati i ymarfer;Працягвай вучыцца;Qhubeka uzijwayeza;Fortsätt öva
game.encouragement.3;;In-app text. English is 14 characters. Try to stay close to that.;Not bad at all;Lang niet slecht;Glad nie sleg nie;Aspak keq;መጥፎ አይደለም;ليس سيئًا;Բոլորովին վատ չէ;একেবাৰে বেয়া নহয়;Heç də pis deyil;Ez dago batere gaizki;মন্দ নয়;မဆိုးပါဘူး;Nije uopće loše;Изобщо не е зле;Gens malament;很不错哦;Slet ikke dårligt;Gar nicht schlecht;Pole üldse paha;Ikki so galið;Ei hassumpaa;Pas mal du tout;Non está nada mal;სულაც არაა ცუდი;Καθόλου άσχημα;બિલકુલ ખરાબ નથી;לא רע בכלל;बिल्कुल बुरा नहीं;Egyáltalán nem rossz;Ní dona ar chor ar bith;Alls ekki slæmt;Lumayan juga;Niente male;なかなかいいね;ತುಂಬಾ ಕೆಟ್ಟಿಲ್ಲ;Жаман емес;មិនអន់ទេ;꽤 잘했어요;Uopće nije loše;ບໍ່ຮ້າຍເລີຍ;Nemaz nav slikti;Visai neblogai;Воопшто не е лошо;Boleh tahan;ഒട്ടും മോശമല്ല;अगदीच वाईट नाही;Муугүй шүү;नराम्रो छैन;Ikke verst;Зовсім непогано;ମୋଟେ ଖରାପ ନୁହେଁ;يامان ئەمەس;Yomon emas;اصلاً بد نبود;Całkiem nieźle;Nada mal;ਬਿਲਕੁਲ ਮਾੜਾ ਨਹੀਂ;Nu e rău deloc;Совсем неплохо;Uopšte nije loše;නරකම නැහැ;Vôbec nie zlé;Sploh ni slabo;Nada mal;Si vibaya hata kidogo;නරකම නැහැ;மோசமில்லை;ไม่เลวเลย;དེ་ཙམ་ངན་པ་མ་རེད།;Vůbec ne špatné;Hiç fena değil;بالکل برا نہیں;Không tệ chút nào;Ddim yn ddrwg o gwbl;Зусім нядрэнна;Akukubi neze;Inte alls illa
game.encouragement.4;;In-app text. English is 10 characters. Try to stay close to that.;Doing well;Goed bezig;Jy doen goed;Po ecën mirë;ጥሩ እየሠራህ ነው;أداء جيد;Լավ ես անում;ভাল কৰি আছা;Əla gedirsən;Oso ondo;ভালো করছ;ကောင်းကောင်းလုပ်နေတယ်;Dobro ti ide;Справяш се добре;Ho fas bé;做得不错;Godt på vej;Gut gemacht;Sul läheb hästi;Tað gongur væl;Hyvin menee;Tu te débrouilles bien;Vas moi ben;კარგად მიდიხარ;Τα πας καλά;ખૂબ સારું;כל הכבוד;बहुत अच्छा;Jól haladsz;Ag éirí go maith leat;Vel gert;Bagus sekali;Stai andando bene;いいかんじ;ಚೆನ್ನಾಗಿ ಮಾಡುತ್ತಿದ್ದೀಯ;Жақсы орындаудасың;ធ្វើបានល្អ;잘하고 있어요;Dobro ti ide;ເຮັດໄດ້ດີ;Tev labi sanāk;Puikiai sekasi;Одлично ти оди;Bagus;നന്നായി ചെയ്യുന്നു;छान चाललंय;Сайн байна;राम्रो गर्दैछौ;Bra jobbet;Добре виходить;ଭଲ କରୁଛ;ياخشى كېتىۋاتىسەن;Yaxshi ketyapti;آفرین، خوب پیش می‌روی;Dobrze ci idzie;Muito bem;ਵਧੀਆ ਕਰ ਰਹੇ ਹੋ;Te descurci bine;Отлично идёт;Dobro ti ide;හොඳට කරනවා;Darí sa ti;Dobro ti gre;Vas muy bien;Unafanya vizuri;හොඳට කරනවා;நன்றாக செய்கிறாய்;ทำได้ดี;ཡག་པོ་འགྲོ་གི་འདུག;Jde ti to;İyi gidiyorsun;بہت خوب;Làm tốt lắm;Da iawn;Добра ідзе;Wenza kahle;Bra jobbat
game.encouragement.5;;In-app text. English is 16 characters. Try to stay close to that.;Nice performance;Mooie prestatie;Mooi gedoen;Rezultat i bukur;ጥሩ ውጤት;أداء رائع;Հիանալի արդյունք;সুন্দৰ খেলিলা;Gözəl nəticə;Emaitza polita;দারুণ ফল;ကောင်းမွန်တဲ့ စွမ်းဆောင်မှု;Lijep rezultat;Чудесен резултат;Bona actuació;表现真棒;Flot klaret;Schöne Leistung;Hea tulemus;Flott avrik;Hieno suoritus;Belle performance;Boa actuación;კარგი შედეგია;Ωραία επίδοση;સરસ પ્રદર્શન;ביצוע יפה;शानदार प्रदर्शन;Szép teljesítmény;Sár-obair;Flott frammistaða;Permainan bagus;Bella prova;いいできだね;ಚೆನ್ನಾದ ಸಾಧನೆ;Керемет нәтиже;លទ្ធផលល្អ;멋진 실력이에요;Lijep rezultat;ຜົນງານດີ;Lielisks sniegums;Puikus rezultatas;Убав резултат;Prestasi bagus;മികച്ച പ്രകടനം;छान कामगिरी;Сайхан тоглолоо;राम्रो प्रदर्शन;Flott innsats;Чудовий результат;ସୁନ୍ଦର ପ୍ରଦର୍ଶନ;قالتىس نەتىجە;Zo‘r natija;عملکرد خوبی بود;Świetny wynik;Belo resultado;ਵਧੀਆ ਪ੍ਰਦਰਸ਼ਨ;Rezultat frumos;Хороший результат;Lep rezultat;ලස්සන දක්ෂතාවක්;Pekný výkon;Lep dosežek;Buena actuación;Umefanya vizuri;ලස්සන දක්ෂතාවක්;அருமையான ஆட்டம்;ผลงานเยี่ยม;ཡག་པོ་བྱས་སོང་།;Pěkný výkon;Güzel başarı;اچھی کارکردگی;Thành tích đẹp;Perfformiad gwych;Выдатны вынік;Umsebenzi omuhle;Snyggt jobbat
game.encouragement.6;;In-app text. English is 9 characters. Try to stay close to that.;Well done;Knap gedaan;Goed gedoen;Të lumtë;ጎበዝ;أحسنت;Ապրե՛ս;বঢ়িয়া;Afərin;Ongi egina;শাবাশ;တော်တယ်;Bravo;Браво;Molt bé;做得好;Godt klaret;Klasse gemacht;Hästi tehtud;Væl gjørt;Hienosti tehty;Bravo;Moi ben;ყოჩაღ;Μπράβο;શાબાશ;עבודה מצוינת;शाबाश;Ügyes voltál;Maith thú;Vel gert;Hebat;Ben fatto;よくできました;ಚೆನ್ನಾಗಿ ಮಾಡಿದೆ;Жарайсың;ធ្វើបានល្អណាស់;참 잘했어요;Bravo;ເກັ່ງຫຼາຍ;Labi padarīts;Šaunuolis;Браво;Syabas;വളരെ നന്നായി;शाब्बास;Мундаг;स्याबास;Godt gjort;Молодець;ବହୁତ ଭଲ;يارايسەن;Barakalla;آفرین;Brawo;Muito bem;ਸ਼ਾਬਾਸ਼;Bravo;Молодец;Bravo;හොඳට කළා;Výborne;Odlično;¡Bien hecho!;Hongera;හොඳට කළා;சிறப்பாக செய்தாய்;เก่งมาก;ཧ་ཅང་ལེགས།;Výborně;Aferin;شاباش;Giỏi lắm;Da iawn ti;Малайчына;Wenze kahle;Toppen!
game.encouragement.7;;In-app text. English is 16 characters. Try to stay close to that.;Very well played;Heel goed gespeeld;Baie goed gespeel;Shumë mirë;በጣም ጥሩ;لعب رائع جدًا;Շատ լավ խաղացիր;খুব ভাল খেলিলা;Çox yaxşı oynadın;Bikain jokatu duzu;খুব ভালো খেলেছ;အရမ်းကောင်းတယ်;Odlično odigrano;Много добра игра;Molt ben jugat;玩得真棒;Virkelig flot spillet;Sehr gut gespielt;Väga hästi mängitud;Sera væl spælt;Todella hyvin;Très bien joué;Xogaches moi ben;ძალიან კარგად ითამაშე;Έπαιξες πολύ καλά;ખૂબ સરસ રમ્યા;משחק מעולה;बहुत बढ़िया खेले;Nagyon ügyes voltál;Ar fheabhas ar fad;Mjög vel gert;Permainanmu hebat;Hai giocato benissimo;とってもよくできたね;ತುಂಬಾ ಚೆನ್ನಾಗಿ ಆಡಿದೆ;Өте жақсы ойнадың;លេងបានល្អណាស់;정말 잘했어요;Odlično odigrano;ຫຼິ້ນໄດ້ດີຫຼາຍ;Ļoti labi nospēlēts;Labai gerai sužaista;Одлично одиграно;Sangat bagus;അതിമനോഹരമായി കളിച്ചു;खूप छान खेळलास;Маш сайн тоглолоо;एकदम राम्रो खेल्यौ;Kjempebra spilt;Дуже добре зіграно;ଖୁବ୍ ଭଲ ଖେଳିଲ;بەك ياخشى ئوينىدىڭ;Juda yaxshi o‘ynading;خیلی خوب بازی کردی;Świetnie ci poszło;Jogaste muito bem;ਬਹੁਤ ਵਧੀਆ ਖੇਡੇ;Foarte bine;Сыграно отлично;Odlično odigrano;ඉතා හොඳට කළා;Veľmi dobre;Zelo dobro odigrano;¡Jugaste genial!;Umecheza vizuri sana;ඉතා හොඳට කළා;மிகச் சிறப்பாக ஆடினாய்;เล่นได้เยี่ยม;ཧ་ཅང་ཡག་པོ་རྩེད་སོང་།;Moc pěkně;Çok iyi oynadın;بہت خوب کھیلے;Chơi rất giỏi;Chwarae gwych;Выдатна згуляна;Udlale kahle kakhulu;Riktigt bra spelat
game.encouragement.8;;In-app text. English is 22 characters. Try to stay close to that.;The finish is in sight;Het einde is in zicht;Die einde is in sig;Fundi po afrohet;መጨረሻው ቀርቧል;النهاية قريبة;Վերջը մոտ է;শেষ দেখা গৈছে;Finiş yaxındır;Amaiera gertu dago;শেষ দেখা যাচ্ছে;ပန်းတိုင် နီးလာပြီ;Cilj je na vidiku;Финалът се вижда;El final és a prop;终点就在眼前;Målet er i sigte;Das Ziel ist in Sicht;Lõpp juba paistab;Málið er í eygsjón;Maali häämöttää;La fin est en vue;Xa se ve a meta;ფინიში უკვე ჩანს;Το τέλος πλησιάζει;અંત નજીક છે;הסוף כבר קרוב;मंज़िल पास है;Már látszik a cél;Tá an deireadh le feiceáil;Endirinn er í sjónmáli;Garis akhir sudah dekat;Il traguardo è vicino;ゴールはもうすぐ;ಅಂತ್ಯ ಹತ್ತಿರದಲ್ಲಿದೆ;Мәре жақын;ជិតដល់ទីហើយ;끝이 보여요;Cilj je na vidiku;ໃກ້ຮອດເສັ້ນໄຊແລ້ວ;Finišs jau redzams;Finišas jau arti;Крајот е близу;Garisan penamat dah dekat;അവസാനം അടുത്തു;शेवट जवळ आला;Бариа ойрхон байна;अन्त्य नजिकै छ;Målet er i sikte;Фініш уже близько;ଶେଷ ପାଖେଇ ଆସିଲା;ئاخىرى كۆرۈندى;Marraga oz qoldi;پایان نزدیک است;Meta już blisko;A meta está à vista;ਅੰਤ ਨੇੜੇ ਹੈ;Finalul e aproape;Финиш уже близко;Cilj je na vidiku;අවසානය පේනවා;Cieľ je na dohľad;Cilj je že blizu;La meta está cerca;Mwisho unakaribia;අවසානය පේනවා;முடிவு நெருங்கிவிட்டது;ใกล้ถึงเส้นชัยแล้ว;མཇུག་མཐོང་གི་འདུག;Cíl je na dohled;Bitiş yaklaştı;منزل قریب ہے;Sắp về đích rồi;Mae'r diwedd yn y golwg;Фініш ужо блізка;Usuzofika ekugcineni;Målet är nära
game.encouragement.9;;In-app text. English is 19 characters. Try to stay close to that.;You're almost there;Je bent er bijna;Jy is amper daar;Edhe pak;ልትደርስ ነው;أوشكت على الوصول;Գրեթե հասել ես;আৰু অলপ বাকী;Az qalıb;Ia iritsi zara;আর একটু বাকি;ရောက်ခါနီးပြီ;Još malo;Почти успя;Ja gairebé hi ets;就快到了;Du er næsten i mål;Du bist fast da;Oled peaaegu kohal;Tú ert næstan komin;Olet melkein perillä;Tu y es presque;Xa case estás;თითქმის მორჩი;Σχεδόν έφτασες;તમે લગભગ પહોંચી ગયા;כמעט הגעתם;बस पहुँचने वाले हो;Mindjárt megvagy;Tá tú beagnach ann;Þú ert næstum komin(n);Sedikit lagi;Ci sei quasi;あとちょっと;ಇನ್ನೇನು ತಲುಪುತ್ತೀಯ;Жетіп қалдың;អ្នកជិតបានហើយ;거의 다 왔어요;Još malo;ເກືອບຮອດແລ້ວ;Tu esi gandrīz galā;Beveik pasiekei;Уште малку;Hampir sampai;ഇനി കുറച്ചേ ഉള്ളൂ;तू जवळपास पोहोचलास;Бараг боллоо;अब लगभग पुग्यौ;Du er nesten fremme;Ти майже там;ଆଉ ଟିକେ ବାକି;ئاز قالدى;Deyarli yetib kelding;تقریباً رسیدی;Już prawie;Estás quase lá;ਤੁਸੀਂ ਲਗਭਗ ਪਹੁੰਚ ਗਏ;Aproape ai reușit;Ты почти у цели;Još malo;තව ටිකයි;Už si skoro tam;Skoraj si tam;Ya casi llegas;Karibu umefika;තව ටිකයි;இன்னும் கொஞ்சம்தான்;อีกนิดเดียว;ཁྱེད་རང་ཕལ་ཆེར་སླེབས་སོང་།;Už tam skoro jsi;Neredeyse bitti;آپ تقریباً پہنچ گئے;Bạn gần tới rồi;Rwyt ti bron yno;Ты амаль дайшоў;Usuzofika;Du är nästan framme
game.end.completionSubtitle;;In-app text. English is 23 characters. Try to stay close to that.;You earned every point.;Je hebt alle punten gehaald.;Jy het elke punt verdien.;I fitove të gjitha pikët.;እያንዳንዱን ነጥብ አግኝተሃል።;كسبت كل النقاط.;Դու վաստակեցիր բոլոր միավորները։;তুমি প্ৰতিটো পইণ্ট অৰ্জন কৰিলা।;Bütün xalları qazandın.;Puntu guztiak irabazi dituzu.;প্রতিটি পয়েন্ট তুমি অর্জন করেছ।;အမှတ်တိုင်းကို ကိုယ်တိုင်ရခဲ့တယ်။;Osvojio/la si svaki bod.;Спечели всяка точка.;Has guanyat tots els punts.;每一分都是你赢来的。;Du har fortjent hvert point.;Du hast jeden Punkt verdient.;Sa teenisid kõik punktid välja.;Tú vann hvørt einasta stig.;Ansaitsit jokaisen pisteen.;Tu as gagné chaque point.;Gañaches cada punto.;ყველა ქულა დაიმსახურე.;Κέρδισες κάθε πόντο.;તમે દરેક પોઈન્ટ મેળવ્યો.;הרווחתם כל נקודה.;तुमने हर अंक कमाया।;Minden pontot megszereztél.;Thuill tú gach pointe.;Þú vannst inn hvert stig.;Kamu meraih semua poin.;Hai conquistato ogni punto.;ぜんぶのポイントをとったよ。;ಪ್ರತಿ ಅಂಕವನ್ನೂ ಗಳಿಸಿದ್ದೀಯ.;Әр ұпайды өзің жинадың.;អ្នករកបានគ្រប់ពិន្ទុ។;모든 점수를 얻었어요.;Svaki bod je tvoj.;ເຈົ້າໄດ້ທຸກຄະແນນແລ້ວ.;Tu nopelnīji katru punktu.;Uždirbai kiekvieną tašką.;Го освои секој поен.;Kamu berjaya dapat semua mata.;ഓരോ പോയിന്റും നീ നേടി.;तू प्रत्येक गुण कमावलास.;Чи бүх оноогоо авлаа.;तिमीले हरेक अङ्क कमायौ।;Du fortjente hvert poeng.;Ти здобув усі бали.;ତୁମେ ପ୍ରତ୍ୟେକ ପଏଣ୍ଟ ଜିତିଛ।;ھەر بىر نومۇرغا لايىق بولدۇڭ.;Har bir ballni qo‘lga kiritding.;همهٔ امتیازها را به دست آوردی.;Zdobywasz każdy punkt.;Ganhaste todos os pontos.;ਤੁਸੀਂ ਹਰ ਅੰਕ ਕਮਾਇਆ।;Ai câștigat fiecare punct.;Каждое очко заслужено.;Zaslužio/la si svaki poen.;හැම ලකුණක්ම ඔබ උපයාගත්තා.;Získal si každý bod.;Prislužil si si vsako točko.;Te ganaste cada punto.;Umeshinda kila pointi.;හැම ලකුණක්ම ඔබ උපයාගත්තා.;ஒவ்வொரு புள்ளியையும் பெற்றாய்.;เธอได้ทุกคะแนนด้วยตัวเอง;སྐར་མ་ཚང་མ་ཁྱེད་ཀྱིས་ཐོབ་སོང་།;Získal jsi všechny body.;Her puanı hak ettin.;آپ نے ہر پوائنٹ کمایا۔;Bạn đã giành mọi điểm.;Enillaist ti bob pwynt.;Ты заслужыў кожны бал.;Uthole wonke amaphuzu.;Du fick alla poäng.
game.end.completionSuffix;;In-app text. English is 9 characters. Try to stay close to that.;complete!;afgerond!;voltooi!;përfunduar!;ተጠናቋል!;اكتمل!;ավարտված է։;সম্পূৰ্ণ!;tamamlandı!;osatuta!;সম্পূর্ণ!;ပြီးပြီ!;završeno!;завършено!;completat!;完成！;færdig!;geschafft!;valmis!;liðugt!;valmis!;terminé !;completado!;დასრულებულია!;ολοκληρώθηκε!;પૂર્ણ!;הושלם!;पूरा!;kész!;críochnaithe!;lokið!;selesai!;completato!;クリア！;ಪೂರ್ಣ!;аяқталды!;រួចរាល់!;완료!;završeno!;ສຳເລັດ!;pabeigts!;baigta!;завршено!;selesai!;പൂർത്തിയായി!;पूर्ण!;дууслаа!;पूरा भयो!;fullført!;завершено!;ସମ୍ପୂର୍ଣ୍ଣ!;تامام!;tugadi!;کامل شد!;ukończono!;concluído!;ਪੂਰਾ!;complet!;готово!;završeno!;සම්පූර්ණයි!;hotovo!;končano!;¡completado!;imekamilika!;සම්පූර්ණයි!;முடிந்தது!;เสร็จแล้ว!;ཚར་སོང་!;hotovo!;tamamlandı!;مکمل!;hoàn thành!;wedi'i gwblhau!;завершана!;kuqediwe!;klart!
game.end.gameOverTitle;;In-app text. English is 9 characters. Try to stay close to that.;Game over;Game over;Spel verby;Loja mbaroi;ጨዋታው አልቋል;انتهت اللعبة;Խաղն ավարտվեց;খেল শেষ;Oyun bitdi;Jokoa amaitu da;খেলা শেষ;ဂိမ်းပြီးပြီ;Kraj igre;Край на играта;Fi del joc;游戏结束;Spillet er slut;Spiel vorbei;Mäng läbi;Spælið er liðugt;Peli ohi;Partie finie;Fin do xogo;თამაში დასრულდა;Τέλος παιχνιδιού;રમત પૂરી;המשחק נגמר;खेल खत्म;Játék vége;Cluiche thart;Leik lokið;Permainan selesai;Game over;ゲームオーバー;ಆಟ ಮುಗಿತು;Ойын аяқталды;ចប់ហ្គេម;게임 종료;Kraj igre;ເກມຈົບ;Spēle beigusies;Žaidimas baigtas;Крај на играта;Permainan tamat;കളി കഴിഞ്ഞു;खेळ संपला;Тоглоом дууслаа;खेल सकियो;Spillet er slutt;Гру завершено;ଖେଳ ଶେଷ;ئويۇن ئاخىرلاشتى;O‘yin tugadi;پایان بازی;Koniec gry;Fim do jogo;ਖੇਡ ਖਤਮ;Joc încheiat;Игра окончена;Kraj igre;ක්‍රීඩාව අවසන්;Koniec hry;Konec igre;Fin del juego;Mchezo umeisha;ක්‍රීඩාව අවසන්;ஆட்டம் முடிந்தது;จบเกม;རྩེད་མོ་ཚར་སོང་།;Konec hry;Oyun bitti;کھیل ختم;Hết lượt;Diwedd y gêm;Гульня скончана;Umdlalo uphelile;Spelet är slut
game.end.mainMenu;;In-app text. English is 9 characters. Try to stay close to that.;Main menu;Hoofdmenu;Hoofkieslys;Menyja kryesore;ዋና ምናሌ;القائمة الرئيسية;Գլխավոր ընտրացանկ;মূল মেনু;Əsas menyu;Menu nagusia;মূল মেনু;ပင်မမီနူး;Glavni meni;Главно меню;Menú principal;主菜单;Hovedmenu;Hauptmenü;Peamenüü;Høvuðsvalmynd;Päävalikko;Menu principal;Menú principal;მთავარი მენიუ;Κύριο μενού;મુખ્ય મેનુ;תפריט ראשי;मुख्य मेन्यू;Főmenü;Príomh-roghchlár;Aðalvalmynd;Menu utama;Menu principale;メインメニュー;ಮುಖ್ಯ ಮೆನು;Басты мәзір;ម៉ឺនុយមេ;메인 메뉴;Glavni izbornik;ເມນູຫຼັກ;Galvenā izvēlne;Pagrindinis meniu;Главно мени;Menu utama;പ്രധാന മെനു;मुख्य मेनू;Үндсэн цэс;मुख्य मेनु;Hovedmeny;Головне меню;ମୁଖ୍ୟ ମେନୁ;باش تىزىملىك;Asosiy menyu;منوی اصلی;Menu główne;Menu principal;ਮੁੱਖ ਮੀਨੂ;Meniu principal;Главное меню;Glavni meni;ප්‍රධාන මෙනුව;Hlavné menu;Glavni meni;Menú principal;Menyu kuu;ප්‍රධාන මෙනුව;முதன்மை மெனு;เมนูหลัก;གཙོ་ངོས;Hlavní nabídka;Ana menü;مرکزی مینو;Menu chính;Prif ddewislen;Галоўнае меню;Imenyu enkulu;Huvudmeny
game.end.playAgain;;In-app text. English is 10 characters. Try to stay close to that.;Play again;Nog een keer;Speel weer;Luaj përsëri;እንደገና ተጫወት;العب مجددًا;Կրկին խաղալ;আকৌ খেলা;Yenidən oyna;Jokatu berriro;আবার খেলো;ထပ်ကစား;Igraj ponovo;Играй пак;Torna-hi;再玩一次;Spil igen;Noch einmal;Mängi uuesti;Spæl aftur;Pelaa uudelleen;Rejouer;Xogar de novo;კიდევ ითამაშე;Παίξε ξανά;ફરી રમો;לשחק שוב;फिर खेलें;Újra;Imir arís;Spila aftur;Main lagi;Gioca ancora;もう一度;ಮತ್ತೆ ಆಡು;Қайта ойнау;លេងម្តងទៀត;다시 하기;Igraj ponovno;ຫຼິ້ນອີກ;Spēlēt vēlreiz;Žaisti dar kartą;Играј пак;Main lagi;വീണ്ടും കളിക്കൂ;पुन्हा खेळ;Дахин тоглох;फेरि खेल;Spill igjen;Ще раз;ପୁଣି ଖେଳ;قايتا ئوينا;Yana o‘yna;دوباره بازی کن;Zagraj ponownie;Jogar de novo;ਫਿਰ ਖੇਡੋ;Joacă din nou;Ещё раз;Igraj ponovo;නැවත ක්‍රීඩා කරන්න;Hrať znova;Igraj znova;Jugar otra vez;Cheza tena;නැවත ක්‍රීඩා කරන්න;மீண்டும் ஆடு;เล่นอีกครั้ง;ཡང་བསྐྱར་རྩེ;Hrát znovu;Tekrar oyna;پھر کھیلیں;Chơi lại;Chwarae eto;Яшчэ раз;Dlala futhi;Spela igen
game.highScore;;In-app text. English is 10 characters. Try to stay close to that.;High score;Topscore;Toptelling;Rekordi;ከፍተኛ ውጤት;أعلى نتيجة;Լավագույն հաշիվ;সৰ্বোচ্চ স্ক’ৰ;Rekord;Puntuazio onena;সেরা স্কোর;အမြင့်ဆုံးအမှတ်;Najbolji rezultat;Рекорд;Rècord;最高分;Topscore;Bestleistung;Rekord;Met;Ennätys;Meilleur score;Récord;საუკეთესო ქულა;Ρεκόρ;ઉચ્ચ સ્કોર;שיא;सर्वोच्च स्कोर;Rekord;Scór is airde;Met;Skor tertinggi;Record;ハイスコア;ಅತ್ಯುತ್ತಮ ಅಂಕ;Үздік ұпай;ពិន្ទុខ្ពស់;최고 점수;Najbolji rezultat;ຄະແນນສູງສຸດ;Rekords;Rekordas;Најдобар резултат;Skor tertinggi;മികച്ച സ്കോർ;सर्वोच्च गुण;Дээд оноо;उच्च स्कोर;Rekord;Рекорд;ସର୍ବୋଚ୍ଚ ସ୍କୋର;ئەڭ يۇقىرى نومۇر;Eng yuqori natija;رکورد;Rekord;Recorde;ਸਭ ਤੋਂ ਵੱਧ ਸਕੋਰ;Record;Рекорд;Najbolji rezultat;ඉහළම ලකුණු;Najlepšie skóre;Najboljši rezultat;Récord;Rekodi bora;ඉහළම ලකුණු;அதிகபட்ச மதிப்பெண்;คะแนนสูงสุด;སྐར་མ་མཐོ་ཤོས;Nejlepší skóre;En yüksek puan;بہترین اسکور;Điểm cao;Sgôr uchaf;Рэкорд;Irekhodi eliphezulu;Rekord
game.intro.backToMainMenu;;Short bullet on the pre-game card. Keep it concise. English is 17 characters. Try to stay close to that.;Back to main menu;Terug naar hoofdmenu;Terug na hoofkieslys;Kthehu te menyja kryesore;ወደ ዋና ምናሌ ተመለስ;العودة للقائمة الرئيسية;Դեպի գլխավոր ընտրացանկ;মূল মেনুলৈ উভতি যাওক;Əsas menyuya qayıt;Menu nagusira;মূল মেনুতে ফেরো;ပင်မမီနူးသို့ ပြန်ရန်;Natrag na glavni meni;Към главното меню;Torna al menú principal;返回主菜单;Tilbage til hovedmenuen;Zurück zum Hauptmenü;Tagasi peamenüüsse;Aftur til høvuðsvalmynd;Takaisin päävalikkoon;Retour au menu principal;Volver ao menú principal;მთავარ მენიუში დაბრუნება;Πίσω στο κύριο μενού;મુખ્ય મેનુ પર પાછા;חזרה לתפריט הראשי;मुख्य मेन्यू पर वापस;Vissza a főmenübe;Ar ais chuig an bpríomh-roghchlár;Til baka í aðalvalmynd;Kembali ke menu utama;Torna al menu principale;メインメニューにもどる;ಮುಖ್ಯ ಮೆನುಗೆ ಹಿಂತಿರುಗು;Басты мәзірге қайту;ត្រឡប់ទៅម៉ឺនុយមេ;메인 메뉴로;Natrag na glavni izbornik;ກັບເມນູຫຼັກ;Atpakaļ uz galveno izvēlni;Grįžti į pagrindinį meniu;Назад во главното мени;Kembali ke menu utama;പ്രധാന മെനുവിലേക്ക്;मुख्य मेनूवर परत;Үндсэн цэс рүү буцах;मुख्य मेनुमा फर्क;Tilbake til hovedmenyen;Назад до меню;ମୁଖ୍ୟ ମେନୁକୁ ଫେର;باش تىزىملىككە قايت;Asosiy menyuga qaytish;بازگشت به منوی اصلی;Wróć do menu głównego;Voltar ao menu principal;ਮੁੱਖ ਮੀਨੂ ਵੱਲ;Înapoi la meniul principal;В главное меню;Nazad na glavni meni;ප්‍රධාන මෙනුවට ආපසු;Späť do hlavného menu;Nazaj v glavni meni;Volver al menú principal;Rudi kwenye menyu kuu;ප්‍රධාන මෙනුවට ආපසු;முதன்மை மெனுவுக்குத் திரும்பு;กลับเมนูหลัก;གཙོ་ངོས་སུ་ཕྱིར་ལོག;Zpět do hlavní nabídky;Ana menüye dön;مرکزی مینو پر واپس;Về menu chính;Nôl i'r brif ddewislen;У галоўнае меню;Buyela kumenyu enkulu;Till huvudmenyn
game.intro.continue;;Short bullet on the pre-game card. Keep it concise. English is 8 characters. Try to stay close to that.;Continue;Speel verder;Speel verder;Vazhdo;መጫወትህን ቀጥል;متابعة اللعب;Շարունակել;আগবাঢ়া;Davam et;Jarraitu;চালিয়ে যাও;ဆက်ကစား;Nastavi;Продължи;Continua;继续;Fortsæt;Weiterspielen;Jätka;Halt fram;Jatka;Continuer;Continuar;გაგრძელება;Συνέχεια;આગળ રમો;המשך;आगे खेलें;Folytatás;Lean ar aghaidh;Halda áfram;Lanjut bermain;Continua;つづきから;ಮುಂದುವರಿಸು;Жалғастыру;បន្តលេង;계속하기;Nastavi;ຫຼິ້ນຕໍ່;Turpināt;Tęsti;Продолжи;Teruskan;തുടർന്ന് കളിക്കൂ;पुढे खेळ;Үргэлжлүүлэн тоглох;जारी राख;Fortsett;Продовжити;ଆଗକୁ ଖେଳ;داۋاملاشتۇر;Davom et;ادامه;Graj dalej;Continuar;ਅੱਗੇ ਖੇਡੋ;Continuă;Продолжить;Nastavi;දිගටම ක්‍රීඩා කරන්න;Pokračovať;Nadaljuj;Continuar;Endelea;දිගටම ක්‍රීඩා කරන්න;தொடர்ந்து ஆடு;เล่นต่อ;མུ་མཐུད་རྩེ;Pokračovat;Devam et;جاری رکھیں;Chơi tiếp;Parhau;Працягнуць;Qhubeka;Fortsätt
game.intro.continueFrom %lld;;"Short bullet on the pre-game card. Keep it concise. Keep the placeholders exactly (%lld); the app fills them with numbers/text at runtime. You may reorder them to fit natural word order. English is 25 characters. Try to stay close to that.";You’ll continue from %lld;Je gaat verder bij %lld;Jy gaan voort van %lld af;Do të vazhdosh nga %lld;ከ%lld ትቀጥላለህ;ستتابع من %lld;Կշարունակես %lld-ից;তুমি %lld ৰ পৰা আগবাঢ়িবা;%lld-dən davam edəcəksən;%lld puntutik jarraituko duzu;তুমি %lld থেকে চালিয়ে যাবে;%lld မှ ဆက်ကစားမယ်;Nastavljaš od %lld;Продължаваш от %lld;Continuaràs des de %lld;你将从 %lld 继续;Du fortsætter fra %lld;Du machst bei %lld weiter;Jätkad kohast %lld;Tú heldur fram frá %lld;Jatkat kohdasta %lld;Tu reprendras à %lld;Continuarás desde %lld;გააგრძელებ %lld-დან;Θα συνεχίσεις από το %lld;તમે %lld થી આગળ રમશો;ממשיכים מ־%lld;तुम %lld से आगे खेलोगे;Innen folytatod: %lld;Leanfaidh tú ar aghaidh ó %lld;Þú heldur áfram frá %lld;Kamu lanjut dari %lld;Continuerai da %lld;%lldからつづける;ನೀನು %lldರಿಂದ ಮುಂದುವರಿಸುತ್ತೀಯ;%lld-ден жалғастырасың;អ្នកនឹងបន្តពី %lld;%lld부터 계속해요;Nastavljaš od %lld;ເຈົ້າຈະຫຼິ້ນຕໍ່ຈາກ %lld;Turpināsi no %lld;Tęsi nuo %lld;Ќе продолжиш од %lld;Kamu akan sambung dari %lld;%lld മുതൽ തുടരും;तू %lld पासून पुढे खेळशील;%lld-оос үргэлжлүүлнэ;तिमी %lld बाट जारी राख्छौ;Du fortsetter fra %lld;Ти продовжиш із %lld;ତୁମେ %lld ଠାରୁ ଆଗକୁ ଯିବ;%lld دىن داۋاملاشتۇرىسەن;%lld dan davom etasan;از %lld ادامه می‌دهی;Zaczniesz od %lld;Vais continuar a partir de %lld;ਤੁਸੀਂ %lld ਤੋਂ ਅੱਗੇ ਖੇਡੋਗੇ;Vei continua de la %lld;Ты продолжишь с %lld;Nastavljaš od %lld;ඔබ %lld සිට ඉදිරියට යයි;Pokračuješ od %lld;Nadaljuješ pri %lld;Seguirás desde %lld;Utaendelea kutoka %lld;ඔබ %lld සිට ඉදිරියට යයි;%lld இலிருந்து தொடர்வாய்;เล่นต่อจาก %lld;%lld ནས་མུ་མཐུད་རྩེ།;Pokračuješ od %lld;%lld noktasından devam edeceksin;آپ %lld سے جاری رکھیں گے;Bạn sẽ tiếp tục từ %lld;Byddet ti'n parhau o %lld;Ты працягнеш з %lld;Uzoqhubeka kusuka ku-%lld;Du fortsätter från %lld
game.intro.helperBullet;;Short bullet on the pre-game card. Keep it concise. English is 118 characters. Try to stay close to that.;The correct answer is highlighted in green because the helper is on. Trophies are therefore counted separately with *.;Het goede antwoord is groen gemarkeerd omdat de helper aanstaat. Trofeeën worden daarom apart geteld met *.;Die regte antwoord is groen gemerk omdat die helper aan is. Trofeë word daarom apart met * getel.;Përgjigjja e saktë është me të gjelbër sepse ndihmësi është aktiv. Prandaj, trofetë numërohen veç me *.;ረዳቱ ስለበራ ትክክለኛው መልስ በአረንጓዴ ይታያል። ስለዚህ ዋንጫዎች በ* ለብቻቸው ይቆጠራሉ።;الإجابة الصحيحة مميزة بالأخضر لأن المساعد مفعّل. لذلك تُحسب الكؤوس بشكل منفصل مع *.;Ճիշտ պատասխանը կանաչ է, քանի որ օգնականը միացված է։ Այդ պատճառով գավաթները *-ով առանձին են հաշվվում։;সহায়ক চালু থকাৰ বাবে সঠিক উত্তৰটো সেউজীয়া। সেয়ে ট্ৰফী * চিহ্নেৰে পৃথকে গণনা হয়।;Köməkçi aktiv olduğu üçün düzgün cavab yaşıl göstərilir. Buna görə kuboklar * ilə ayrıca sayılır.;Erantzun zuzena berdez nabarmenduta dago laguntzailea aktibatuta dagoelako. Horregatik, garaikurrak aparte zenbatzen dira * ikurrarekin.;সহায়ক চালু থাকায় সঠিক উত্তর সবুজ দেখানো হয়। তাই * দিয়ে ট্রফি আলাদা গোনা হয়।;အကူမုဒ်ဖွင့်ထားလို့ အဖြေမှန်ကို အစိမ်းရောင်နဲ့ ပြထားတယ်။ ဒါကြောင့် ဆုဖလားတွေကို * နဲ့ သီးခြားရေတွက်မယ်။;Tačan odgovor je označen zeleno jer je pomoćnik uključen. Trofeji se zato broje odvojeno sa *.;Верният отговор е оцветен в зелено, защото помощникът е включен. Затова трофеите се броят отделно със *.;La resposta correcta es destaca en verd perquè l’ajuda està activada. Per això, els trofeus es compten a part amb *.;辅助模式已开启，正确答案会显示为绿色。因此，带 * 的奖杯会单独计算。;Det rigtige svar er markeret med grønt, fordi hjælpen er slået til. Pokaler tælles derfor separat med *.;Die richtige Antwort ist grün markiert, weil die Hilfe an ist. Deshalb werden Pokale mit * getrennt gezählt.;Õige vastus on rohelisega märgitud, sest abiline on sees. Seepärast loetakse *-ga karikad eraldi.;Rætta svarið er grønt, tí hjálpin er tendrað. Steyp verða tí tald fyri seg við *.;Oikea vastaus näkyy vihreänä, koska apuri on päällä. Siksi tähdellä * merkityt pokaalit lasketaan erikseen.;La bonne réponse est surlignée en vert car l’aide est activée. Les trophées sont donc comptés séparément avec *.;A resposta correcta aparece en verde porque a axuda está activada. Por iso, os trofeos cóntanse á parte cun *.;სწორი პასუხი მწვანედაა მონიშნული, რადგან დამხმარე ჩართულია. ამიტომ თასები *-ით ცალკე ითვლება.;Η σωστή απάντηση φαίνεται με πράσινο επειδή είναι ενεργή η βοήθεια. Γι’ αυτό τα τρόπαια μετριούνται χωριστά με *.;મદદ ચાલુ હોવાથી સાચો જવાબ લીલો દેખાય છે. તેથી ટ્રોફીઓ * સાથે અલગ ગણાય છે.;התשובה הנכונה מסומנת בירוק כי העזרה פועלת. לכן גביעים נספרים בנפרד עם *.;सहायक चालू होने से सही उत्तर हरे रंग में दिखता है। इसलिए * वाली ट्रॉफियाँ अलग गिनी जाती हैं।;A helyes válasz zöld, mert a segítség be van kapcsolva. A trófeákat ezért külön, * jellel számoljuk.;Tá an freagra ceart glas mar tá an cúntóir ar siúl. Déantar trófaithe a chomhaireamh ar leithligh le * dá bharr.;Rétta svarið er merkt grænt því hjálpin er virk. Bikarar teljast því sér með *.;Jawaban yang benar ditandai hijau karena bantuan aktif. Jadi, trofi dihitung terpisah dengan *.;La risposta corretta è evidenziata in verde perché l’aiuto è attivo. I trofei vengono quindi contati a parte con *.;おたすけがオンなので、正しい答えが緑色になります。そのため、トロフィーは*付きで別に数えます。;ಸಹಾಯಕ ಆನ್ ಇರುವುದರಿಂದ ಸರಿಯಾದ ಉತ್ತರ ಹಸಿರಿನಲ್ಲಿ ಕಾಣುತ್ತದೆ. ಆದ್ದರಿಂದ ಟ್ರೋಫಿಗಳನ್ನು * ಗುರುತಿನಿಂದ ಬೇರೆ ಎಣಿಸಲಾಗುತ್ತದೆ.;Көмекші қосулы болғандықтан, дұрыс жауап жасылмен белгіленеді. Сондықтан жүлделер * белгісімен бөлек саналады.;ចម្លើយត្រឹមត្រូវត្រូវបានបន្លិចពណ៌បៃតង ព្រោះជំនួយកំពុងបើក។ ដូច្នេះ ពានត្រូវបានរាប់ដាច់ដោយឡែកដោយសញ្ញា *។;도우미가 켜져 있어 정답이 초록색으로 표시돼요. 그래서 트로피는 *로 따로 계산해요.;Točan je odgovor označen zeleno jer je pomoć uključena. Zato se pehari sa * broje odvojeno.;ຄຳຕອບທີ່ຖືກຈະເປັນສີຂຽວເພາະເປີດຕົວຊ່ວຍ. ຖ້ວຍລາງວັນຈຶ່ງນັບແຍກດ້ວຍ *.;Pareizā atbilde ir iezīmēta zaļā krāsā, jo palīgs ir ieslēgts. Tāpēc trofejas ar * skaita atsevišķi.;Teisingas atsakymas pažymėtas žaliai, nes įjungta pagalba. Todėl trofėjai su * skaičiuojami atskirai.;Точниот одговор е означен со зелено бидејќи помошникот е вклучен. Затоа трофеите се бројат одделно со *.;Jawapan betul ditanda hijau kerana pembantu dihidupkan. Trofi dikira berasingan dengan *.;സഹായി ഓണായതിനാൽ ശരിയായ ഉത്തരം പച്ചയായി കാണിക്കും. അതിനാൽ ട്രോഫികൾ * ഉപയോഗിച്ച് വേറെയായി എണ്ണും.;मदतनीस सुरू असल्याने योग्य उत्तर हिरवे दिसते. त्यामुळे * असलेल्या ट्रॉफी वेगळ्या मोजल्या जातात.;Туслагч асаалттай тул зөв хариултыг ногооноор харуулна. Тиймээс цомуудыг * тэмдэгтэйгээр тусад нь тоолно.;सहायक चालु भएकाले सही उत्तर हरियो देखिन्छ। त्यसैले ट्रफीहरू * सहित छुट्टै गनिन्छन्।;Riktig svar er markert med grønt fordi hjelpen er på. Trofeer telles derfor separat med *.;Правильну відповідь виділено зеленим, бо помічник увімкнений. Тому трофеї рахуються окремо зі *.;ସହାୟକ ଚାଲୁ ଥିବାରୁ ଠିକ୍ ଉତ୍ତର ସବୁଜ ରଙ୍ଗରେ ଦେଖାଯାଏ। ସେଥିପାଇଁ ଟ୍ରଫିଗୁଡ଼ିକୁ * ସହ ଅଲଗା ଗଣାଯାଏ।;ياردەمچى ئوچۇق بولغاچقا، توغرا جاۋاب يېشىل كۆرسىتىلىدۇ. شۇڭا لوڭقىلار * بىلەن ئايرىم ھېسابلىنىدۇ.;Yordamchi yoqilgani uchun to‘g‘ri javob yashil bilan ko‘rsatiladi. Shuning uchun sovrinlar * bilan alohida sanaladi.;چون راهنما روشن است، پاسخ درست سبز می‌شود. پس جام‌ها با * جداگانه شمرده می‌شوند.;Poprawna odpowiedź jest zaznaczona na zielono, bo pomoc jest włączona. Dlatego puchary z * są liczone osobno.;A resposta certa fica destacada a verde porque a ajuda está ligada. Por isso, os troféus são contados à parte com *.;ਸਹਾਇਕ ਚਾਲੂ ਹੈ, ਇਸ ਲਈ ਸਹੀ ਜਵਾਬ ਹਰੇ ਰੰਗ ਵਿੱਚ ਦਿਖਦਾ ਹੈ। ਇਸ ਕਰਕੇ ਟ੍ਰਾਫੀਆਂ * ਨਾਲ ਵੱਖ ਗਿਣੀਆਂ ਜਾਂਦੀਆਂ ਹਨ।;Răspunsul corect este marcat cu verde deoarece ajutorul este activ. Trofeele sunt numărate separat cu *.;Правильный ответ выделен зелёным, потому что подсказка включена. Поэтому трофеи со * считаются отдельно.;Tačan odgovor je označen zelenom jer je pomoć uključena. Zato se trofeji sa * broje odvojeno.;උදව්ව ක්‍රියාත්මක නිසා නිවැරදි පිළිතුර කොළ පාටින් පෙන්වයි. ඒ නිසා කුසලාන * සමඟ වෙනම ගණන් කරයි.;Správna odpoveď je označená nazeleno, pretože pomocník je zapnutý. Trofeje sa preto počítajú osobitne s *.;Pravilni odgovor je označen zeleno, ker je pomočnik vklopljen. Pokali se zato štejejo posebej z *.;La respuesta correcta aparece en verde porque la ayuda está activada. Por eso, los trofeos se cuentan aparte con *.;Jibu sahihi limeangaziwa kwa kijani kwa sababu msaada umewashwa. Kwa hiyo vikombe vinahesabiwa kando kwa *.;උදව්ව ක්‍රියාත්මක නිසා නිවැරදි පිළිතුර කොළ පාටින් පෙන්වයි. ඒ නිසා කුසලාන * සමඟ වෙනම ගණන් කරයි.;உதவி இயக்கப்பட்டதால் சரியான விடை பச்சை நிறத்தில் காட்டப்படும். அதனால் கோப்பைகள் * குறியுடன் தனியாக எண்ணப்படும்.;คำตอบที่ถูกจะเป็นสีเขียวเพราะเปิดตัวช่วยอยู่ ดังนั้นถ้วยรางวัลจะนับแยกและมีเครื่องหมาย *;རོགས་རམ་ཁ་ཕྱེ་ཡོད་པས་ལན་འགྲིག་པ་ལྗང་ཁུས་མཚོན་ཡོད། དེས་ན་བྱ་དགའ་ * ཡིས་ལོགས་སུ་བརྩི།;Správná odpověď je zelená, protože je zapnutá nápověda. Trofeje se proto počítají zvlášť s *.;Yardımcı açık olduğu için doğru cevap yeşil gösterilir. Bu yüzden kupalar * ile ayrı sayılır.;مددگار آن ہے، اس لیے درست جواب سبز ہے۔ ٹرافیاں * کے ساتھ الگ گنی جائیں گی۔;Đáp án đúng được tô xanh vì trợ giúp đang bật. Vì vậy, cúp được tính riêng bằng *.;Mae'r ateb cywir wedi'i amlygu'n wyrdd am fod y cynorthwyydd ymlaen. Felly caiff tlysau eu cyfrif ar wahân gyda *.;Правільны адказ вылучаны зялёным, бо падказка ўключана. Таму трафеі лічацца асобна і пазначаюцца *.;Impendulo efanele igqanyiswe ngokuluhlaza ngoba umsizi uvuliwe. Ngakho izindebe zibalwa ngokwehlukana ngo-*.;Rätt svar markeras med grönt eftersom hjälpen är på. Pokaler räknas därför separat med *.
game.intro.helperOff;;Short bullet on the pre-game card. Keep it concise. English is 10 characters. Try to stay close to that.;Helper off;Helper uit;Helper af;Ndihmësi joaktiv;ረዳት ጠፍቷል;المساعد متوقف;Օգնականն անջատված է;সহায়ক বন্ধ;Köməkçi sönülü;Laguntzailea itzalita;সহায়ক বন্ধ;အကူ ပိတ်;Pomoćnik isključen;Помощник изкл.;Ajuda desactivada;关闭辅助;Hjælp fra;Hilfe aus;Abiline väljas;Hjálp sløkt;Apuri pois;Aide désactivée;Axuda desactivada;დამხმარე გამორთულია;Βοήθεια ανενεργή;મદદ બંધ;עזרה כבויה;सहायक बंद;Segítség ki;Cúntóir as;Hjálp óvirk;Bantuan mati;Aiuto disattivato;おたすけオフ;ಸಹಾಯಕ ಆಫ್;Көмекші өшірулі;បិទជំនួយ;도우미 끄기;Pomoć isključena;ປິດຕົວຊ່ວຍ;Palīgs izslēgts;Pagalba išjungta;Помошник исклучен;Pembantu mati;സഹായി ഓഫ്;मदतनीस बंद;Туслагч унтраалттай;सहायक बन्द;Hjelp av;Помічник вимк.;ସହାୟକ ବନ୍ଦ;ياردەمچى تاقاق;Yordamchi o‘chiq;راهنما خاموش;Pomoc wył.;Ajuda desligada;ਸਹਾਇਕ ਬੰਦ;Ajutor oprit;Подсказка выкл.;Pomoć isključena;උදව්ව අක්‍රියයි;Pomocník vyp.;Pomočnik izklopljen;Ayuda desactivada;Msaada umezimwa;උදව්ව අක්‍රියයි;உதவி நிறுத்தம்;ปิดตัวช่วย;རོགས་རམ་སྒོ་རྒྱག;Nápověda vypnuta;Yardımcı kapalı;مددگار بند;Tắt trợ giúp;Cynorthwyydd i ffwrdd;Падказка выкл.;Umsizi uvaliwe;Hjälp av
game.intro.helperOn;;Short bullet on the pre-game card. Keep it concise. English is 9 characters. Try to stay close to that.;Helper on;Helper aan;Helper aan;Ndihmësi aktiv;ረዳት በርቷል;المساعد مفعّل;Օգնականը միացված է;সহায়ক চালু;Köməkçi aktiv;Laguntzailea piztuta;সহায়ক চালু;အကူ ဖွင့်;Pomoćnik uključen;Помощник вкл.;Ajuda activada;开启辅助;Hjælp til;Hilfe an;Abiline sees;Hjálp tendrað;Apuri päällä;Aide activée;Axuda activada;დამხმარე ჩართულია;Βοήθεια ενεργή;મદદ ચાલુ;עזרה פועלת;सहायक चालू;Segítség be;Cúntóir ar;Hjálp virk;Bantuan aktif;Aiuto attivato;おたすけオン;ಸಹಾಯಕ ಆನ್;Көмекші қосулы;បើកជំនួយ;도우미 켜기;Pomoć uključena;ເປີດຕົວຊ່ວຍ;Palīgs ieslēgts;Pagalba įjungta;Помошник вклучен;Pembantu hidup;സഹായി ഓൺ;मदतनीस सुरू;Туслагч асаалттай;सहायक चालु;Hjelp på;Помічник увімк.;ସହାୟକ ଚାଲୁ;ياردەمچى ئوچۇق;Yordamchi yoqilgan;راهنما روشن;Pomoc wł.;Ajuda ligada;ਸਹਾਇਕ ਚਾਲੂ;Ajutor pornit;Подсказка вкл.;Pomoć uključena;උදව්ව ක්‍රියාත්මකයි;Pomocník zap.;Pomočnik vklopljen;Ayuda activada;Msaada umewashwa;උදව්ව ක්‍රියාත්මකයි;உதவி இயக்கம்;เปิดตัวช่วย;རོགས་རམ་ཁ་ཕྱེ;Nápověda zapnuta;Yardımcı açık;مددگار آن;Bật trợ giúp;Cynorthwyydd ymlaen;Падказка ўкл.;Umsizi uvuliwe;Hjälp på
game.intro.howItWorks;;Short bullet on the pre-game card. Keep it concise. English is 20 characters. Try to stay close to that.;How this level works;Zo werkt dit level;Hoe dié vlak werk;Si funksionon ky nivel;ይህ ደረጃ እንዴት ይሠራል;كيف يعمل هذا المستوى;Ինչպես է աշխատում մակարդակը;এই লেভেল কেনেকৈ চলে;Bu səviyyə necə işləyir;Nola dabil maila hau;এই লেভেল যেভাবে চলে;ဒီအဆင့် ကစားပုံ;Kako radi ovaj nivo;Как се играе това ниво;Com funciona aquest nivell;本关玩法;Sådan virker banen;So geht dieses Level;Kuidas see tase töötab;Soleiðis riggar stigið;Näin taso toimii;Comment marche ce niveau;Como funciona este nivel;როგორ მუშაობს ეს დონე;Πώς παίζεται αυτό το επίπεδο;આ લેવલ કેવી રીતે ચાલે;איך השלב עובד;यह स्तर कैसे खेलें;Így működik ez a szint;Conas a oibríonn an leibhéal;Svona virkar borðið;Cara kerja level ini;Come funziona il livello;このレベルの遊び方;ಈ ಹಂತ ಹೇಗೆ ಕೆಲಸ ಮಾಡುತ್ತದೆ;Бұл деңгей қалай ойналады;របៀបលេងកម្រិតនេះ;이 레벨 하는 법;Kako radi ova razina;ດ່ານນີ້ຫຼິ້ນແນວໃດ;Kā darbojas šis līmenis;Kaip veikia šis lygis;Како работи нивото;Cara tahap ini berfungsi;ഈ ലെവൽ എങ്ങനെ കളിക്കാം;हा स्तर कसा चालतो;Энэ түвшин хэрхэн явагдах вэ;यो लेभल यसरी चल्छ;Slik virker nivået;Як працює цей рівень;ଏହି ଲେଭେଲ୍ ଏମିତି ଚାଲେ;بۇ دەرىجە قانداق ئىشلەيدۇ;Bu bosqich qanday ishlaydi;روش این مرحله;Jak działa ten poziom;Como funciona este nível;ਇਹ ਲੈਵਲ ਕਿਵੇਂ ਚੱਲਦਾ ਹੈ;Cum funcționează nivelul;Как устроен уровень;Kako radi ovaj nivo;මේ මට්ටම ක්‍රියා කරන හැටි;Ako funguje táto úroveň;Kako deluje ta stopnja;Cómo funciona este nivel;Jinsi kiwango hiki kinavyofanya kazi;මේ මට්ටම ක්‍රියා කරන හැටි;இந்த நிலை எப்படி இயங்கும்;ด่านนี้เล่นอย่างไร;རིམ་པ་འདི་ཇི་ལྟར་རྩེ་དགོས།;Jak tato úroveň funguje;Bu seviye nasıl oynanır?;یہ لیول کیسے چلتا ہے;Cách chơi màn này;Sut mae'r lefel hon yn gweithio;Як працуе ўзровень;Isebenza kanje le leveli;Så funkar nivån
game.intro.livesOff;;Short bullet on the pre-game card. Keep it concise. English is 9 characters. Try to stay close to that.;Lives off;Levens uit;Lewens af;Jetët joaktive;ሕይወቶች ጠፍተዋል;الحيوات متوقفة;Կյանքերն անջատված են;জীৱন বন্ধ;Canlar sönülü;Bizitzak itzalita;জীবন বন্ধ;အသက် ပိတ်;Životi isključeni;Животи изкл.;Vides desactivades;关闭生命;Liv fra;Leben aus;Elud väljas;Lív sløkt;Elämät pois;Vies désactivées;Vidas desactivadas;სიცოცხლეები გამორთულია;Ζωές ανενεργές;જીવન બંધ;חיים כבויים;जीवन बंद;Életek ki;Beathaí as;Líf óvirk;Nyawa mati;Vite disattivate;ライフなし;ಜೀವಗಳು ಆಫ್;Жандар өшірулі;បិទជីវិត;목숨 끄기;Životi isključeni;ປິດຊີວິດ;Dzīvības izslēgtas;Gyvybės išjungtos;Животи исклучени;Nyawa mati;ജീവനുകൾ ഓഫ്;जीव बंद;Амь унтраалттай;जीवन बन्द;Liv av;Життя вимк.;ଜୀବନ ବନ୍ଦ;جان تاقاق;Jonlar o‘chiq;جان‌ها خاموش;Życia wył.;Vidas desligadas;ਜਾਨਾਂ ਬੰਦ;Vieți oprite;Жизни выкл.;Životi isključeni;ජීවිත අක්‍රියයි;Životy vyp.;Življenja izklopljena;Vidas desactivadas;Maisha yamezimwa;ජීවිත අක්‍රියයි;உயிர்கள் நிறுத்தம்;ปิดชีวิต;སྲོག་སྒོ་རྒྱག;Životy vypnuty;Canlar kapalı;جانیں بند;Tắt mạng;Bywydau i ffwrdd;Жыцці выкл.;Izimpilo zivaliwe;Liv av
game.intro.livesOn;;Short bullet on the pre-game card. Keep it concise. English is 8 characters. Try to stay close to that.;Lives on;Levens aan;Lewens aan;Jetët aktive;ሕይወቶች በርተዋል;الحيوات مفعّلة;Կյանքերը միացված են;জীৱন চালু;Canlar aktiv;Bizitzak piztuta;জীবন চালু;အသက် ဖွင့်;Životi uključeni;Животи вкл.;Vides activades;开启生命;Liv til;Leben an;Elud sees;Lív tendrað;Elämät päällä;Vies activées;Vidas activadas;სიცოცხლეები ჩართულია;Ζωές ενεργές;જીવન ચાલુ;חיים פעילים;जीवन चालू;Életek be;Beathaí ar;Líf virk;Nyawa aktif;Vite attivate;ライフあり;ಜೀವಗಳು ಆನ್;Жандар қосулы;បើកជីវិត;목숨 켜기;Životi uključeni;ເປີດຊີວິດ;Dzīvības ieslēgtas;Gyvybės įjungtos;Животи вклучени;Nyawa hidup;ജീവനുകൾ ഓൺ;जीव सुरू;Амь асаалттай;जीवन चालु;Liv på;Життя увімк.;ଜୀବନ ଚାଲୁ;جان ئوچۇق;Jonlar yoqilgan;جان‌ها روشن;Życia wł.;Vidas ligadas;ਜਾਨਾਂ ਚਾਲੂ;Vieți pornite;Жизни вкл.;Životi uključeni;ජීවිත ක්‍රියාත්මකයි;Životy zap.;Življenja vklopljena;Vidas activadas;Maisha yamewashwa;ජීවිත ක්‍රියාත්මකයි;உயிர்கள் இயக்கம்;เปิดชีวิต;སྲོག་ཁ་ཕྱེ;Životy zapnuty;Canlar açık;جانیں آن;Bật mạng;Bywydau ymlaen;Жыцці ўкл.;Izimpilo zivuliwe;Liv på
game.intro.scorePaused;;Short bullet on the pre-game card. Keep it concise. English is 34 characters. Try to stay close to that.;Your current score will be paused.;Je huidige score wordt gepauzeerd.;Jou huidige telling word gestop.;Rezultati yt aktual do të vihet në pauzë.;የአሁኑ ውጤትህ ለጊዜው ይቆማል።;ستتوقف نتيجتك الحالية مؤقتًا.;Քո ընթացիկ հաշիվը կդադարեցվի։;তোমাৰ বৰ্তমানৰ স্ক’ৰ থমকি থাকিব।;Hazırkı xalın dayandırılacaq.;Uneko puntuazioa pausatuko da.;তোমার বর্তমান স্কোর থামিয়ে রাখা হবে।;လက်ရှိအမှတ်ကို ခဏရပ်ထားမယ်။;Tvoj trenutni rezultat bit će pauziran.;Текущият ти резултат ще бъде спрян.;La puntuació actual quedarà en pausa.;当前分数会暂停。;Din nuværende score sættes på pause.;Dein aktueller Punktestand wird pausiert.;Sinu praegune tulemus pannakse pausile.;Núverandi stigatal verður sett á steðg.;Nykyinen pistemääräsi jää tauolle.;Ton score actuel sera mis en pause.;A túa puntuación actual quedará en pausa.;შენი მიმდინარე ქულა შეჩერდება.;Η τωρινή βαθμολογία σου θα παγώσει.;તમારો હાલનો સ્કોર થોભશે.;הניקוד הנוכחי יושהה.;तुम्हारा मौजूदा स्कोर रुक जाएगा।;A jelenlegi pontszámod megmarad.;Cuirfear do scór reatha ar sos.;Núverandi stig eru sett í bið.;Skormu saat ini akan dijeda.;Il punteggio attuale verrà messo in pausa.;今のスコアは一時停止されます。;ನಿನ್ನ ಈಗಿನ ಅಂಕವನ್ನು ವಿರಾಮಗೊಳಿಸಲಾಗುತ್ತದೆ.;Қазіргі ұпайың тоқтатылады.;ពិន្ទុបច្ចុប្បន្នរបស់អ្នកនឹងត្រូវផ្អាក។;현재 점수는 잠시 멈춰요.;Tvoj trenutačni rezultat bit će pauziran.;ຄະແນນປັດຈຸບັນຈະຖືກພັກໄວ້.;Tavs pašreizējais rezultāts tiks apturēts.;Dabartinis rezultatas bus pristabdytas.;Твојот тековен резултат ќе се паузира.;Skor semasa kamu akan dijeda.;നിന്റെ ഇപ്പോഴത്തെ സ്കോർ താൽക്കാലികമായി നിർത്തും.;तुझे सध्याचे गुण थांबवले जातील.;Одоогийн оноог түр зогсооно.;तिम्रो हालको स्कोर रोकिन्छ।;Poengsummen din settes på pause.;Твій поточний рахунок буде призупинено.;ତୁମର ଏବେର ସ୍କୋର ଅଟକି ରହିବ।;ھازىرقى نومۇرۇڭ توختىتىپ قويۇلىدۇ.;Hozirgi natijang pauza qilinadi.;امتیاز فعلی‌ات متوقف می‌شود.;Twój obecny wynik zostanie wstrzymany.;A tua pontuação atual ficará em pausa.;ਤੁਹਾਡਾ ਮੌਜੂਦਾ ਸਕੋਰ ਰੁਕ ਜਾਵੇਗਾ।;Scorul actual va fi pus pe pauză.;Твой текущий счёт будет сохранён.;Tvoj trenutni rezultat biće pauziran.;ඔබේ දැන් ලකුණු නවතයි.;Tvoje aktuálne skóre sa pozastaví.;Tvoj trenutni rezultat bo začasno ustavljen.;Tu puntuación actual quedará en pausa.;Alama zako za sasa zitasitishwa.;ඔබේ දැන් ලකුණු නවතයි.;உன் தற்போதைய மதிப்பெண் இடைநிறுத்தப்படும்.;คะแนนตอนนี้จะถูกพักไว้;ད་ལྟའི་སྐར་མ་མཚམས་འཇོག་བྱེད།;Tvé aktuální skóre se pozastaví.;Şu anki puanın duraklatılacak.;آپ کا موجودہ اسکور روک دیا جائے گا۔;Điểm hiện tại sẽ được tạm dừng.;Bydd dy sgôr bresennol yn cael ei seibio.;Твой цяперашні лік будзе прыпынены.;Amaphuzu akho amanje azomiswa.;Din nuvarande poäng pausas.
game.intro.start;;Short bullet on the pre-game card. Keep it concise. English is 11 characters. Try to stay close to that.;Start level;Start level;Begin vlak;Fillo nivelin;ደረጃውን ጀምር;ابدأ المستوى;Սկսել մակարդակը;লেভেল আৰম্ভ;Səviyyəyə başla;Hasi maila;লেভেল শুরু;အဆင့်စရန်;Pokreni nivo;Начало на нивото;Comença el nivell;开始关卡;Start bane;Level starten;Alusta taset;Byrja stig;Aloita taso;Commencer le niveau;Comezar nivel;დონის დაწყება;Έναρξη επιπέδου;લેવલ શરૂ કરો;התחלת שלב;स्तर शुरू करें;Szint indítása;Tosaigh an leibhéal;Byrja borð;Mulai level;Inizia il livello;レベルをはじめる;ಹಂತ ಆರಂಭಿಸು;Деңгейді бастау;ចាប់ផ្តើមកម្រិត;레벨 시작;Pokreni razinu;ເລີ່ມດ່ານ;Sākt līmeni;Pradėti lygį;Почни ниво;Mula tahap;ലെവൽ തുടങ്ങൂ;स्तर सुरू कर;Түвшинг эхлүүлэх;लेभल सुरु;Start nivå;Почати рівень;ଲେଭେଲ୍ ଆରମ୍ଭ;دەرىجىنى باشلا;Bosqichni boshlash;شروع مرحله;Zacznij poziom;Começar nível;ਲੈਵਲ ਸ਼ੁਰੂ ਕਰੋ;Începe nivelul;Начать уровень;Pokreni nivo;මට්ටම අරඹන්න;Spustiť úroveň;Začni stopnjo;Empezar nivel;Anza kiwango;මට්ටම අරඹන්න;நிலையைத் தொடங்கு;เริ่มด่าน;རིམ་པ་འགོ་འཛུགས;Spustit úroveň;Seviyeyi başlat;لیول شروع کریں;Bắt đầu màn;Dechrau'r lefel;Пачаць узровень;Qala ileveli;Starta nivån
game.intro.tablesDetail %@ %@;;"Short bullet on the pre-game card. Keep it concise. Keep the placeholders exactly (%@); the app fills them with numbers/text at runtime. You may reorder them to fit natural word order. English is 39 characters. Try to stay close to that.";Multiply %@%@ by a number from 1 to 12.;Vermenigvuldig %@%@ met een getal van 1 t/m 12.;Vermenigvuldig %@%@ met ’n getal van 1 tot 12.;Shumëzo %@%@ me një numër nga 1 deri në 12.;%@%@ን ከ1 እስከ 12 ባለ ቁጥር አባዛ።;اضرب %@%@ في عدد من 1 إلى 12.;Բազմապատկիր %@%@-ը 1-ից 12 թվով։;%@%@ ক ১ৰ পৰা ১২লৈ এটা সংখ্যাৰে পূৰণ কৰা।;%@%@-ı 1-dən 12-yə qədər bir ədədə vur.;Biderkatu %@%@ 1etik 12ra bitarteko zenbaki batez.;%@%@-কে ১ থেকে ১২-এর একটি সংখ্যা দিয়ে গুণ করো।;%@%@ ကို 1 မှ 12 အတွင်း ဂဏန်းတစ်ခုနဲ့ မြှောက်ပါ။;Pomnoži %@%@ brojem od 1 do 12.;Умножи %@%@ по число от 1 до 12.;Multiplica %@%@ per un nombre de l’1 al 12.;用 %@%@ 乘以 1 到 12 的一个数。;Gang %@%@ med et tal fra 1 til 12.;Multipliziere %@%@ mit einer Zahl von 1 bis 12.;Korruta %@%@ arvuga 1 kuni 12.;Falda %@%@ við einum tali frá 1 til 12.;Kerro %@%@ luvulla 1–12.;Multiplie %@%@ par un nombre de 1 à 12.;Multiplica %@%@ por un número do 1 ao 12.;გაამრავლე %@%@ 1-დან 12-მდე რიცხვზე.;Πολλαπλασίασε το %@%@ με έναν αριθμό από το 1 έως το 12.;%@%@ ને 1 થી 12ના કોઈ અંકથી ગુણો.;כפלו את %@%@ במספר מ־1 עד 12.;%@%@ को 1 से 12 तक किसी संख्या से गुणा करें।;Szorozd meg a(z) %@%@ értéket egy 1 és 12 közötti számmal.;Méadaigh %@%@ faoi uimhir ó 1 go 12.;Margfaldaðu %@%@ með tölu frá 1 til 12.;Kalikan %@%@ dengan angka dari 1 sampai 12.;Moltiplica %@%@ per un numero da 1 a 12.;%@%@に1から12までの数をかけよう。;%@%@ ಅನ್ನು 1ರಿಂದ 12ರವರೆಗಿನ ಸಂಖ್ಯೆಯಿಂದ ಗುಣಿಸು.;%@%@ санын 1-ден 12-ге дейінгі санға көбейт.;គុណ %@%@ នឹងចំនួនពី 1 ដល់ 12។;%@%@에 1부터 12까지의 수를 곱해요.;Pomnoži %@%@ brojem od 1 do 12.;ຄູນ %@%@ ດ້ວຍຈຳນວນຈາກ 1 ຫາ 12.;Reizini %@%@ ar skaitli no 1 līdz 12.;Padaugink %@%@ iš skaičiaus nuo 1 iki 12.;Помножи %@%@ со број од 1 до 12.;Darab %@%@ dengan nombor dari 1 hingga 12.;%@%@ നെ 1 മുതൽ 12 വരെയുള്ള ഒരു സംഖ്യ കൊണ്ട് ഗുണിക്കൂ.;%@%@ ला 1 ते 12 मधल्या संख्येने गुण.;%@%@-г 1-ээс 12 хүртэлх тоогоор үржүүл.;%@%@ लाई १ देखि १२ सम्मको सङ्ख्याले गुणा गर।;Gang %@%@ med et tall fra 1 til 12.;Помнож %@%@ на число від 1 до 12.;%@%@ କୁ 1 ରୁ 12 ମଧ୍ୟରେ ଗୋଟିଏ ସଂଖ୍ୟାରେ ଗୁଣ କର।;%@%@ نى 1 دىن 12 گىچە بىر سانغا كۆپەيت.;%@%@ ni 1 dan 12 gacha bo‘lgan songa ko‘paytir.;%@%@ را در عددی از ۱ تا ۱۲ ضرب کن.;Pomnóż %@%@ przez liczbę od 1 do 12.;Multiplica %@%@ por um número de 1 a 12.;%@%@ ਨੂੰ 1 ਤੋਂ 12 ਤੱਕ ਕਿਸੇ ਗਿਣਤੀ ਨਾਲ ਗੁਣਾ ਕਰੋ।;Înmulțește %@%@ cu un număr de la 1 la 12.;Умножь %@%@ на число от 1 до 12.;Pomnoži %@%@ brojem od 1 do 12.;%@%@ 1 සිට 12 දක්වා අංකයකින් ගුණ කරන්න.;Vynásob %@%@ číslom od 1 do 12.;Pomnoži %@%@ s številom od 1 do 12.;Multiplica %@%@ por un número del 1 al 12.;Zidisha %@%@ kwa nambari kutoka 1 hadi 12.;%@%@ 1 සිට 12 දක්වා අංකයකින් ගුණ කරන්න.;%@%@ ஐ 1 முதல் 12 வரை உள்ள எண்ணால் பெருக்கு.;คูณ %@%@ ด้วยเลขตั้งแต่ 1 ถึง 12;%@%@ ལ་ 1 ནས་ 12 བར་གྱི་གྲངས་ཤིག་སྒྱུར།;Vynásob %@%@ číslem od 1 do 12.;%@%@ sayısını 1 ile 12 arasındaki bir sayıyla çarp.;%@%@ کو 1 سے 12 تک کسی عدد سے ضرب دیں۔;Nhân %@%@ với một số từ 1 đến 12.;Lluosa %@%@ â rhif o 1 i 12.;Памнож %@%@ на лік ад 1 да 12.;Phindaphinda %@%@ ngenombolo esuka ku-1 kuya ku-12.;Multiplicera %@%@ med ett tal från 1 till 12.
game.intro.tablesOrLower;;Short bullet on the pre-game card. Keep it concise. English is 9 characters. Try to stay close to that.; or lower; of lager;of minder;ose më pak;ወይም ያነሰ;أو أقل;կամ պակաս;বা কম;və ya az;edo txikiagoa;বা কম;သို့မဟုတ် အောက်;ili manje;или по-малко;o menys;或更小;eller mindre;oder kleiner;või vähem;ella lægri;tai pienempi;ou moins;ou menos;ან ნაკლები;ή μικρότερο;અથવા ઓછું;או פחות;या कम;vagy kisebb;nó níos lú;eða lægra;atau kurang;o meno;またはそれより小さい数;ಅಥವಾ ಕಡಿಮೆ;немесе аз;ឬតិចជាង;또는 그보다 작게;ili manje;ຫຼືຕ່ຳກວ່າ;vai mazāk;ar mažiau;или помалку;atau kurang;അല്ലെങ്കിൽ കുറവ്;किंवा कमी;эсвэл бага;वा कम;eller lavere;або менше;କିମ୍ବା କମ୍;ياكى تۆۋەن;yoki kichikroq;یا کمتر;lub mniej;ou menos;ਜਾਂ ਘੱਟ;sau mai mic;или меньше;ili manje;හෝ අඩු;alebo menej;ali manj;o menos;au chini;හෝ අඩු;அல்லது குறைவு;หรือน้อยกว่า;ཡང་ན་དེ་ལས་ཆུང་།;nebo méně;veya daha az;یا کم;hoặc nhỏ hơn;neu lai;ці менш;noma ngaphansi;eller lägre
game.intro.tapToContinue;;Short bullet on the pre-game card. Keep it concise. English is 24 characters. Try to stay close to that.;Tap anywhere to continue;Tik ergens om verder te spelen;Tik enige plek om voort te gaan;Prek kudo për të vazhduar;ለመቀጠል የትም ንካ;اضغط في أي مكان للمتابعة;Հպվիր ցանկացած տեղ՝ շարունակելու համար;আগবাঢ়িবলৈ যিকোনো ঠাইত টেপ কৰা;Davam etmək üçün istənilən yerə toxun;Sakatu edonon jarraitzeko;চালিয়ে যেতে যেকোনো জায়গায় ট্যাপ করো;ဆက်ကစားရန် နေရာမရွေးတို့ပါ;Dodirni bilo gdje za nastavak;Докосни, за да продължиш;Toca qualsevol lloc per continuar;点击任意位置继续;Tryk hvor som helst for at fortsætte;Tippe irgendwo, um weiterzuspielen;Jätkamiseks puuduta ekraani;Trýst hvar sum helst fyri at halda fram;Jatka napauttamalla;Touche l’écran pour continuer;Toca en calquera lugar para continuar;გასაგრძელებლად სადმე შეეხე;Πάτησε οπουδήποτε για συνέχεια;આગળ વધવા ક્યાંય પણ ટેપ કરો;הקישו בכל מקום כדי להמשיך;आगे बढ़ने के लिए कहीं भी टैप करें;Koppints bárhová a folytatáshoz;Tapáil áit ar bith le leanúint;Pikkaðu hvar sem er til að halda áfram;Ketuk di mana saja untuk lanjut;Tocca per continuare;どこかをタップしてつづける;ಮುಂದುವರಿಸಲು ಎಲ್ಲಾದರೂ ತಟ್ಟು;Жалғастыру үшін кез келген жерді түрт;ប៉ះកន្លែងណាក៏បានដើម្បីបន្ត;아무 곳이나 눌러 계속해요;Dodirni bilo gdje za nastavak;ແຕະບ່ອນໃດກໍໄດ້ເພື່ອຫຼິ້ນຕໍ່;Pieskaries jebkur, lai turpinātu;Bakstelėk bet kur, kad tęstum;Допри каде било за да продолжиш;Ketik di mana-mana untuk teruskan;തുടരാൻ എവിടെയെങ്കിലും തട്ടൂ;पुढे जाण्यासाठी कुठेही टॅप कर;Үргэлжлүүлэхийн тулд хаана ч товш;जारी राख्न जहाँसुकै ट्याप गर;Trykk hvor som helst for å fortsette;Торкнися будь-де, щоб продовжити;ଆଗକୁ ଖେଳିବାକୁ ଯେକୌଣସି ଜାଗାରେ ଟ୍ୟାପ୍ କର;داۋاملاشتۇرۇش ئۈچۈن خالىغان يەرنى چەك;Davom etish uchun istalgan joyga teg;برای ادامه هرجا خواستی بزن;Stuknij, aby grać dalej;Toca em qualquer lugar para continuar;ਅੱਗੇ ਵਧਣ ਲਈ ਕਿਤੇ ਵੀ ਟੈਪ ਕਰੋ;Atinge oriunde pentru a continua;Нажми в любом месте, чтобы продолжить;Dodirni bilo gde za nastavak;ඉදිරියට යන්න ඕනෑම තැනක් තට්ටු කරන්න;Ťukni kamkoľvek a pokračuj;Tapni kjer koli za nadaljevanje;Toca en cualquier parte para continuar;Gusa popote kuendelea;ඉදිරියට යන්න ඕනෑම තැනක් තට්ටු කරන්න;தொடர எங்கேயும் தட்டு;แตะที่ใดก็ได้เพื่อเล่นต่อ;མུ་མཐུད་རྩེ་བར་གང་སར་རེག;Klepni kamkoli a pokračuj;Devam etmek için herhangi bir yere dokun;جاری رکھنے کے لیے کہیں بھی ٹیپ کریں;Chạm để tiếp tục;Tapia unrhyw le i barhau;Націсні, каб працягнуць;Thepha noma kuphi ukuze uqhubeke;Tryck var som helst för att fortsätta
game.intro.tapToStart;;Short bullet on the pre-game card. Keep it concise. English is 21 characters. Try to stay close to that.;Tap anywhere to start;Tik ergens om te starten;Tik enige plek om te begin;Prek kudo për të filluar;ለመጀመር የትም ንካ;اضغط في أي مكان للبدء;Հպվիր ցանկացած տեղ՝ սկսելու համար;আৰম্ভ কৰিবলৈ যিকোনো ঠাইত টেপ কৰা;Başlamaq üçün istənilən yerə toxun;Sakatu edonon hasteko;শুরু করতে যেকোনো জায়গায় ট্যাপ করো;စရန် နေရာမရွေးတို့ပါ;Dodirni bilo gdje za početak;Докосни, за да започнеш;Toca qualsevol lloc per començar;点击任意位置开始;Tryk hvor som helst for at starte;Tippe irgendwo, um zu starten;Alustamiseks puuduta ekraani;Trýst hvar sum helst fyri at byrja;Aloita napauttamalla;Touche l’écran pour commencer;Toca en calquera lugar para comezar;დასაწყებად სადმე შეეხე;Πάτησε οπουδήποτε για αρχή;શરૂ કરવા ક્યાંય પણ ટેપ કરો;הקישו בכל מקום כדי להתחיל;शुरू करने के लिए कहीं भी टैप करें;Koppints bárhová a kezdéshez;Tapáil áit ar bith le tosú;Pikkaðu hvar sem er til að byrja;Ketuk di mana saja untuk mulai;Tocca per iniziare;どこかをタップしてスタート;ಆರಂಭಿಸಲು ಎಲ್ಲಾದರೂ ತಟ್ಟು;Бастау үшін кез келген жерді түрт;ប៉ះកន្លែងណាក៏បានដើម្បីចាប់ផ្តើម;아무 곳이나 눌러 시작해요;Dodirni bilo gdje za početak;ແຕະບ່ອນໃດກໍໄດ້ເພື່ອເລີ່ມ;Pieskaries jebkur, lai sāktu;Bakstelėk bet kur, kad pradėtum;Допри каде било за почеток;Ketik di mana-mana untuk mula;തുടങ്ങാൻ എവിടെയെങ്കിലും തട്ടൂ;सुरू करण्यासाठी कुठेही टॅप कर;Эхлэхийн тулд хаана ч товш;सुरु गर्न जहाँसुकै ट्याप गर;Trykk hvor som helst for å starte;Торкнися будь-де, щоб почати;ଆରମ୍ଭ କରିବାକୁ ଯେକୌଣସି ଜାଗାରେ ଟ୍ୟାପ୍ କର;باشلاش ئۈچۈن خالىغان يەرنى چەك;Boshlash uchun istalgan joyga teg;برای شروع هرجا خواستی بزن;Stuknij, aby zacząć;Toca em qualquer lugar para começar;ਸ਼ੁਰੂ ਕਰਨ ਲਈ ਕਿਤੇ ਵੀ ਟੈਪ ਕਰੋ;Atinge oriunde pentru a începe;Нажми в любом месте, чтобы начать;Dodirni bilo gde za početak;අරඹන්න ඕනෑම තැනක් තට්ටු කරන්න;Ťukni kamkoľvek a začni;Tapni kjer koli za začetek;Toca en cualquier parte para empezar;Gusa popote kuanza;අරඹන්න ඕනෑම තැනක් තට්ටු කරන්න;தொடங்க எங்கேயும் தட்டு;แตะที่ใดก็ได้เพื่อเริ่ม;འགོ་འཛུགས་པར་གང་སར་རེག;Klepni kamkoli a začni;Başlamak için herhangi bir yere dokun;شروع کرنے کے لیے کہیں بھی ٹیپ کریں;Chạm để bắt đầu;Tapia unrhyw le i ddechrau;Націсні, каб пачаць;Thepha noma kuphi ukuze uqale;Tryck var som helst för att börja
game.intro.trophyBullet %lld;;"Short bullet on the pre-game card. Keep it concise. Keep the placeholders exactly (%lld); the app fills them with numbers/text at runtime. You may reorder them to fit natural word order. |pipes| mark bold text (2 pair(s) here). Wrap the matching word(s) in your language in |pipes|, do not translate the pipes away. English is 62 characters. Try to stay close to that.";Earn |1| trophy per correct answer, up to a maximum of |%lld|.;Verdien |1| trofee per goed antwoord, met een maximum van |%lld|.;Verdien |1| trofee per regte antwoord, tot ’n maksimum van |%lld|.;Fito |1| trofe për çdo përgjigje të saktë, deri në |%lld|.;ለእያንዳንዱ ትክክለኛ መልስ |1| ዋንጫ አግኝ፣ እስከ |%lld| ድረስ።;اكسب |1| كأسًا لكل إجابة صحيحة، بحد أقصى |%lld|.;Յուրաքանչյուր ճիշտ պատասխանի համար վաստակիր |1| գավաթ՝ առավելագույնը |%lld|։;প্ৰতি সঠিক উত্তৰত |1|টা ট্ৰফী, সৰ্বাধিক |%lld|টা।;Hər düzgün cavaba |1| kubok qazan, ən çox |%lld|.;Irabazi |1| garaikur erantzun zuzen bakoitzeko, gehienez |%lld|.;প্রতি সঠিক উত্তরে |1|টি ট্রফি পাও, সর্বোচ্চ |%lld|টি।;အဖြေမှန်တစ်ခုစီအတွက် |1| ဆုဖလားရမယ်၊ အများဆုံး |%lld| အထိ။;Osvoji |1| trofej za svaki tačan odgovor, najviše |%lld|.;Печелиш по |1| трофей за верен отговор, до максимум |%lld|.;Guanya |1| trofeu per resposta correcta, fins a un màxim de |%lld|.;每答对一题可得 |1| 个奖杯，最多可得 |%lld| 个。;Få |1| pokal for hvert rigtigt svar, op til |%lld|.;Verdiene |1| Pokal pro richtiger Antwort, höchstens |%lld|.;Teeni iga õige vastuse eest |1| karikas, kuni |%lld| karikani.;Vinn |1| steyp fyri hvørt rætt svar, í mesta lagi |%lld|.;Saat |1| pokaalin jokaisesta oikeasta vastauksesta, enintään |%lld|.;Gagne |1| trophée par bonne réponse, jusqu’à |%lld| maximum.;Gaña |1| trofeo por cada resposta correcta, ata un máximo de |%lld|.;ყოველ სწორ პასუხზე მიიღე |1| თასი, მაქსიმუმ |%lld|.;Κέρδισε |1| τρόπαιο για κάθε σωστή απάντηση, έως |%lld|.;દરેક સાચા જવાબે |1| ટ્રોફી મેળવો, વધુમાં વધુ |%lld|.;קבלו |1| גביע על כל תשובה נכונה, עד |%lld|.;हर सही उत्तर पर |1| ट्रॉफी पाओ, अधिकतम |%lld| तक।;Minden helyes válaszért |1| trófeát kapsz, legfeljebb |%lld|-et.;Faigh |1| trófaí as gach freagra ceart, suas le |%lld| ar a mhéad.;Fáðu |1| bikar fyrir hvert rétt svar, allt að |%lld|.;Dapatkan |1| trofi untuk setiap jawaban benar, maksimal |%lld|.;Guadagna |1| trofeo per ogni risposta corretta, fino a un massimo di |%lld|.;正解1つでトロフィーを|1|こゲット。最大|%lld|こまで。;ಪ್ರತಿ ಸರಿಯಾದ ಉತ್ತರಕ್ಕೆ |1| ಟ್ರೋಫಿ ಗಳಿಸು, ಗರಿಷ್ಠ |%lld|.;Әр дұрыс жауапқа |1| жүлде ал, ең көбі |%lld|.;ទទួលបានពាន |1| សម្រាប់ចម្លើយត្រឹមត្រូវនីមួយៗ រហូតដល់អតិបរមា |%lld|។;정답 하나마다 트로피 |1|개를 받아요. 최대 |%lld|개예요.;Osvoji |1| pehar za svaki točan odgovor, najviše |%lld|.;ໄດ້ |1| ຖ້ວຍຕໍ່ຄຳຕອບຖືກ 1 ຂໍ້, ສູງສຸດ |%lld|.;Par katru pareizo atbildi saņem |1| trofeju, ne vairāk kā |%lld|.;Už kiekvieną teisingą atsakymą gauk |1| trofėjų, daugiausia |%lld|.;Освои |1| трофеј за секој точен одговор, најмногу |%lld|.;Dapat |1| trofi bagi setiap jawapan betul, hingga maksimum |%lld|.;ഓരോ ശരിയുത്തരത്തിനും |1| ട്രോഫി നേടൂ, പരമാവധി |%lld| വരെ.;प्रत्येक योग्य उत्तरासाठी |1| ट्रॉफी मिळव, जास्तीत जास्त |%lld|.;Зөв хариулт бүрд |1| цом, хамгийн ихдээ |%lld| цом авна.;हरेक सही उत्तरमा |1| ट्रफी कमाऊ, बढीमा |%lld|।;Få |1| trofé per riktig svar, opptil |%lld|.;Отримуй |1| трофей за кожну правильну відповідь, максимум |%lld|.;ପ୍ରତ୍ୟେକ ଠିକ୍ ଉତ୍ତରରେ |1| ଟ୍ରଫି ଜିତ, ସର୍ବାଧିକ |%lld| ପର୍ଯ୍ୟନ୍ତ।;ھەر بىر توغرا جاۋابقا |1| لوڭقا ئال، ئەڭ كۆپ بولغاندا |%lld|.;Har bir to‘g‘ri javob uchun |1| ta sovrin ol, ko‘pi bilan |%lld| ta.;برای هر پاسخ درست |1| جام بگیر، تا حداکثر |%lld|.;Zdobywaj |1| puchar za każdą dobrą odpowiedź, maksymalnie |%lld|.;Ganha |1| troféu por resposta certa, até ao máximo de |%lld|.;ਹਰ ਸਹੀ ਜਵਾਬ ਲਈ |1| ਟ੍ਰਾਫੀ ਕਮਾਓ, ਵੱਧ ਤੋਂ ਵੱਧ |%lld|।;Câștigă |1| trofeu pentru fiecare răspuns corect, până la maximum |%lld|.;Получай по |1| трофею за верный ответ, максимум |%lld|.;Osvoji |1| trofej za svaki tačan odgovor, najviše |%lld|.;නිවැරදි පිළිතුරකට |1| කුසලානයක් උපයන්න, වැඩිම |%lld| දක්වා.;Za každú správnu odpoveď získaj |1| trofej, najviac |%lld|.;Za vsak pravilen odgovor dobiš |1| pokal, največ |%lld|.;Gana |1| trofeo por cada respuesta correcta, hasta un máximo de |%lld|.;Pata kikombe |1| kwa kila jibu sahihi, hadi vikombe |%lld|.;නිවැරදි පිළිතුරකට |1| කුසලානයක් උපයන්න, වැඩිම |%lld| දක්වා.;"ஒவ்வொரு சரியான விடைக்கும் |1| கோப்பை பெறு; அதிகபட்சம் |%lld|.";รับถ้วยรางวัล |1| ใบต่อคำตอบที่ถูก สูงสุด |%lld| ใบ;ལན་འགྲིག་པ་རེར་བྱ་དགའ་ |1| ཐོབ། མང་ཤོས་ |%lld| ཡིན།;Za každou správnou odpověď získáš |1| trofej, nejvýše |%lld|.;Her doğru cevapta |1| kupa kazan, en fazla |%lld|.;ہر درست جواب پر |1| ٹرافی پائیں، زیادہ سے زیادہ |%lld|۔;Nhận |1| cúp cho mỗi đáp án đúng, tối đa |%lld|.;Enilla |1| tlws am bob ateb cywir, hyd at |%lld|.;Атрымлівай |1| трафей за правільны адказ, але не больш за |%lld|.;Thola indebe engu-|1| ngempendulo ngayinye efanele, kuze kufike ku-|%lld|.;Få |1| pokal per rätt svar, upp till |%lld|.
game.intro.unlimitedBullet;;Short bullet on the pre-game card. Keep it concise. English is 57 characters. Try to stay close to that.;Once your lives are gone you can no longer earn trophies.;Nadat je levens op zijn, kun je geen trofeeën meer verdienen.;Wanneer jou lewens op is, kan jy nie meer trofeë verdien nie.;Kur të mbarojnë jetët, nuk mund të fitosh më trofe.;ሕይወቶችህ ካለቁ በኋላ ዋንጫዎችን ማግኘት አትችልም።;عندما تنفد حيواتك، لن تتمكن من كسب المزيد من الكؤوس.;Երբ կյանքերդ վերջանան, այլևս գավաթներ չես վաստակի։;জীৱন শেষ হ’লে আৰু ট্ৰফী পাব নোৱাৰিবা।;Canların bitəndən sonra kubok qazana bilməzsən.;Bizitzak amaitzean, ezin duzu garaikur gehiago irabazi.;জীবন শেষ হলে আর ট্রফি পাবে না।;အသက်ကုန်သွားရင် ဆုဖလား ထပ်မရတော့ဘူး။;Kad izgubiš sve živote, više ne možeš osvajati trofeje.;Когато животите ти свършат, вече не можеш да печелиш трофеи.;Quan et quedis sense vides, ja no podràs guanyar trofeus.;生命用完后，就不能再获得奖杯了。;Når dine liv er brugt, kan du ikke længere få pokaler.;Sind deine Leben aufgebraucht, kannst du keine Pokale mehr verdienen.;Kui elud saavad otsa, ei saa sa enam karikaid teenida.;Tá lívini eru uppi, kanst tú ikki vinna fleiri steyp.;Kun elämäsi loppuvat, et voi enää ansaita pokaaleja.;Quand tu n’as plus de vies, tu ne peux plus gagner de trophées.;Cando quedes sen vidas, xa non poderás gañar trofeos.;როცა სიცოცხლეები დაგიმთავრდება, თასებს ვეღარ მიიღებ.;Όταν τελειώσουν οι ζωές σου, δεν μπορείς πια να κερδίζεις τρόπαια.;જીવન પૂરાં થયા પછી તમે વધુ ટ્રોફી મેળવી શકશો નહીં.;כשנגמרים החיים, אי אפשר עוד לזכות בגביעים.;जीवन खत्म होने के बाद ट्रॉफी नहीं कमा सकते।;Ha elfogynak az életeid, több trófeát már nem szerezhetsz.;Nuair a bheidh do bheathaí caillte, ní féidir leat tuilleadh trófaithe a fháil.;Þegar lífin eru búin geturðu ekki lengur unnið bikara.;Setelah nyawamu habis, kamu tidak bisa mendapat trofi lagi.;Quando finisci le vite, non puoi più guadagnare trofei.;ライフがなくなると、トロフィーはもらえません。;ಜೀವಗಳು ಮುಗಿದ ನಂತರ ಟ್ರೋಫಿಗಳನ್ನು ಗಳಿಸಲು ಆಗುವುದಿಲ್ಲ.;Жандарың біткен соң жүлде жинай алмайсың.;ពេលជីវិតអស់ អ្នកមិនអាចរកពានបានទៀតទេ។;목숨을 다 쓰면 트로피를 더 받을 수 없어요.;Kad izgubiš sve živote, više ne možeš osvajati pehare.;ເມື່ອຊີວິດໝົດ ເຈົ້າຈະບໍ່ໄດ້ຖ້ວຍອີກ.;Kad dzīvības beigušās, trofejas vairs nevar nopelnīt.;Kai baigsis gyvybės, trofėjų pelnyti nebegalėsi.;Кога ќе ги изгубиш сите животи, повеќе не можеш да освојуваш трофеи.;Bila nyawa habis, kamu tak boleh dapat trofi lagi.;ജീവനുകൾ തീർന്നാൽ ഇനി ട്രോഫികൾ നേടാനാവില്ല.;तुझे जीव संपल्यावर आणखी ट्रॉफी मिळणार नाहीत.;Амь дууссаны дараа цом авах боломжгүй.;जीवन सकिएपछि ट्रफी कमाउन सकिँदैन।;Når du er tom for liv, kan du ikke få flere trofeer.;Коли життя закінчаться, трофеї більше не нараховуються.;ସବୁ ଜୀବନ ଶେଷ ହେଲେ ଆଉ ଟ୍ରଫି ଜିତିପାରିବ ନାହିଁ।;جانلىرىڭ تۈگىسە، لوڭقا ئالالمايسەن.;Jonlaring tugagach, boshqa sovrin ololmaysan.;وقتی جان‌هایت تمام شود، دیگر جام نمی‌گیری.;Gdy stracisz wszystkie życia, nie możesz już zdobywać pucharów.;Quando as vidas acabam, já não podes ganhar troféus.;ਜਾਨਾਂ ਮੁੱਕਣ ਤੋਂ ਬਾਅਦ ਤੁਸੀਂ ਹੋਰ ਟ੍ਰਾਫੀਆਂ ਨਹੀਂ ਕਮਾ ਸਕਦੇ।;După ce rămâi fără vieți, nu mai poți câștiga trofee.;Когда жизни закончатся, трофеи больше не начисляются.;Kad izgubiš sve živote, više ne možeš da osvajaš trofeje.;ජීවිත ඉවර වූ පසු තවත් කුසලාන උපයන්න බැහැ.;Keď stratíš všetky životy, ďalšie trofeje už nezískaš.;Ko ti zmanjka življenj, ne moreš več osvajati pokalov.;Cuando pierdas todas tus vidas, ya no podrás ganar trofeos.;Maisha yako yakiisha, huwezi kupata vikombe tena.;ජීවිත ඉවර වූ පසු තවත් කුසලාන උපයන්න බැහැ.;உன் உயிர்கள் தீர்ந்ததும் இனி கோப்பைகள் பெற முடியாது.;เมื่อชีวิตหมดแล้ว จะรับถ้วยรางวัลเพิ่มไม่ได้;སྲོག་ཚར་རྗེས་བྱ་དགའ་སླར་ཡང་ཐོབ་མི་ཐུབ།;Když ti dojdou životy, další trofeje už nezískáš.;Canların bitince artık kupa kazanamazsın.;جانیں ختم ہونے کے بعد آپ مزید ٹرافیاں نہیں کما سکتے۔;Khi hết mạng, bạn không thể nhận thêm cúp.;Pan fydd dy fywydau wedi darfod, chei di ddim mwy o dlysau.;Калі жыцці скончацца, трафеі больш не налічваюцца.;Uma izimpilo zakho seziphelile, awusakwazi ukuthola izindebe.;När dina liv är slut kan du inte längre få pokaler.
game.status.leaderboardMaxed;;In-app text. English is 44 characters. Try to stay close to that.;Maximum trophies for the leaderboard reached;Maximaal aantal trofeeën voor scorebord behaald;Maksimum trofeë vir die ranglys bereik;Ke arritur numrin maksimal të trofeve për renditjen;ለውጤት ሰሌዳው ከፍተኛው የዋንጫ ብዛት ተደርሷል;بلغت الحد الأقصى للكؤوس في لوحة الصدارة;Առաջատարների աղյուսակի գավաթների առավելագույնը հասել է;লিডাৰব’ৰ্ডৰ সৰ্বাধিক ট্ৰফী পোৱা হ’ল;Liderlər cədvəli üçün maksimum kuboka çatdın;Sailkapenerako gehieneko garaikur kopurura iritsi zara;লিডারবোর্ডের সর্বোচ্চ ট্রফি হয়ে গেছে;အမှတ်စာရင်းအတွက် အများဆုံးဆုဖလား ရပြီးပြီ;Dostignut je najveći broj trofeja za rang-listu;Достигна максимума трофеи за класацията;Has assolit el màxim de trofeus de la classificació;已达到排行榜奖杯上限;Maksimalt antal pokaler til ranglisten nået;Höchstzahl an Pokalen für die Bestenliste erreicht;Edetabeli karikate maksimum on käes;Hámarkið av steypum á stigatalvuni er rokkið;Tulostaulun pokaalien enimmäismäärä saavutettu;Maximum de trophées atteint pour le classement;Acadaches o máximo de trofeos da clasificación;ლიდერბორდისთვის თასების მაქსიმუმი მიღწეულია;Έφτασες τα μέγιστα τρόπαια για τον πίνακα κατάταξης;લીડરબોર્ડ માટે સૌથી વધુ ટ્રોફી મળી ગઈ;הגעתם למספר הגביעים המרבי בטבלת השיאים;लीडरबोर्ड की अधिकतम ट्रॉफियाँ मिल गईं;Elérted a ranglistán számító trófeák maximumát;Tá uaslíon na dtrófaithe don chlár ceannais bainte amach;Hámarksfjölda bikara á stigatöflunni náð;Batas trofi untuk papan peringkat tercapai;Hai raggiunto il massimo di trofei per la classifica;ランキング用トロフィーの上限に達しました;ಅಂಕಪಟ್ಟಿಗೆ ಗರಿಷ್ಠ ಟ್ರೋಫಿಗಳು ತಲುಪಿವೆ;Көшбасшылар кестесіне арналған ең көп жүлде жиналды;បានដល់ចំនួនពានអតិបរមាសម្រាប់តារាងពិន្ទុ;순위표에서 받을 수 있는 최대 트로피를 모았어요;Dosegnut je najveći broj pehara za ljestvicu;ໄດ້ຖ້ວຍສູງສຸດສຳລັບຕາຕະລາງຄະແນນແລ້ວ;Sasniegts maksimālais trofeju skaits topā;Pasiektas didžiausias trofėjų skaičius reitinge;Го достигна најголемиот број трофеи за табелата;Had maksimum trofi papan kedudukan dicapai;ലീഡർബോർഡിനുള്ള പരമാവധി ട്രോഫികൾ നേടി;गुणफलकासाठी कमाल ट्रॉफी मिळाल्या;Онооны самбарын цомын дээд хэмжээнд хүрлээ;लिडरबोर्डका लागि अधिकतम ट्रफी पुग्यो;Du har nådd maks antall trofeer på resultatlisten;Досягнуто максимуму трофеїв для таблиці лідерів;ଲିଡରବୋର୍ଡ ପାଇଁ ସର୍ବାଧିକ ଟ୍ରଫି ହୋଇଗଲା;رەت تەرتىپى ئۈچۈن ئەڭ كۆپ لوڭقا سانىغا يەتتىڭ;Peshqadamlar jadvali uchun eng ko‘p sovrin olindi;حداکثر جام‌های جدول امتیاز گرفته شد;Osiągnięto maksymalną liczbę pucharów do rankingu;Atingiste o máximo de troféus para a classificação;ਲੀਡਰਬੋਰਡ ਲਈ ਵੱਧ ਤੋਂ ਵੱਧ ਟ੍ਰਾਫੀਆਂ ਮਿਲ ਗਈਆਂ;Ai atins numărul maxim de trofee pentru clasament;Достигнут максимум трофеев для таблицы лидеров;Dostignut je najveći broj trofeja za rang-listu;ලකුණු පුවරුවේ උපරිම කුසලාන ගණන ලැබුණා;Dosiahnutý maximálny počet trofejí do rebríčka;Doseženo je največje število pokalov za lestvico;Has alcanzado el máximo de trofeos para la clasificación;Umefikia vikombe vya juu zaidi kwenye ubao wa alama;ලකුණු පුවරුවේ උපරිම කුසලාන ගණන ලැබුණා;தரவரிசைக்கான அதிகபட்ச கோப்பைகள் கிடைத்துவிட்டன;เก็บถ้วยรางวัลสำหรับตารางอันดับครบสูงสุดแล้ว;ཨང་རིམ་གྱི་བྱ་དགའ་མང་ཤོས་ཐོབ་ཟིན།;Dosažen maximální počet trofejí do žebříčku;Liderlik tablosu için en fazla kupaya ulaştın;لیڈر بورڈ کی زیادہ سے زیادہ ٹرافیاں مل گئیں;Đã đạt số cúp tối đa trên bảng xếp hạng;Wedi cyrraedd uchafswm y tlysau ar gyfer y bwrdd sgorio;Дасягнуты максімум трафеяў для рэйтынгу;Usufinyelele enanini eliphezulu lezindebe ebhodini lamaphuzu;Max antal pokaler för topplistan uppnått
game.status.mixMode;;In-app text. English is 8 characters. Try to stay close to that.;MIX MODE;MIX-MODUS;MENGMODUS;MODALITETI MIX;ድብልቅ ሁነታ;وضع المزيج;ԽԱՌԸ ՌԵԺԻՄ;মিক্স মোড;QARIŞIQ REJİM;NAHASKETA MODUA;মিক্স মোড;ပေါင်းစပ်မုဒ်;MIKS NAČIN;МИКС РЕЖИМ;MODE MIX;混合模式;MIXTILSTAND;MIX-MODUS;SEGUREŽIIM;BLANDSTØÐA;SEKOITUSTILA;MODE MIX;MODO MESTURA;მიქს-რეჟიმი;ΛΕΙΤΟΥΡΓΙΑ ΜΙΞΗΣ;મિશ્રણ મોડ;מצב ערבוב;मिक्स मोड;MIX MÓD;MÓD MEASCÁIN;BLÖNDUN;MODE CAMPURAN;MODALITÀ MIX;ミックスモード;ಮಿಕ್ಸ್ ಮೋಡ್;АРАЛАС РЕЖИМ;របៀបលាយ;믹스 모드;NAČIN MIKS;ໂໝດປະສົມ;MIKSA REŽĪMS;MIŠRUS REŽIMAS;МИКС-РЕЖИМ;MOD CAMPUR;മിക്സ് മോഡ്;मिक्स मोड;ХОЛИМОГ ГОРИМ;मिक्स मोड;MIKSMODUS;РЕЖИМ МІКС;ମିକ୍ସ ମୋଡ୍;ئارىلاش ھالەت;ARALASH REJIM;حالت ترکیبی;TRYB MIX;MODO MISTURA;ਮਿਕਸ ਮੋਡ;MOD MIX;РЕЖИМ «МИКС»;REŽIM MIKSA;මිශ්‍ර මාදිලිය;REŽIM MIX;MEŠANI NAČIN;MODO MEZCLA;HALI YA MCHANGANYIKO;මිශ්‍ර මාදිලිය;கலவை முறை;โหมดผสม;འདྲེས་མའི་རྣམ་པ;REŽIM MIX;KARIŞIM MODU;مکس موڈ;CHẾ ĐỘ TRỘN;MODD CYMYSGU;РЭЖЫМ МІКС;IMODI YENGXUBE;MIXLÄGE
game.status.scoreLocked;;In-app text. English is 49 characters. Try to stay close to that.;Trophies no longer count once your lives are gone;Trofeeën tellen niet meer mee nadat je levens op zijn;Trofeë tel nie meer wanneer jou lewens op is nie;Kur mbarojnë jetët, trofetë nuk numërohen më;ሕይወቶችህ ካለቁ በኋላ ዋንጫዎች አይቆጠሩም;لن تُحسب الكؤوس بعد نفاد حيواتك;Երբ կյանքերդ վերջանան, գավաթներն այլևս չեն հաշվվում;জীৱন শেষ হ’লে ট্ৰফী আৰু গণনা নহয়;Canların bitəndən sonra kuboklar sayılmır;Bizitzak amaitzean, garaikurrek ez dute gehiago balio;জীবন শেষ হলে ট্রফি আর গোনা হয় না;အသက်ကုန်ပြီးရင် ဆုဖလား မရေတွက်တော့ဘူး;Trofeji se više ne broje kad izgubiš sve živote;Трофеите вече не се броят, когато животите ти свършат;Els trofeus ja no compten quan et quedes sense vides;生命用完后，奖杯不再计数;Pokaler tæller ikke længere, når dine liv er brugt;Sind deine Leben aufgebraucht, zählen Pokale nicht mehr;Kui elud saavad otsa, karikaid enam ei arvestata;Steyp telja ikki longur, tá lívini eru uppi;Pokaaleja ei enää lasketa, kun elämäsi loppuvat;Les trophées ne comptent plus quand tu n’as plus de vies;Os trofeos deixan de contar cando quedas sen vidas;სიცოცხლეების ამოწურვის შემდეგ თასები აღარ ითვლება;Τα τρόπαια δεν μετρούν πια όταν τελειώσουν οι ζωές σου;જીવન પૂરાં થયા પછી ટ્રોફી ગણાતી નથી;אחרי שנגמרים החיים, הגביעים כבר לא נספרים;जीवन खत्म होने के बाद ट्रॉफियाँ नहीं गिनी जातीं;Ha elfogynak az életeid, a trófeák már nem számítanak;Ní áirítear trófaithe a thuilleadh nuair atá do bheathaí caillte;Bikarar teljast ekki lengur þegar lífin eru búin;Trofi tidak dihitung lagi setelah nyawamu habis;I trofei non contano più quando finisci le vite;ライフがなくなるとトロフィーは増えません;ಜೀವಗಳು ಮುಗಿದ ನಂತರ ಟ್ರೋಫಿಗಳು ಲೆಕ್ಕಕ್ಕೆ ಸೇರುವುದಿಲ್ಲ;Жандарың біткен соң жүлделер есептелмейді;ពានឈប់រាប់ពេលជីវិតរបស់អ្នកអស់;목숨을 다 쓰면 트로피가 더 이상 점수에 들어가지 않아요;Pehari se više ne broje kad izgubiš sve živote;ຖ້ວຍບໍ່ນັບອີກເມື່ອຊີວິດໝົດ;Kad dzīvības beigušās, trofejas vairs neskaita;Kai baigiasi gyvybės, trofėjai nebeskaičiuojami;Трофеите повеќе не се бројат кога ќе ги изгубиш животите;Trofi tak lagi dikira bila nyawa habis;ജീവനുകൾ തീർന്നാൽ ട്രോഫികൾ ഇനി എണ്ണില്ല;जीव संपल्यावर ट्रॉफी मोजल्या जाणार नाहीत;Амь дууссаны дараа цом тооцогдохгүй;जीवन सकिएपछि ट्रफी गनिँदैन;Trofeer teller ikke når du er tom for liv;Коли життя закінчаться, трофеї більше не рахуються;ଜୀବନ ଶେଷ ହେଲେ ଟ୍ରଫି ଆଉ ଗଣାଯାଏ ନାହିଁ;جانلىرىڭ تۈگىگەندىن كېيىن لوڭقىلار ھېسابلانمايدۇ;Jonlaring tugagach, sovrinlar hisoblanmaydi;بعد از تمام شدن جان‌ها، جام‌ها دیگر حساب نمی‌شوند;Po utracie wszystkich żyć puchary przestają się liczyć;Os troféus deixam de contar quando as vidas acabam;ਜਾਨਾਂ ਮੁੱਕਣ ਤੋਂ ਬਾਅਦ ਟ੍ਰਾਫੀਆਂ ਨਹੀਂ ਗਿਣੀਆਂ ਜਾਂਦੀਆਂ;Trofeele nu mai contează după ce rămâi fără vieți;Когда жизни закончатся, трофеи больше не считаются;Trofeji se više ne računaju kad izgubiš sve živote;ජීවිත ඉවර වූ පසු කුසලාන ගණන් නොවේ;Po strate všetkých životov sa trofeje už nepočítajú;Ko ti zmanjka življenj, pokali ne štejejo več;Los trofeos dejan de contar cuando pierdes todas tus vidas;Vikombe havihesabiwi tena maisha yako yakiisha;ජීවිත ඉවර වූ පසු කුසලාන ගණන් නොවේ;உயிர்கள் தீர்ந்ததும் கோப்பைகள் கணக்கில் சேராது;ถ้วยรางวัลจะไม่นับอีกเมื่อชีวิตหมด;སྲོག་ཚར་རྗེས་བྱ་དགའ་བརྩི་མཚམས་འཇོག;Po ztrátě všech životů se trofeje už nepočítají;Canların bitince kupalar artık sayılmaz;جانیں ختم ہونے کے بعد ٹرافیاں شمار نہیں ہوتیں;Cúp không còn được tính khi bạn hết mạng;Ni fydd tlysau'n cyfrif ar ôl i dy fywydau ddod i ben;Калі жыцці скончыліся, трафеі больш не залічваюцца;Izindebe azisabalwa uma izimpilo zakho seziphelile;Pokaler räknas inte längre när dina liv är slut
game.streak.subtitle;;Subheading. One short sentence. English is 11 characters. Try to stay close to that.;Trophies ×2;Trofeeën ×2;Trofeë ×2;Trofe ×2;ዋንጫዎች ×2;الكؤوس ×2;Գավաթներ ×2;ট্ৰফী ×2;Kuboklar ×2;Garaikurrak ×2;ট্রফি ×2;ဆုဖလား ×2;Trofeji ×2;Трофеи ×2;Trofeus ×2;奖杯 ×2;Pokaler ×2;Pokale ×2;Karikad ×2;Steyp ×2;Pokaalit ×2;Trophées ×2;Trofeos ×2;თასები ×2;Τρόπαια ×2;ટ્રોફી ×2;גביעים ×2;ट्रॉफी ×2;Trófeák ×2;Trófaithe ×2;Bikarar ×2;Trofi ×2;Trofei ×2;トロフィー×2;ಟ್ರೋಫಿಗಳು ×2;Жүлделер ×2;ពាន ×2;트로피 ×2;Pehari ×2;ຖ້ວຍ ×2;Trofejas ×2;Trofėjai ×2;Трофеи ×2;Trofi ×2;ട്രോഫികൾ ×2;ट्रॉफी ×2;Цом ×2;ट्रफी ×2;Trofeer ×2;Трофеї ×2;ଟ୍ରଫି ×2;لوڭقا ×2;Sovrinlar ×2;جام‌ها ×2;Puchary ×2;Troféus ×2;ਟ੍ਰਾਫੀਆਂ ×2;Trofee ×2;Трофеи ×2;Trofeji ×2;කුසලාන ×2;Trofeje ×2;Pokali ×2;Trofeos ×2;Vikombe ×2;කුසලාන ×2;கோப்பைகள் ×2;ถ้วยรางวัล ×2;བྱ་དགའ ×2;Trofeje ×2;Kupalar ×2;ٹرافیاں ×2;Cúp ×2;Tlysau ×2;Трафеі ×2;Izindebe ×2;Pokaler ×2
game.streak.title;;Heading. Short and punchy. English is 11 characters. Try to stay close to that.;5 in a row!;5 op een rij!;5 in ’n ry!;5 rresht!;5 በተከታታይ!;5 متتالية!;5-ն անընդմեջ։;একেৰাহে ৫টা!;Ardıcıl 5!;5 jarraian!;টানা ৫টি!;၅ ခုဆက်တိုက်!;5 zaredom!;5 поред!;5 seguides!;连续答对 5 题！;5 i træk!;5 in Folge!;5 järjest!;5 á rað!;5 oikein putkeen!;5 à la suite !;5 seguidas!;5 ზედიზედ!;5 στη σειρά!;સળંગ 5!;5 ברצף!;लगातार 5!;5 egymás után!;5 as a chéile!;5 í röð!;5 berturut-turut!;5 di fila!;5もんれんぞく！;ಸತತ 5!;Қатарынан 5!;ត្រូវ 5 ដងជាប់គ្នា!;5번 연속!;5 zaredom!;5 ຂໍ້ຕິດກັນ!;5 pēc kārtas!;5 iš eilės!;5 по ред!;5 berturut-turut!;തുടർച്ചയായി 5!;सलग 5!;5 дарааллаа!;लगातार ५!;5 på rad!;5 поспіль!;ଲଗାତାର 5ଟି!;ئۇدا 5!;Ketma-ket 5 ta!;۵ تا پشت سر هم!;5 z rzędu!;5 seguidas!;ਲਗਾਤਾਰ 5!;5 la rând!;5 подряд!;5 zaredom!;පේළියට 5ක්!;5 za sebou!;5 zapored!;¡5 seguidas!;5 mfululizo!;පේළියට 5ක්!;தொடர்ந்து 5!;ถูก 5 ข้อติด!;ལན་5 བསྟུད་མར་!;5 v řadě!;Üst üste 5!;لگاتار 5!;Đúng 5 câu liền!;5 yn olynol!;5 запар!;5 zilandelana!;5 i rad!
goal.period;;Settings text. Keep it compact. English is 11 characters. Try to stay close to that.;Goal period;Doelperiode;Doeltydperk;Periudha e objektivit;የግብ ጊዜ;فترة الهدف;Նպատակի շրջան;লক্ষ্যৰ সময়;Hədəf müddəti;Helburu-epea;লক্ষ্যের সময়কাল;ပန်းတိုင်ကာလ;Period cilja;Период на целта;Període de l’objectiu;目标周期;Målperiode;Zielzeitraum;Eesmärgi periood;Málskeið;Tavoitejakso;Période de l’objectif;Período do obxectivo;მიზნის პერიოდი;Περίοδος στόχου;લક્ષ્ય સમયગાળો;תקופת היעד;लक्ष्य अवधि;Cél időszaka;Tréimhse sprice;Marktímabil;Periode target;Periodo obiettivo;目標の期間;ಗುರಿಯ ಅವಧಿ;Мақсат кезеңі;រយៈពេលគោលដៅ;목표 기간;Razdoblje cilja;ໄລຍະເປົ້າໝາຍ;Mērķa periods;Tikslo laikotarpis;Период на целта;Tempoh sasaran;ലക്ഷ്യകാലം;ध्येय कालावधी;Зорилгын хугацаа;लक्ष्य अवधि;Målperiode;Період цілі;ଲକ୍ଷ୍ୟ ସମୟ;نىشان مۇددىتى;Maqsad davri;بازهٔ هدف;Okres celu;Período da meta;ਟੀਚੇ ਦੀ ਮਿਆਦ;Perioada obiectivului;Период цели;Period cilja;ඉලක්ක කාලය;Obdobie cieľa;Obdobje cilja;Periodo del objetivo;Kipindi cha lengo;ඉලක්ක කාලය;இலக்கு காலம்;ช่วงเป้าหมาย;དམིགས་ཡུན;Období cíle;Hedef dönemi;ہدف کی مدت;Khoảng thời gian;Cyfnod y nod;Перыяд мэты;Isikhathi somgomo;Målperiod
goal.promptDaily;;Settings text. Keep it compact. English is 45 characters. Try to stay close to that.;How many minutes do you want to play per day?;Hoeveel minuten wil je per dag spelen?;Hoeveel minute wil jy elke dag speel?;Sa minuta dëshiron të luash çdo ditë?;በቀን ስንት ደቂቃ መጫወት ትፈልጋለህ?;كم دقيقة تريد أن تلعب يوميًا؟;Օրական քանի՞ րոպե ես ուզում խաղալ։;দিনে কিমান মিনিট খেলিব খোজা?;Gündə neçə dəqiqə oynamaq istəyirsən?;Zenbat minutuz jokatu nahi duzu egunean?;প্রতিদিন কত মিনিট খেলতে চাও?;တစ်နေ့ကို ဘယ်နှမိနစ် ကစားချင်လဲ။;Koliko minuta želiš igrati dnevno?;Колко минути искаш да играеш на ден?;Quants minuts vols jugar cada dia?;你每天想玩几分钟？;Hvor mange minutter vil du spille om dagen?;Wie viele Minuten möchtest du täglich spielen?;Mitu minutit tahad päevas mängida?;Hvussu nógvar minuttir vilt tú spæla um dagin?;Kuinka monta minuuttia haluat pelata päivässä?;Combien de minutes veux-tu jouer par jour ?;Cantos minutos queres xogar ao día?;დღეში რამდენი წუთი გინდა ითამაშო?;"Πόσα λεπτά θέλεις να παίζεις κάθε μέρα;";તમે દરરોજ કેટલા મિનિટ રમવા માંગો છો?;כמה דקות תרצו לשחק בכל יום?;हर दिन कितने मिनट खेलना चाहते हो?;Hány percet szeretnél játszani naponta?;Cé mhéad nóiméad ar mhaith leat imirt gach lá?;Hve margar mínútur viltu spila á dag?;Berapa menit kamu ingin bermain setiap hari?;Quanti minuti vuoi giocare al giorno?;1日に何分あそびたい？;ದಿನಕ್ಕೆ ಎಷ್ಟು ನಿಮಿಷ ಆಡಲು ಬಯಸುತ್ತೀಯ?;Күніне неше минут ойнағың келеді?;អ្នកចង់លេងប៉ុន្មាននាទីក្នុងមួយថ្ងៃ?;하루에 몇 분 동안 놀고 싶나요?;Koliko minuta želiš igrati svaki dan?;ຢາກຫຼິ້ນມື້ລະຈັກນາທີ?;Cik minūtes dienā vēlies spēlēt?;Kiek minučių per dieną nori žaisti?;Колку минути сакаш да играш дневно?;Berapa minit kamu mahu bermain setiap hari?;ദിവസം എത്ര മിനിറ്റ് കളിക്കണം?;दररोज किती मिनिटे खेळायचे?;Өдөрт хэдэн минут тоглох вэ?;दिनमा कति मिनेट खेल्न चाहन्छौ?;Hvor mange minutter vil du spille hver dag?;Скільки хвилин на день ти хочеш грати?;ଦିନକୁ କେତେ ମିନିଟ୍ ଖେଳିବାକୁ ଚାହୁଁଛ?;كۈنىگە قانچە مىنۇت ئوينىماقچىسەن؟;Kuniga necha daqiqa o‘ynashni xohlaysan?;روزانه چند دقیقه می‌خواهی بازی کنی؟;Ile minut dziennie chcesz grać?;Quantos minutos queres jogar por dia?;ਤੁਸੀਂ ਹਰ ਰੋਜ਼ ਕਿੰਨੇ ਮਿੰਟ ਖੇਡਣਾ ਚਾਹੁੰਦੇ ਹੋ?;Câte minute vrei să te joci pe zi?;Сколько минут в день ты хочешь играть?;Koliko minuta želiš da igraš dnevno?;දිනකට මිනිත්තු කීයක් ක්‍රීඩා කරන්නද?;Koľko minút chceš hrať denne?;Koliko minut želiš igrati na dan?;¿Cuántos minutos quieres jugar al día?;Unataka kucheza dakika ngapi kwa siku?;දිනකට මිනිත්තු කීයක් ක්‍රීඩා කරන්නද?;ஒரு நாளில் எத்தனை நிமிடங்கள் விளையாட விரும்புகிறாய்?;อยากเล่นวันละกี่นาที?;ཉིན་རེར་སྐར་མ་ག་ཚོད་རྩེ་འདོད་དམ།;Kolik minut chceš hrát každý den?;Günde kaç dakika oynamak istiyorsun?;روز کتنے منٹ کھیلنا چاہتے ہیں؟;Bạn muốn chơi bao nhiêu phút mỗi ngày?;Sawl munud wyt ti eisiau chwarae bob dydd?;Колькі хвілін ты хочаш гуляць штодня?;Ufuna ukudlala imizuzu emingaki ngosuku?;Hur många minuter vill du spela per dag?
goal.promptWeekly;;Settings text. Keep it compact. English is 46 characters. Try to stay close to that.;How many minutes do you want to play per week?;Hoeveel minuten wil je per week spelen?;Hoeveel minute wil jy elke week speel?;Sa minuta dëshiron të luash çdo javë?;በሳምንት ስንት ደቂቃ መጫወት ትፈልጋለህ?;كم دقيقة تريد أن تلعب أسبوعيًا؟;Շաբաթական քանի՞ րոպե ես ուզում խաղալ։;সপ্তাহত কিমান মিনিট খেলিব খোজা?;Həftədə neçə dəqiqə oynamaq istəyirsən?;Zenbat minutuz jokatu nahi duzu astean?;প্রতি সপ্তাহে কত মিনিট খেলতে চাও?;တစ်ပတ်ကို ဘယ်နှမိနစ် ကစားချင်လဲ။;Koliko minuta želiš igrati sedmično?;Колко минути искаш да играеш на седмица?;Quants minuts vols jugar cada setmana?;你每周想玩几分钟？;Hvor mange minutter vil du spille om ugen?;Wie viele Minuten möchtest du pro Woche spielen?;Mitu minutit tahad nädalas mängida?;Hvussu nógvar minuttir vilt tú spæla um vikuna?;Kuinka monta minuuttia haluat pelata viikossa?;Combien de minutes veux-tu jouer par semaine ?;Cantos minutos queres xogar á semana?;კვირაში რამდენი წუთი გინდა ითამაშო?;"Πόσα λεπτά θέλεις να παίζεις κάθε εβδομάδα;";તમે દર અઠવાડિયે કેટલા મિનિટ રમવા માંગો છો?;כמה דקות תרצו לשחק בכל שבוע?;हर हफ्ते कितने मिनट खेलना चाहते हो?;Hány percet szeretnél játszani hetente?;Cé mhéad nóiméad ar mhaith leat imirt gach seachtain?;Hve margar mínútur viltu spila á viku?;Berapa menit kamu ingin bermain setiap minggu?;Quanti minuti vuoi giocare alla settimana?;1週間に何分あそびたい？;ವಾರಕ್ಕೆ ಎಷ್ಟು ನಿಮಿಷ ಆಡಲು ಬಯಸುತ್ತೀಯ?;Аптасына неше минут ойнағың келеді?;អ្នកចង់លេងប៉ុន្មាននាទីក្នុងមួយសប្ដាហ៍?;일주일에 몇 분 동안 놀고 싶나요?;Koliko minuta želiš igrati svaki tjedan?;ຢາກຫຼິ້ນອາທິດລະຈັກນາທີ?;Cik minūtes nedēļā vēlies spēlēt?;Kiek minučių per savaitę nori žaisti?;Колку минути сакаш да играш неделно?;Berapa minit kamu mahu bermain setiap minggu?;ആഴ്ചയിൽ എത്ര മിനിറ്റ് കളിക്കണം?;दर आठवड्याला किती मिनिटे खेळायचे?;Долоо хоногт хэдэн минут тоглох вэ?;हप्तामा कति मिनेट खेल्न चाहन्छौ?;Hvor mange minutter vil du spille hver uke?;Скільки хвилин на тиждень ти хочеш грати?;ସପ୍ତାହକୁ କେତେ ମିନିଟ୍ ଖେଳିବାକୁ ଚାହୁଁଛ?;ھەپتىگە قانچە مىنۇت ئوينىماقچىسەن؟;Haftasiga necha daqiqa o‘ynashni xohlaysan?;هفته‌ای چند دقیقه می‌خواهی بازی کنی؟;Ile minut tygodniowo chcesz grać?;Quantos minutos queres jogar por semana?;ਤੁਸੀਂ ਹਰ ਹਫ਼ਤੇ ਕਿੰਨੇ ਮਿੰਟ ਖੇਡਣਾ ਚਾਹੁੰਦੇ ਹੋ?;Câte minute vrei să te joci pe săptămână?;Сколько минут в неделю ты хочешь играть?;Koliko minuta želiš da igraš nedeljno?;සතියකට මිනිත්තු කීයක් ක්‍රීඩා කරන්නද?;Koľko minút chceš hrať týždenne?;Koliko minut želiš igrati na teden?;¿Cuántos minutos quieres jugar a la semana?;Unataka kucheza dakika ngapi kwa wiki?;සතියකට මිනිත්තු කීයක් ක්‍රීඩා කරන්නද?;ஒரு வாரத்தில் எத்தனை நிமிடங்கள் விளையாட விரும்புகிறாய்?;อยากเล่นสัปดาห์ละกี่นาที?;བདུན་རེར་སྐར་མ་ག་ཚོད་རྩེ་འདོད་དམ།;Kolik minut chceš hrát každý týden?;Haftada kaç dakika oynamak istiyorsun?;ہفتے میں کتنے منٹ کھیلنا چاہتے ہیں؟;Bạn muốn chơi bao nhiêu phút mỗi tuần?;Sawl munud wyt ti eisiau chwarae bob wythnos?;Колькі хвілін ты хочаш гуляць штотыдзень?;Ufuna ukudlala imizuzu emingaki ngesonto?;Hur många minuter vill du spela per vecka?
goal.title;;Heading. Short and punchy. English is 9 characters. Try to stay close to that.;Play goal;Speeldoel;Speeldoel;Objektivi i lojës;የጨዋታ ግብ;هدف اللعب;Խաղի նպատակ;খেলৰ লক্ষ্য;Oyun hədəfi;Jolas-helburua;খেলার লক্ষ্য;ကစားချိန်ပန်းတိုင်;Cilj igranja;Цел за игра;Objectiu de joc;游戏目标;Spillemål;Spielziel;Mängueesmärk;Spælimál;Pelitavoite;Objectif de jeu;Obxectivo de xogo;თამაშის მიზანი;Στόχος παιχνιδιού;રમતનું લક્ષ્ય;יעד משחק;खेल लक्ष्य;Játékcél;Sprioc imeartha;Spilamarkmið;Target bermain;Obiettivo di gioco;あそぶ目標;ಆಟದ ಗುರಿ;Ойын мақсаты;គោលដៅលេង;놀이 목표;Cilj igranja;ເປົ້າໝາຍການຫຼິ້ນ;Spēles mērķis;Žaidimo tikslas;Цел за играње;Sasaran main;കളിലക്ഷ്യം;खेळाचे ध्येय;Тоглох зорилго;खेल लक्ष्य;Spillemål;Ігрова ціль;ଖେଳ ଲକ୍ଷ୍ୟ;ئويۇن نىشانى;O‘yin maqsadi;هدف بازی;Cel gry;Meta de jogo;ਖੇਡਣ ਦਾ ਟੀਚਾ;Obiectiv de joc;Цель игры;Cilj igranja;ක්‍රීඩා ඉලක්කය;Herný cieľ;Igralni cilj;Objetivo de juego;Lengo la kucheza;ක්‍රීඩා ඉලක්කය;விளையாட்டு இலக்கு;เป้าหมายการเล่น;རྩེད་མོའི་དམིགས་ཡུལ;Herní cíl;Oyun hedefi;کھیل کا ہدف;Mục tiêu chơi;Nod chwarae;Мэта гульні;Umgomo wokudlala;Spelmål
goalPeriod.daily;;In-app text. English is 5 characters. Try to stay close to that.;Daily;Dagelijks;Daagliks;Çdo ditë;በየቀኑ;يوميًا;Օրական;দৈনিক;Gündəlik;Egunero;দৈনিক;နေ့စဉ်;Dnevno;Всеки ден;Diari;每天;Dagligt;Täglich;Iga päev;Dagliga;Päivittäin;Chaque jour;Diario;ყოველდღე;Καθημερινά;દરરોજ;יומי;रोज़;Naponta;Gach lá;Daglega;Harian;Giornaliero;毎日;ಪ್ರತಿದಿನ;Күн сайын;ប្រចាំថ្ងៃ;매일;Dnevno;ລາຍວັນ;Katru dienu;Kasdien;Дневно;Harian;ദിവസേന;दररोज;Өдөр бүр;दैनिक;Daglig;Щодня;ଦୈନିକ;كۈندىلىك;Har kuni;روزانه;Dziennie;Diária;ਰੋਜ਼ਾਨਾ;Zilnic;Ежедневно;Dnevno;දිනපතා;Denne;Dnevno;Diario;Kila siku;දිනපතා;தினமும்;รายวัน;ཉིན་རེ;Denně;Günlük;روزانہ;Hằng ngày;Bob dydd;Штодня;Nsuku zonke;Dagligen
goalPeriod.weekly;;In-app text. English is 6 characters. Try to stay close to that.;Weekly;Wekelijks;Weekliks;Çdo javë;በየሳምንቱ;أسبوعيًا;Շաբաթական;সাপ্তাহিক;Həftəlik;Astero;সাপ্তাহিক;အပတ်စဉ်;Sedmično;Всяка седмица;Setmanal;每周;Ugentligt;Wöchentlich;Iga nädal;Vikuliga;Viikoittain;Chaque semaine;Semanal;ყოველკვირა;Εβδομαδιαία;દર અઠવાડિયે;שבועי;हर हफ्ते;Hetente;Gach seachtain;Vikulega;Mingguan;Settimanale;毎週;ಪ್ರತಿವಾರ;Апта сайын;ប្រចាំសប្ដាហ៍;매주;Tjedno;ລາຍອາທິດ;Katru nedēļu;Kas savaitę;Неделно;Mingguan;ആഴ്ചതോറും;दर आठवड्याला;Долоо хоног бүр;साप्ताहिक;Ukentlig;Щотижня;ସାପ୍ତାହିକ;ھەپتىلىك;Har hafta;هفتگی;Tygodniowo;Semanal;ਹਫ਼ਤਾਵਾਰੀ;Săptămânal;Еженедельно;Nedeljno;සතිපතා;Týždenne;Tedensko;Semanal;Kila wiki;සතිපතා;வாரமும்;รายสัปดาห์;བདུན་རེ;Týdně;Haftalık;ہفتہ وار;Hằng tuần;Bob wythnos;Штотыдзень;Masonto onke;Varje vecka
info.filter.addition;;In-app text. English is 13 characters. Try to stay close to that.;Addition only;Alleen optellen;Net optel;Vetëm mbledhje;መደመር ብቻ;الجمع فقط;Միայն գումարում;কেৱল যোগ;Yalnız toplama;Batuketak bakarrik;শুধু যোগ;ပေါင်းခြင်းသာ;Samo sabiranje;Само събиране;Només sumes;只练加法;Kun addition;Nur Addition;Ainult liitmine;Bara samlegging;Vain yhteenlasku;Additions seulement;Só sumas;მხოლოდ მიმატება;Μόνο πρόσθεση;ફક્ત સરવાળો;חיבור בלבד;केवल जोड़;Csak összeadás;Suimiú amháin;Aðeins samlagning;Hanya penjumlahan;Solo addizioni;たし算だけ;ಕೂಡಿಸುವಿಕೆ ಮಾತ್ರ;Тек қосу;តែការបូក;덧셈만;Samo zbrajanje;ບວກເທົ່ານັ້ນ;Tikai saskaitīšana;Tik sudėtis;Само собирање;Tambah sahaja;കൂട്ടൽ മാത്രം;फक्त बेरीज;Зөвхөн нэмэх;जोड मात्र;Bare addisjon;Лише додавання;କେବଳ ଯୋଗ;پەقەت قوشۇش;Faqat qo‘shish;فقط جمع;Tylko dodawanie;Só adição;ਸਿਰਫ਼ ਜੋੜ;Doar adunări;Только сложение;Samo sabiranje;එකතු කිරීම පමණයි;Len sčítanie;Samo seštevanje;Solo sumas;Kujumlisha tu;එකතු කිරීම පමණයි;கூட்டல் மட்டும்;เฉพาะการบวก;སྣོན་རྩིས་ཁོ་ན;Jen sčítání;Yalnızca toplama;صرف جمع;Chỉ phép cộng;Adio yn unig;Толькі складанне;Ukuhlanganisa kuphela;Bara addition
info.filter.fractions;;In-app text. English is 13 characters. Try to stay close to that.;Division only;Alleen delen;Net deel;Vetëm pjesëtim;ማካፈል ብቻ;القسمة فقط;Միայն բաժանում;কেৱল ভাগ;Yalnız bölmə;Zatiketak bakarrik;শুধু ভাগ;စားခြင်းသာ;Samo dijeljenje;Само деление;Només divisions;只练除法;Kun division;Nur Division;Ainult jagamine;Bara býting;Vain jakolasku;Divisions seulement;Só divisións;მხოლოდ გაყოფა;Μόνο διαίρεση;ફક્ત ભાગાકાર;חילוק בלבד;केवल भाग;Csak osztás;Roinnt amháin;Aðeins deiling;Hanya pembagian;Solo divisioni;わり算だけ;ಭಾಗಾಕಾರ ಮಾತ್ರ;Тек бөлу;តែការចែក;나눗셈만;Samo dijeljenje;ຫານເທົ່ານັ້ນ;Tikai dalīšana;Tik dalyba;Само делење;Bahagi sahaja;ഹരണം മാത്രം;फक्त भागाकार;Зөвхөн хуваах;भाग मात्र;Bare divisjon;Лише ділення;କେବଳ ଭାଗ;پەقەت بۆلۈش;Faqat bo‘lish;فقط تقسیم;Tylko dzielenie;Só divisão;ਸਿਰਫ਼ ਭਾਗ;Doar împărțiri;Только деление;Samo deljenje;බෙදීම පමණයි;Len delenie;Samo deljenje;Solo divisiones;Kugawanya tu;බෙදීම පමණයි;வகுத்தல் மட்டும்;เฉพาะการหาร;བགོ་རྩིས་ཁོ་ན;Jen dělení;Yalnızca bölme;صرف تقسیم;Chỉ phép chia;Rhannu yn unig;Толькі дзяленне;Ukuhlukanisa kuphela;Bara division
info.filter.header;;In-app text. English is 17 characters. Try to stay close to that.;Types of problems;Soorten sommen;Soorte somme;Llojet e detyrave;የጥያቄ ዓይነቶች;أنواع المسائل;Առաջադրանքների տեսակներ;অংকৰ ধৰণ;Misal növləri;Ariketa motak;অঙ্কের ধরন;ပုစ္ဆာအမျိုးအစား;Vrste zadataka;Видове задачи;Tipus d’operacions;题目类型;Opgavetyper;Aufgabenarten;Ülesannete liigid;Sløg av roknistykkjum;Laskutyypit;Types de calculs;Tipos de contas;ამოცანების ტიპები;Είδη ασκήσεων;દાખલાના પ્રકાર;סוגי תרגילים;सवालों के प्रकार;Feladattípusok;Cineálacha ceisteanna;Tegundir dæma;Jenis soal;Tipi di esercizi;問題のしゅるい;ಲೆಕ್ಕಗಳ ವಿಧಗಳು;Есеп түрлері;ប្រភេទលំហាត់;문제 종류;Vrste zadataka;ປະເພດໂຈດ;Uzdevumu veidi;Užduočių rūšys;Видови задачи;Jenis soalan;കണക്കുകളുടെ തരങ്ങൾ;उदाहरणांचे प्रकार;Бодлогын төрлүүд;प्रश्नका प्रकार;Oppgavetyper;Види завдань;ପ୍ରଶ୍ନର ପ୍ରକାର;مەسىلە تۈرلىرى;Misol turlari;نوع تمرین‌ها;Rodzaje zadań;Tipos de contas;ਸਵਾਲਾਂ ਦੀਆਂ ਕਿਸਮਾਂ;Tipuri de exerciții;Виды примеров;Vrste zadataka;ගණන් වර්ග;Typy príkladov;Vrste nalog;Tipos de ejercicios;Aina za maswali;ගණන් වර්ග;கணக்கு வகைகள்;ประเภทโจทย์;རྩིས་ཀྱི་རིགས;Druhy příkladů;Soru türleri;سوالوں کی قسمیں;Loại bài toán;Mathau o symiau;Віды прыкладаў;Izinhlobo zezibalo;Typer av tal
info.filter.mixed;;In-app text. English is 16 characters. Try to stay close to that.;Mixed operations;Gemengde sommen;Gemengde somme;Veprime të përziera;ድብልቅ ስሌቶች;عمليات مختلطة;Խառը գործողություններ;মিশ্ৰ ক্ৰিয়া;Qarışıq əməllər;Eragiketa nahasiak;মিশ্র অঙ্ক;ရောစပ်တွက်ချက်မှု;Miješane računske radnje;Смесени действия;Operacions mixtes;混合运算;Blandede regnearter;Gemischte Rechenarten;Segatehted;Blandaðir roknihættir;Sekalaskut;Opérations mélangées;Operacións mesturadas;შერეული მოქმედებები;Μικτές πράξεις;મિશ્ર ગણિત;פעולות מעורבות;मिली-जुली गणनाएँ;Vegyes műveletek;Oibríochtaí measctha;Blandaðar aðgerðir;Operasi campuran;Operazioni miste;いろいろな計算;ಮಿಶ್ರ ಲೆಕ್ಕಗಳು;Аралас амалдар;ប្រមាណវិធីចម្រុះ;섞인 계산;Miješane računske radnje;ການຄຳນວນປະສົມ;Jauktas darbības;Mišrūs veiksmai;Мешани операции;Operasi campur;കലർന്ന ക്രിയകൾ;मिश्र गणिते;Холимог үйлдэл;मिश्रित हिसाब;Blandede regnearter;Змішані дії;ମିଶ୍ରିତ ଗଣିତ;ئارىلاش ئەمەللەر;Aralash amallar;عملیات ترکیبی;Działania mieszane;Operações misturadas;ਮਿਲੇ-ਜੁਲੇ ਹਿਸਾਬ;Operații amestecate;Смешанные действия;Mešane računske radnje;මිශ්‍ර ගණන්;Zmiešané operácie;Mešane računske operacije;Operaciones mixtas;Hesabu mchanganyiko;මිශ්‍ර ගණන්;கலந்த கணக்குகள்;คละเครื่องหมาย;རྩིས་འདྲེས་མ;Smíšené početní operace;Karışık işlemler;ملے جلے سوال;Phép tính hỗn hợp;Gweithrediadau cymysg;Змешаныя дзеянні;Izibalo ezixubile;Blandade räknesätt
info.filter.percentages;;In-app text. English is 16 characters. Try to stay close to that.;Percentages only;Alleen percentages;Net persentasies;Vetëm përqindje;መቶኛ ብቻ;النسب فقط;Միայն տոկոսներ;কেৱল শতাংশ;Yalnız faizlər;Ehunekoak bakarrik;শুধু শতকরা;ရာခိုင်နှုန်းသာ;Samo postoci;Само проценти;Només percentatges;只练百分数;Kun procenter;Nur Prozente;Ainult protsendid;Bara prosent;Vain prosentit;Pourcentages seulement;Só porcentaxes;მხოლოდ პროცენტები;Μόνο ποσοστά;ફક્ત ટકાવારી;אחוזים בלבד;केवल प्रतिशत;Csak százalékok;Céatadáin amháin;Aðeins prósentur;Hanya persentase;Solo percentuali;パーセントだけ;ಶೇಕಡಾವಾರು ಮಾತ್ರ;Тек пайыздар;តែភាគរយ;백분율만;Samo postoci;ເປີເຊັນເທົ່ານັ້ນ;Tikai procenti;Tik procentai;Само проценти;Peratus sahaja;ശതമാനങ്ങൾ മാത്രം;फक्त टक्केवारी;Зөвхөн хувь;प्रतिशत मात्र;Bare prosent;Лише відсотки;କେବଳ ଶତକଡ଼ା;پەقەت پىرسەنت;Faqat foizlar;فقط درصد;Tylko procenty;Só percentagens;ਸਿਰਫ਼ ਪ੍ਰਤੀਸ਼ਤ;Doar procente;Только проценты;Samo procenti;ප්‍රතිශත පමණයි;Len percentá;Samo odstotki;Solo porcentajes;Asilimia tu;ප්‍රතිශත පමණයි;சதவீதங்கள் மட்டும்;เฉพาะเปอร์เซ็นต์;བརྒྱ་ཆ་ཁོ་ན;Jen procenta;Yalnızca yüzdeler;صرف فی صد;Chỉ phần trăm;Canrannau yn unig;Толькі працэнты;Amaphesenti kuphela;Bara procent
info.filter.subtraction;;In-app text. English is 16 characters. Try to stay close to that.;Subtraction only;Alleen aftrekken;Net aftrek;Vetëm zbritje;መቀነስ ብቻ;الطرح فقط;Միայն հանում;কেৱল বিয়োগ;Yalnız çıxma;Kenketak bakarrik;শুধু বিয়োগ;နုတ်ခြင်းသာ;Samo oduzimanje;Само изваждане;Només restes;只练减法;Kun subtraktion;Nur Subtraktion;Ainult lahutamine;Bara frádráttur;Vain vähennyslasku;Soustractions seulement;Só restas;მხოლოდ გამოკლება;Μόνο αφαίρεση;ફક્ત બાદબાકી;חיסור בלבד;केवल घटाव;Csak kivonás;Dealú amháin;Aðeins frádráttur;Hanya pengurangan;Solo sottrazioni;ひき算だけ;ಕಳೆಯುವಿಕೆ ಮಾತ್ರ;Тек азайту;តែការដក;뺄셈만;Samo oduzimanje;ລົບເທົ່ານັ້ນ;Tikai atņemšana;Tik atimtis;Само одземање;Tolak sahaja;കുറയ്ക്കൽ മാത്രം;फक्त वजाबाकी;Зөвхөн хасах;घटाउ मात्र;Bare subtraksjon;Лише віднімання;କେବଳ ବିୟୋଗ;پەقەت ئېلىش;Faqat ayirish;فقط تفریق;Tylko odejmowanie;Só subtração;ਸਿਰਫ਼ ਘਟਾਓ;Doar scăderi;Только вычитание;Samo oduzimanje;අඩු කිරීම පමණයි;Len odčítanie;Samo odštevanje;Solo restas;Kutoa tu;අඩු කිරීම පමණයි;கழித்தல் மட்டும்;เฉพาะการลบ;འཐེན་རྩིས་ཁོ་ན;Jen odčítání;Yalnızca çıkarma;صرف تفریق;Chỉ phép trừ;Tynnu yn unig;Толькі адніманне;Ukususa kuphela;Bara subtraktion
info.filter.tables;;In-app text. English is 19 characters. Try to stay close to that.;Multiplication only;Alleen vermenigvuldigen;Net vermenigvuldig;Vetëm shumëzim;ማባዛት ብቻ;الضرب فقط;Միայն բազմապատկում;কেৱল পূৰণ;Yalnız vurma;Biderketak bakarrik;শুধু গুণ;မြှောက်ခြင်းသာ;Samo množenje;Само умножение;Només multiplicacions;只练乘法;Kun multiplikation;Nur Multiplikation;Ainult korrutamine;Bara falding;Vain kertolasku;Multiplications seulement;Só multiplicacións;მხოლოდ გამრავლება;Μόνο πολλαπλασιασμός;ફક્ત ગુણાકાર;כפל בלבד;केवल गुणा;Csak szorzás;Iolrú amháin;Aðeins margföldun;Hanya perkalian;Solo moltiplicazioni;かけ算だけ;ಗುಣಾಕಾರ ಮಾತ್ರ;Тек көбейту;តែការគុណ;곱셈만;Samo množenje;ຄູນເທົ່ານັ້ນ;Tikai reizināšana;Tik daugyba;Само множење;Darab sahaja;ഗുണനം മാത്രം;फक्त गुणाकार;Зөвхөн үржүүлэх;गुणन मात्र;Bare multiplikasjon;Лише множення;କେବଳ ଗୁଣ;پەقەت كۆپەيتىش;Faqat ko‘paytirish;فقط ضرب;Tylko mnożenie;Só multiplicação;ਸਿਰਫ਼ ਗੁਣਾ;Doar înmulțiri;Только умножение;Samo množenje;ගුණ කිරීම පමණයි;Len násobenie;Samo množenje;Solo multiplicaciones;Kuzidisha tu;ගුණ කිරීම පමණයි;பெருக்கல் மட்டும்;เฉพาะการคูณ;སྒྱུར་རྩིས་ཁོ་ན;Jen násobení;Yalnızca çarpma;صرف ضرب;Chỉ phép nhân;Lluosi yn unig;Толькі множанне;Ukuphindaphinda kuphela;Bara multiplikation
info.mode.fractions.header;;In-app text. English is 5 characters. Try to stay close to that.;Parts;Delen;Dele;Pjesë;ክፍሎች;الأجزاء;Մասեր;অংশ;Hissələr;Zatiak;অংশ;အပိုင်းများ;Dijelovi;Части;Parts;份数;Dele;Teile;Osad;Partar;Osat;Parts;Partes;ნაწილები;Μέρη;ભાગો;חלקים;भाग;Részek;Codanna;Hlutar;Bagian;Parti;パーツ;ಭಾಗಗಳು;Бөліктер;ផ្នែក;부분;Dijelovi;ສ່ວນ;Daļas;Dalys;Делови;Bahagian;ഭാഗങ്ങൾ;भाग;Хэсэг;भागहरू;Deler;Частини;ଅଂଶ;بۆلەكلەر;Qismlar;بخش‌ها;Części;Partes;ਹਿੱਸੇ;Părți;Части;Delovi;කොටස්;Časti;Deli;Partes;Sehemu;කොටස්;பகுதிகள்;ส่วน;ཆ་ཤས;Části;Parçalar;حصے;Phần;Rhannau;Часткі;Izingxenye;Delar
info.mode.fractions.multiple;;In-app text. English is 25 characters. Try to stay close to that.;Single and multiple parts;Enkele en meerdere delen;Een en meer dele;Një ose disa pjesë;አንድ እና ብዙ ክፍሎች;جزء واحد أو عدة أجزاء;Մեկ և մի քանի մաս;এটা আৰু একাধিক অংশ;Bir və bir neçə hissə;Zati bat eta hainbat zati;একটি ও একাধিক অংশ;တစ်ပိုင်းနှင့် အပိုင်းများ;Jedan ili više dijelova;Една или няколко части;Una o diverses parts;一份或多份;En eller flere dele;Ein oder mehrere Teile;Üks või mitu osa;Ein og fleiri partar;Yksi tai monta osaa;Une ou plusieurs parts;Unha ou varias partes;ერთი და რამდენიმე ნაწილი;Ένα ή περισσότερα μέρη;એક અને ઘણા ભાગો;חלק אחד או כמה חלקים;एक या कई भाग;Egy vagy több rész;Cuid amháin nó níos mó;Einn og fleiri hlutar;Satu atau beberapa bagian;Una o più parti;1つまたはいくつかのパーツ;ಒಂದು ಮತ್ತು ಹಲವು ಭಾಗಗಳು;Бір және бірнеше бөлік;មួយផ្នែក និងច្រើនផ្នែក;한 부분과 여러 부분;Jedan ili više dijelova;ໜຶ່ງສ່ວນ ແລະ ຫຼາຍສ່ວນ;Viena un vairākas daļas;Viena ir kelios dalys;Еден и повеќе делови;Satu atau banyak bahagian;ഒന്നോ പലതോ ഭാഗങ്ങൾ;एक किंवा अनेक भाग;Нэг болон олон хэсэг;एक वा धेरै भाग;Én eller flere deler;Одна або кілька частин;ଗୋଟିଏ ଓ ଅନେକ ଅଂଶ;بىر ۋە كۆپ بۆلەك;Bitta va bir nechta qism;یک یا چند بخش;Jedna lub kilka części;Uma ou várias partes;ਇੱਕ ਜਾਂ ਕਈ ਹਿੱਸੇ;Una sau mai multe părți;Одна или несколько частей;Jedan ili više delova;එකක් සහ කොටස් කිහිපයක්;Jedna aj viac častí;En ali več delov;Una o varias partes;Sehemu moja au nyingi;එකක් සහ කොටස් කිහිපයක්;ஒன்று அல்லது பல பகுதிகள்;หนึ่งส่วนและหลายส่วน;ཆ་ཤས་གཅིག་དང་མང་པོ;Jedna i více částí;Tek ve birden çok parça;ایک اور کئی حصے;Một hoặc nhiều phần;Un rhan neu sawl rhan;Адна і некалькі частак;Ingxenye eyodwa neziningi;En eller flera delar
info.mode.fractions.single;;In-app text. English is 20 characters. Try to stay close to that.;Always a single part;Altijd een enkel deel;Altyd een deel;Gjithmonë një pjesë;ሁልጊዜ አንድ ክፍል;جزء واحد دائمًا;Միշտ մեկ մաս;সদায় এটা অংশ;Həmişə bir hissə;Beti zati bakarra;সব সময় একটি অংশ;အမြဲ တစ်ပိုင်းသာ;Uvijek jedan dio;Винаги една част;Sempre una sola part;总是一份;Altid én del;Immer nur ein Teil;Alati üks osa;Altíð ein partur;Aina yksi osa;Toujours une seule part;Sempre unha soa parte;ყოველთვის ერთი ნაწილი;Πάντα ένα μέρος;હંમેશા એક ભાગ;תמיד חלק אחד;हमेशा एक भाग;Mindig egy rész;Cuid amháin i gcónaí;Alltaf einn hluti;Selalu satu bagian;Sempre una sola parte;いつも1つのパーツ;ಯಾವಾಗಲೂ ಒಂದು ಭಾಗ;Әрқашан бір бөлік;តែមួយផ្នែកជានិច្ច;항상 한 부분;Uvijek jedan dio;ໜຶ່ງສ່ວນສະເໝີ;Vienmēr viena daļa;Visada viena dalis;Секогаш еден дел;Sentiasa satu bahagian;എപ്പോഴും ഒരു ഭാഗം;नेहमी एकच भाग;Үргэлж нэг хэсэг;सधैं एक भाग;Alltid én del;Завжди одна частина;ସବୁବେଳେ ଗୋଟିଏ ଅଂଶ;ھەمىشە بىر بۆلەك;Har doim bitta qism;همیشه یک بخش;Zawsze jedna część;Sempre uma parte;ਹਮੇਸ਼ਾ ਇੱਕ ਹਿੱਸਾ;Mereu o singură parte;Всегда одна часть;Uvek jedan deo;හැමවිටම එක කොටසක්;Vždy jedna časť;Vedno en del;Siempre una sola parte;Daima sehemu moja;හැමවිටම එක කොටසක්;எப்போதும் ஒரு பகுதி;หนึ่งส่วนเสมอ;རྟག་ཏུ་ཆ་ཤས་གཅིག;Vždy jedna část;Her zaman tek parça;ہمیشہ ایک حصہ;Luôn chỉ một phần;Un rhan bob tro;Заўсёды адна частка;Njalo ingxenye eyodwa;Alltid en del
info.mode.header;;In-app text. English is 5 characters. Try to stay close to that.;Order;Volgorde;Volgorde;Rendi;ቅደም ተከተል;الترتيب;Հերթականություն;ক্ৰম;Ardıcıllıq;Ordena;ক্রম;အစဉ်;Redoslijed;Ред;Ordre;顺序;Rækkefølge;Reihenfolge;Järjekord;Raðfylgja;Järjestys;Ordre;Orde;თანმიმდევრობა;Σειρά;ક્રમ;סדר;क्रम;Sorrend;Ord;Röð;Urutan;Ordine;順番;ಕ್ರಮ;Реті;លំដាប់;순서;Redoslijed;ລຳດັບ;Secība;Tvarka;Редослед;Urutan;ക്രമം;क्रम;Дараалал;क्रम;Rekkefølge;Порядок;କ୍ରମ;تەرتىپ;Tartib;ترتیب;Kolejność;Ordem;ਕ੍ਰਮ;Ordine;Порядок;Redosled;පිළිවෙළ;Poradie;Vrstni red;Orden;Mpangilio;පිළිවෙළ;வரிசை;ลำดับ;གོ་རིམ;Pořadí;Sıra;ترتیب;Thứ tự;Trefn;Парадак;Ukuhleleka;Ordning
info.mode.mixed;;In-app text. English is 23 characters. Try to stay close to that.;Mixed with lower levels;Gemengd met lagere niveaus;Gemeng met laer vlakke;Përzier me nivele më të ulëta;ከዝቅተኛ ደረጃዎች ጋር ድብልቅ;مختلط مع المستويات السابقة;Խառը՝ ավելի ցածր մակարդակների հետ;আগৰ লেভেলৰ সৈতে মিশ্ৰ;Aşağı səviyyələrlə qarışıq;Beheko mailekin nahasita;নিচের লেভেলসহ মিশ্র;အောက်အဆင့်များနှင့် ရောစပ်;Pomiješano s nižim nivoima;Смесено с по-ниски нива;Barrejat amb nivells anteriors;混合较低关卡;Blandet med lavere baner;Mit niedrigeren Levels gemischt;Koos varasemate tasemetega;Blandað við lægri stigum;Mukana alempia tasoja;Mélangé avec les niveaux précédents;Mesturado con niveis anteriores;შერეული ქვედა დონეებთან;Μίξη με προηγούμενα επίπεδα;નીચલા લેવલ સાથે મિશ્ર;מעורבב עם שלבים קודמים;पिछले स्तरों के साथ मिक्स;Alsóbb szintekkel vegyesen;Measctha le leibhéil níos ísle;Blandað við lægri borð;Dicampur dengan level sebelumnya;Misto con livelli precedenti;前のレベルもまぜる;ಕೆಳ ಹಂತಗಳೊಂದಿಗೆ ಮಿಶ್ರ;Төменгі деңгейлермен аралас;លាយជាមួយកម្រិតមុនៗ;낮은 레벨과 섞기;Miješano s nižim razinama;ປະສົມກັບດ່ານທີ່ຕ່ຳກວ່າ;Kopā ar zemākiem līmeņiem;Kartu su žemesniais lygiais;Измешано со пониски нивоа;Campur dengan tahap lebih rendah;താഴത്തെ ലെവലുകളുമായി കലർത്തിയത്;खालच्या स्तरांसोबत मिश्र;Доод түвшинтэй холих;तल्ला लेभलसँग मिसिएको;Blandet med lavere nivåer;Разом із нижчими рівнями;ତଳ ଲେଭେଲ୍ ସହ ମିଶ୍ରିତ;تۆۋەن دەرىجىلەر بىلەن ئارىلاش;Quyi bosqichlar bilan aralash;ترکیب با مرحله‌های پایین‌تر;Razem z niższymi poziomami;Misturado com níveis anteriores;ਹੇਠਲੇ ਲੈਵਲਾਂ ਨਾਲ ਮਿਲੇ-ਜੁਲੇ;Amestecat cu niveluri mai ușoare;Вместе с прошлыми уровнями;Pomešano s nižim nivoima;පහළ මට්ටම් සමඟ මිශ්‍ර;Zmiešané s nižšími úrovňami;Mešano z lažjimi stopnjami;Mezclado con niveles anteriores;Imechanganywa na viwango vya chini;පහළ මට්ටම් සමඟ මිශ්‍ර;கீழ்நிலைகளுடன் கலவை;ผสมกับด่านก่อนหน้า;རིམ་པ་དམའ་བ་དང་འདྲེས་པ;Smíšené s nižšími úrovněmi;Önceki seviyelerle karışık;پچھلے لیولز کے ساتھ مکس;Trộn với các cấp thấp hơn;Cymysg â lefelau is;Разам з лягчэйшымі ўзроўнямі;Kuxutshwe namaleveli aphansi;Blandat med lägre nivåer
info.mode.order;;In-app text. English is 11 characters. Try to stay close to that.;Fixed order;Vaste volgorde;Vaste volgorde;Rend fiks;ቋሚ ቅደም ተከተል;ترتيب ثابت;Հաստատուն հերթականություն;নিৰ্দিষ্ট ক্ৰম;Sabit ardıcıllıq;Ordena finkoa;নির্দিষ্ট ক্রম;သတ်မှတ်အစဉ်;Fiksni redoslijed;Фиксиран ред;Ordre fix;固定顺序;Fast rækkefølge;Feste Reihenfolge;Kindel järjekord;Føst raðfylgja;Kiinteä järjestys;Ordre fixe;Orde fixa;ფიქსირებული რიგი;Σταθερή σειρά;નક્કી ક્રમ;סדר קבוע;तय क्रम;Rögzített sorrend;Ord socraithe;Föst röð;Urutan tetap;Ordine fisso;決まった順番;ನಿಗದಿತ ಕ್ರಮ;Тұрақты рет;លំដាប់ថេរ;정해진 순서;Fiksni redoslijed;ລຳດັບຄົງທີ່;Noteikta secība;Fiksuota tvarka;Фиксен редослед;Urutan tetap;നിശ്ചിത ക്രമം;ठरलेला क्रम;Тогтсон дараалал;निश्चित क्रम;Fast rekkefølge;Фіксований порядок;ନିର୍ଦ୍ଧାରିତ କ୍ରମ;مۇقىم تەرتىپ;O‘zgarmas tartib;ترتیب ثابت;Stała kolejność;Ordem fixa;ਪੱਕਾ ਕ੍ਰਮ;Ordine fixă;По порядку;Fiksni redosled;නියමිත පිළිවෙළ;Pevné poradie;Določen vrstni red;Orden fijo;Mpangilio maalum;නියමිත පිළිවෙළ;நிலையான வரிசை;ลำดับตายตัว;གོ་རིམ་གཏན་འཁེལ;Pevné pořadí;Sabit sıra;مقررہ ترتیب;Thứ tự cố định;Trefn benodol;Па парадку;Ukuhleleka okuqinile;Fast ordning
info.mode.percentages.decimal;;In-app text. English is 25 characters. Try to stay close to that.;Including decimal numbers;Ook getallen achter de komma;Met desimale getalle;Me numra dhjetorë;የአስርዮሽ ቁጥሮችን ጨምሮ;يشمل الأعداد العشرية;Նաև տասնորդական թվերով;দশমিক সংখ্যাসহ;Onluq ədədlərlə;Zenbaki hamartarrak barne;দশমিক সংখ্যাসহ;ဒသမကိန်းများ ပါဝင်;S decimalnim brojevima;С десетични числа;Amb nombres decimals;包含小数;Med decimaltal;Mit Dezimalzahlen;Koos kümnendarvudega;Við desimaltølum;Myös desimaaliluvut;Avec des nombres décimaux;Con números decimais;ათწილადებით;Με δεκαδικούς αριθμούς;દશાંશ સંખ્યાઓ સાથે;כולל מספרים עשרוניים;दशमलव संख्याओं सहित;Tizedes számokkal;Le huimhreacha deachúlacha;Með tugabrotum;Termasuk bilangan desimal;Con numeri decimali;小数あり;ದಶಮಾಂಶಗಳೊಂದಿಗೆ;Ондық сандармен;រួមទាំងលេខទសភាគ;소수 포함;Uključujući decimalne brojeve;ລວມຈຳນວນທົດສະນິຍົມ;Ar decimālskaitļiem;Su dešimtainiais skaičiais;Со децимални броеви;Termasuk nombor perpuluhan;ദശാംശ സംഖ്യകളും ഉൾപ്പെടെ;दशांश संख्यांसह;Аравтын бутархайтай;दशमलवसहित;Med desimaltall;З десятковими числами;ଦଶମିକ ସଂଖ୍ୟା ସହ;ئونلۇق سانلار بىلەن;O‘nli sonlar bilan;با عددهای اعشاری;Z liczbami dziesiętnymi;Com números decimais;ਦਸ਼ਮਲਵ ਗਿਣਤੀਆਂ ਸਮੇਤ;Cu numere zecimale;С десятичными числами;Sa decimalnim brojevima;දශම අංක සමඟ;Aj desatinné čísla;Tudi decimalna števila;Con números decimales;Pamoja na nambari za desimali;දශම අංක සමඟ;தசம எண்களுடன்;รวมเลขทศนิยม;གྲངས་ཆུང་ཚུད་པ;Včetně desetinných čísel;Ondalıklı sayılarla;اعشاری اعداد سمیت;Có số thập phân;Gan gynnwys rhifau degol;З дзесятковымі лікамі;Kufaka izinombolo zedesimali;Med decimaltal
info.mode.percentages.header;;In-app text. English is 4 characters. Try to stay close to that.;Type;Soort;Soort;Lloji;ዓይነት;النوع;Տեսակ;ধৰণ;Növ;Mota;ধরন;အမျိုးအစား;Vrsta;Вид;Tipus;类型;Type;Art;Liik;Slag;Tyyppi;Type;Tipo;ტიპი;Τύπος;પ્રકાર;סוג;प्रकार;Típus;Cineál;Tegund;Jenis;Tipo;しゅるい;ವಿಧ;Түрі;ប្រភេទ;종류;Vrsta;ປະເພດ;Veids;Tipas;Вид;Jenis;തരം;प्रकार;Төрөл;प्रकार;Type;Тип;ପ୍ରକାର;تۈر;Tur;نوع;Typ;Tipo;ਕਿਸਮ;Tip;Тип;Vrsta;වර්ගය;Typ;Vrsta;Tipo;Aina;වර්ගය;வகை;ประเภท;རིགས;Typ;Tür;قسم;Loại;Math;Тып;Uhlobo;Typ
info.mode.percentages.whole;;In-app text. English is 23 characters. Try to stay close to that.;Without decimal numbers;Zonder getallen achter de komma;Sonder desimale getalle;Pa numra dhjetorë;ያለ አስርዮሽ ቁጥሮች;من دون أعداد عشرية;Առանց տասնորդական թվերի;দশমিক সংখ্যা নোহোৱাকৈ;Onluq ədədlərsiz;Zenbaki hamartarrik gabe;দশমিক সংখ্যা ছাড়া;ဒသမကိန်း မပါ;Bez decimalnih brojeva;Без десетични числа;Sense nombres decimals;不含小数;Uden decimaltal;Ohne Dezimalzahlen;Ilma kümnendarvudeta;Uttan desimaltøl;Ilman desimaalilukuja;Sans nombres décimaux;Sen números decimais;ათწილადების გარეშე;Χωρίς δεκαδικούς αριθμούς;દશાંશ વિના;בלי מספרים עשרוניים;बिना दशमलव संख्याओं के;Tizedes számok nélkül;Gan uimhreacha deachúlacha;Án tugabrota;Tanpa bilangan desimal;Senza numeri decimali;小数なし;ದಶಮಾಂಶಗಳಿಲ್ಲದೆ;Ондық сандарсыз;គ្មានលេខទសភាគ;소수 없이;Bez decimalnih brojeva;ບໍ່ມີຈຳນວນທົດສະນິຍົມ;Bez decimālskaitļiem;Be dešimtainių skaičių;Без децимални броеви;Tanpa nombor perpuluhan;ദശാംശ സംഖ്യകളില്ലാതെ;दशांश संख्यांशिवाय;Аравтын бутархайгүй;दशमलवबिना;Uten desimaltall;Без десяткових чисел;ଦଶମିକ ସଂଖ୍ୟା ବିନା;ئونلۇق سانسىز;O‘nli sonlarsiz;بدون عددهای اعشاری;Bez liczb dziesiętnych;Sem números decimais;ਦਸ਼ਮਲਵ ਤੋਂ ਬਿਨਾਂ;Fără numere zecimale;Без десятичных чисел;Bez decimalnih brojeva;දශම අංක නැතිව;Bez desatinných čísel;Brez decimalnih števil;Sin números decimales;Bila nambari za desimali;දශම අංක නැතිව;தசம எண்கள் இல்லாமல்;ไม่มีเลขทศนิยม;གྲངས་ཆུང་མེད་པ;Bez desetinných čísel;Ondalıklı sayılar olmadan;اعشاری اعداد کے بغیر;Không có số thập phân;Heb rifau degol;Без дзесятковых лікаў;Ngaphandle kwezinombolo zedesimali;Utan decimaltal
info.mode.random;;In-app text. English is 12 characters. Try to stay close to that.;Random order;Willekeurige volgorde;Lukrake volgorde;Rend i rastësishëm;የዘፈቀደ ቅደም ተከተል;ترتيب عشوائي;Պատահական հերթականություն;যাদৃচ্ছিক ক্ৰম;Təsadüfi ardıcıllıq;Ausazko ordena;এলোমেলো ক্রম;ကျပန်းအစဉ်;Nasumičan redoslijed;Случаен ред;Ordre aleatori;随机顺序;Tilfældig rækkefølge;Zufällige Reihenfolge;Juhuslik järjekord;Tilvildarlig raðfylgja;Satunnainen järjestys;Ordre aléatoire;Orde aleatoria;შემთხვევითი რიგი;Τυχαία σειρά;અવ્યવસ્થિત ક્રમ;סדר אקראי;कोई भी क्रम;Véletlen sorrend;Ord randamach;Handahófsröð;Urutan acak;Ordine casuale;ランダムな順番;ಯಾದೃಚ್ಛಿಕ ಕ್ರಮ;Кездейсоқ рет;លំដាប់ចៃដន្យ;무작위 순서;Nasumični redoslijed;ລຳດັບສຸ່ມ;Nejauša secība;Atsitiktinė tvarka;Случаен редослед;Urutan rawak;ക്രമരഹിതം;यादृच्छिक क्रम;Санамсаргүй дараалал;अनियमित क्रम;Tilfeldig rekkefølge;Випадковий порядок;ଯାଦୃଚ୍ଛିକ କ୍ରମ;ئىختىيارىي تەرتىپ;Tasodifiy tartib;ترتیب تصادفی;Losowa kolejność;Ordem aleatória;ਬੇਤਰਤੀਬ ਕ੍ਰਮ;Ordine aleatorie;Случайный порядок;Nasumičan redosled;අහඹු පිළිවෙළ;Náhodné poradie;Naključni vrstni red;Orden aleatorio;Mpangilio wa nasibu;අහඹු පිළිවෙළ;சீரற்ற வரிசை;ลำดับสุ่ม;གོ་རིམ་གང་བྱུང;Náhodné pořadí;Rastgele sıra;بے ترتیب;Thứ tự ngẫu nhiên;Trefn ar hap;Выпадковы парадак;Ukuhleleka okungahleliwe;Slumpmässig ordning
info.super.all;;In-app text. English is 64 characters. Try to stay close to that.;Addition, subtraction, multiplication, division, and percentages;Optellen, aftrekken, vermenigvuldigen, delen en percentages;Optel, aftrek, vermenigvuldig, deel en persentasies;Mbledhje, zbritje, shumëzim, pjesëtim dhe përqindje;መደመር፣ መቀነስ፣ ማባዛት፣ ማካፈል እና መቶኛ;الجمع والطرح والضرب والقسمة والنسب المئوية;Գումարում, հանում, բազմապատկում, բաժանում և տոկոսներ;যোগ, বিয়োগ, পূৰণ, ভাগ আৰু শতাংশ;Toplama, çıxma, vurma, bölmə və faizlər;Batuketa, kenketa, biderketa, zatiketa eta ehunekoak;যোগ, বিয়োগ, গুণ, ভাগ ও শতকরা;ပေါင်း၊ နုတ်၊ မြှောက်၊ စားနှင့် ရာခိုင်နှုန်း;Sabiranje, oduzimanje, množenje, dijeljenje i postoci;Събиране, изваждане, умножение, деление и проценти;Suma, resta, multiplicació, divisió i percentatges;加法、减法、乘法、除法和百分数;Addition, subtraktion, multiplikation, division og procenter;Addition, Subtraktion, Multiplikation, Division und Prozente;Liitmine, lahutamine, korrutamine, jagamine ja protsendid;Samlegging, frádráttur, falding, býting og prosent;Yhteen-, vähennys-, kerto- ja jakolasku sekä prosentit;Addition, soustraction, multiplication, division et pourcentages;Suma, resta, multiplicación, división e porcentaxes;მიმატება, გამოკლება, გამრავლება, გაყოფა და პროცენტები;Πρόσθεση, αφαίρεση, πολλαπλασιασμός, διαίρεση και ποσοστά;સરવાળો, બાદબાકી, ગુણાકાર, ભાગાકાર અને ટકાવારી;חיבור, חיסור, כפל, חילוק ואחוזים;जोड़, घटाव, गुणा, भाग और प्रतिशत;Összeadás, kivonás, szorzás, osztás és százalékok;Suimiú, dealú, iolrú, roinnt agus céatadáin;Samlagning, frádráttur, margföldun, deiling og prósentur;Penjumlahan, pengurangan, perkalian, pembagian, dan persentase;Addizioni, sottrazioni, moltiplicazioni, divisioni e percentuali;たし算、ひき算、かけ算、わり算、パーセント;ಕೂಡಿಸುವಿಕೆ, ಕಳೆಯುವಿಕೆ, ಗುಣಾಕಾರ, ಭಾಗಾಕಾರ ಮತ್ತು ಶೇಕಡಾವಾರು;Қосу, азайту, көбейту, бөлу және пайыздар;បូក ដក គុណ ចែក និងភាគរយ;덧셈, 뺄셈, 곱셈, 나눗셈, 백분율;Zbrajanje, oduzimanje, množenje, dijeljenje i postoci;ບວກ, ລົບ, ຄູນ, ຫານ ແລະ ເປີເຊັນ;Saskaitīšana, atņemšana, reizināšana, dalīšana un procenti;Sudėtis, atimtis, daugyba, dalyba ir procentai;Собирање, одземање, множење, делење и проценти;Tambah, tolak, darab, bahagi dan peratus;കൂട്ടൽ, കുറയ്ക്കൽ, ഗുണനം, ഹരണം, ശതമാനങ്ങൾ;बेरीज, वजाबाकी, गुणाकार, भागाकार आणि टक्केवारी;Нэмэх, хасах, үржүүлэх, хуваах, хувь;जोड, घटाउ, गुणन, भाग र प्रतिशत;Addisjon, subtraksjon, multiplikasjon, divisjon og prosent;Додавання, віднімання, множення, ділення й відсотки;ଯୋଗ, ବିୟୋଗ, ଗୁଣ, ଭାଗ ଓ ଶତକଡ଼ା;قوشۇش، ئېلىش، كۆپەيتىش، بۆلۈش ۋە پىرسەنت;Qo‘shish, ayirish, ko‘paytirish, bo‘lish va foizlar;جمع، تفریق، ضرب، تقسیم و درصد;Dodawanie, odejmowanie, mnożenie, dzielenie i procenty;Adição, subtração, multiplicação, divisão e percentagens;ਜੋੜ, ਘਟਾਓ, ਗੁਣਾ, ਭਾਗ ਅਤੇ ਪ੍ਰਤੀਸ਼ਤ;Adunare, scădere, înmulțire, împărțire și procente;Сложение, вычитание, умножение, деление и проценты;Sabiranje, oduzimanje, množenje, deljenje i procenti;එකතු කිරීම, අඩු කිරීම, ගුණ කිරීම, බෙදීම සහ ප්‍රතිශත;Sčítanie, odčítanie, násobenie, delenie a percentá;Seštevanje, odštevanje, množenje, deljenje in odstotki;Sumas, restas, multiplicaciones, divisiones y porcentajes;Kujumlisha, kutoa, kuzidisha, kugawanya na asilimia;එකතු කිරීම, අඩු කිරීම, ගුණ කිරීම, බෙදීම සහ ප්‍රතිශත;கூட்டல், கழித்தல், பெருக்கல், வகுத்தல் மற்றும் சதவீதங்கள்;บวก ลบ คูณ หาร และเปอร์เซ็นต์;སྣོན་རྩིས། འཐེན་རྩིས། སྒྱུར་རྩིས། བགོ་རྩིས་དང་བརྒྱ་ཆ།;Sčítání, odčítání, násobení, dělení a procenta;Toplama, çıkarma, çarpma, bölme ve yüzdeler;جمع، تفریق، ضرب، تقسیم اور فی صد;Cộng, trừ, nhân, chia và phần trăm;Adio, tynnu, lluosi, rhannu a chanrannau;Складанне, адніманне, множанне, дзяленне і працэнты;Ukuhlanganisa, ukususa, ukuphindaphinda, ukuhlukanisa namaphesenti;Addition, subtraktion, multiplikation, division och procent
info.super.basic;;In-app text. English is 24 characters. Try to stay close to that.;Addition and subtraction;Optellen en aftrekken;Optel en aftrek;Mbledhje dhe zbritje;መደመር እና መቀነስ;الجمع والطرح;Գումարում և հանում;যোগ আৰু বিয়োগ;Toplama və çıxma;Batuketa eta kenketa;যোগ ও বিয়োগ;ပေါင်းနှင့် နုတ်;Sabiranje i oduzimanje;Събиране и изваждане;Suma i resta;加法和减法;Addition og subtraktion;Addition und Subtraktion;Liitmine ja lahutamine;Samlegging og frádráttur;Yhteen- ja vähennyslasku;Addition et soustraction;Suma e resta;მიმატება და გამოკლება;Πρόσθεση και αφαίρεση;સરવાળો અને બાદબાકી;חיבור וחיסור;जोड़ और घटाव;Összeadás és kivonás;Suimiú agus dealú;Samlagning og frádráttur;Penjumlahan dan pengurangan;Addizioni e sottrazioni;たし算とひき算;ಕೂಡಿಸುವಿಕೆ ಮತ್ತು ಕಳೆಯುವಿಕೆ;Қосу және азайту;បូក និងដក;덧셈과 뺄셈;Zbrajanje i oduzimanje;ບວກ ແລະ ລົບ;Saskaitīšana un atņemšana;Sudėtis ir atimtis;Собирање и одземање;Tambah dan tolak;കൂട്ടലും കുറയ്ക്കലും;बेरीज आणि वजाबाकी;Нэмэх ба хасах;जोड र घटाउ;Addisjon og subtraksjon;Додавання й віднімання;ଯୋଗ ଓ ବିୟୋଗ;قوشۇش ۋە ئېلىش;Qo‘shish va ayirish;جمع و تفریق;Dodawanie i odejmowanie;Adição e subtração;ਜੋੜ ਅਤੇ ਘਟਾਓ;Adunare și scădere;Сложение и вычитание;Sabiranje i oduzimanje;එකතු කිරීම සහ අඩු කිරීම;Sčítanie a odčítanie;Seštevanje in odštevanje;Sumas y restas;Kujumlisha na kutoa;එකතු කිරීම සහ අඩු කිරීම;கூட்டல் மற்றும் கழித்தல்;บวกและลบ;སྣོན་རྩིས་དང་འཐེན་རྩིས;Sčítání a odčítání;Toplama ve çıkarma;جمع اور تفریق;Cộng và trừ;Adio a thynnu;Складанне і адніманне;Ukuhlanganisa nokususa;Addition och subtraktion
info.super.fraction;;In-app text. English is 51 characters. Try to stay close to that.;Addition, subtraction, multiplication, and division;Optellen, aftrekken, vermenigvuldigen en delen;Optel, aftrek, vermenigvuldig en deel;Mbledhje, zbritje, shumëzim dhe pjesëtim;መደመር፣ መቀነስ፣ ማባዛት እና ማካፈል;الجمع والطرح والضرب والقسمة;Գումարում, հանում, բազմապատկում և բաժանում;যোগ, বিয়োগ, পূৰণ আৰু ভাগ;Toplama, çıxma, vurma və bölmə;Batuketa, kenketa, biderketa eta zatiketa;যোগ, বিয়োগ, গুণ ও ভাগ;ပေါင်း၊ နုတ်၊ မြှောက်နှင့် စား;Sabiranje, oduzimanje, množenje i dijeljenje;Събиране, изваждане, умножение и деление;Suma, resta, multiplicació i divisió;加法、减法、乘法和除法;Addition, subtraktion, multiplikation og division;Addition, Subtraktion, Multiplikation und Division;Liitmine, lahutamine, korrutamine ja jagamine;Samlegging, frádráttur, falding og býting;Yhteen-, vähennys-, kerto- ja jakolasku;Addition, soustraction, multiplication et division;Suma, resta, multiplicación e división;მიმატება, გამოკლება, გამრავლება და გაყოფა;Πρόσθεση, αφαίρεση, πολλαπλασιασμός και διαίρεση;સરવાળો, બાદબાકી, ગુણાકાર અને ભાગાકાર;חיבור, חיסור, כפל וחילוק;जोड़, घटाव, गुणा और भाग;Összeadás, kivonás, szorzás és osztás;Suimiú, dealú, iolrú agus roinnt;Samlagning, frádráttur, margföldun og deiling;Penjumlahan, pengurangan, perkalian, dan pembagian;Addizioni, sottrazioni, moltiplicazioni e divisioni;たし算、ひき算、かけ算、わり算;ಕೂಡಿಸುವಿಕೆ, ಕಳೆಯುವಿಕೆ, ಗುಣಾಕಾರ ಮತ್ತು ಭಾಗಾಕಾರ;Қосу, азайту, көбейту және бөлу;បូក ដក គុណ និងចែក;덧셈, 뺄셈, 곱셈, 나눗셈;Zbrajanje, oduzimanje, množenje i dijeljenje;ບວກ, ລົບ, ຄູນ ແລະ ຫານ;Saskaitīšana, atņemšana, reizināšana un dalīšana;Sudėtis, atimtis, daugyba ir dalyba;Собирање, одземање, множење и делење;Tambah, tolak, darab dan bahagi;കൂട്ടൽ, കുറയ്ക്കൽ, ഗുണനം, ഹരണം;बेरीज, वजाबाकी, गुणाकार आणि भागाकार;Нэмэх, хасах, үржүүлэх, хуваах;जोड, घटाउ, गुणन र भाग;Addisjon, subtraksjon, multiplikasjon og divisjon;Додавання, віднімання, множення й ділення;ଯୋଗ, ବିୟୋଗ, ଗୁଣ ଓ ଭାଗ;قوشۇش، ئېلىش، كۆپەيتىش ۋە بۆلۈش;Qo‘shish, ayirish, ko‘paytirish va bo‘lish;جمع، تفریق، ضرب و تقسیم;Dodawanie, odejmowanie, mnożenie i dzielenie;Adição, subtração, multiplicação e divisão;ਜੋੜ, ਘਟਾਓ, ਗੁਣਾ ਅਤੇ ਭਾਗ;Adunare, scădere, înmulțire și împărțire;Сложение, вычитание, умножение и деление;Sabiranje, oduzimanje, množenje i deljenje;එකතු කිරීම, අඩු කිරීම, ගුණ කිරීම සහ බෙදීම;Sčítanie, odčítanie, násobenie a delenie;Seštevanje, odštevanje, množenje in deljenje;Sumas, restas, multiplicaciones y divisiones;Kujumlisha, kutoa, kuzidisha na kugawanya;එකතු කිරීම, අඩු කිරීම, ගුණ කිරීම සහ බෙදීම;கூட்டல், கழித்தல், பெருக்கல் மற்றும் வகுத்தல்;บวก ลบ คูณ และหาร;སྣོན་རྩིས། འཐེན་རྩིས། སྒྱུར་རྩིས་དང་བགོ་རྩིས།;Sčítání, odčítání, násobení a dělení;Toplama, çıkarma, çarpma ve bölme;جمع، تفریق، ضرب اور تقسیم;Cộng, trừ, nhân và chia;Adio, tynnu, lluosi a rhannu;Складанне, адніманне, множанне і дзяленне;Ukuhlanganisa, ukususa, ukuphindaphinda nokuhlukanisa;Addition, subtraktion, multiplikation och division
info.super.times;;In-app text. English is 41 characters. Try to stay close to that.;Addition, subtraction, and multiplication;Optellen, aftrekken en vermenigvuldigen;Optel, aftrek en vermenigvuldig;Mbledhje, zbritje dhe shumëzim;መደመር፣ መቀነስ እና ማባዛት;الجمع والطرح والضرب;Գումարում, հանում և բազմապատկում;যোগ, বিয়োগ আৰু পূৰণ;Toplama, çıxma və vurma;Batuketa, kenketa eta biderketa;যোগ, বিয়োগ ও গুণ;ပေါင်း၊ နုတ်နှင့် မြှောက်;Sabiranje, oduzimanje i množenje;Събиране, изваждане и умножение;Suma, resta i multiplicació;加法、减法和乘法;Addition, subtraktion og multiplikation;Addition, Subtraktion und Multiplikation;Liitmine, lahutamine ja korrutamine;Samlegging, frádráttur og falding;Yhteen-, vähennys- ja kertolasku;Addition, soustraction et multiplication;Suma, resta e multiplicación;მიმატება, გამოკლება და გამრავლება;Πρόσθεση, αφαίρεση και πολλαπλασιασμός;સરવાળો, બાદબાકી અને ગુણાકાર;חיבור, חיסור וכפל;जोड़, घटाव और गुणा;Összeadás, kivonás és szorzás;Suimiú, dealú agus iolrú;Samlagning, frádráttur og margföldun;Penjumlahan, pengurangan, dan perkalian;Addizioni, sottrazioni e moltiplicazioni;たし算、ひき算、かけ算;ಕೂಡಿಸುವಿಕೆ, ಕಳೆಯುವಿಕೆ ಮತ್ತು ಗುಣಾಕಾರ;Қосу, азайту және көбейту;បូក ដក និងគុណ;덧셈, 뺄셈, 곱셈;Zbrajanje, oduzimanje i množenje;ບວກ, ລົບ ແລະ ຄູນ;Saskaitīšana, atņemšana un reizināšana;Sudėtis, atimtis ir daugyba;Собирање, одземање и множење;Tambah, tolak dan darab;കൂട്ടൽ, കുറയ്ക്കൽ, ഗുണനം;बेरीज, वजाबाकी आणि गुणाकार;Нэмэх, хасах, үржүүлэх;जोड, घटाउ र गुणन;Addisjon, subtraksjon og multiplikasjon;Додавання, віднімання й множення;ଯୋଗ, ବିୟୋଗ ଓ ଗୁଣ;قوشۇش، ئېلىش ۋە كۆپەيتىش;Qo‘shish, ayirish va ko‘paytirish;جمع، تفریق و ضرب;Dodawanie, odejmowanie i mnożenie;Adição, subtração e multiplicação;ਜੋੜ, ਘਟਾਓ ਅਤੇ ਗੁਣਾ;Adunare, scădere și înmulțire;Сложение, вычитание и умножение;Sabiranje, oduzimanje i množenje;එකතු කිරීම, අඩු කිරීම සහ ගුණ කිරීම;Sčítanie, odčítanie a násobenie;Seštevanje, odštevanje in množenje;Sumas, restas y multiplicaciones;Kujumlisha, kutoa na kuzidisha;එකතු කිරීම, අඩු කිරීම සහ ගුණ කිරීම;கூட்டல், கழித்தல் மற்றும் பெருக்கல்;บวก ลบ และคูณ;སྣོན་རྩིས། འཐེན་རྩིས་དང་སྒྱུར་རྩིས།;Sčítání, odčítání a násobení;Toplama, çıkarma ve çarpma;جمع، تفریق اور ضرب;Cộng, trừ và nhân;Adio, tynnu a lluosi;Складанне, адніманне і множанне;Ukuhlanganisa, ukususa nokuphindaphinda;Addition, subtraktion och multiplikation
language.select;;In-app text. English is 15 characters. Try to stay close to that.;Choose language;Kies taal;Kies taal;Zgjidh gjuhën;ቋንቋ ምረጥ;اختر اللغة;Ընտրիր լեզուն;ভাষা বাছা;Dil seç;Aukeratu hizkuntza;ভাষা বেছে নাও;ဘာသာစကားရွေးပါ;Izaberi jezik;Избери език;Tria l’idioma;选择语言;Vælg sprog;Sprache wählen;Vali keel;Vel mál;Valitse kieli;Choisis la langue;Escolle o idioma;აირჩიე ენა;Διάλεξε γλώσσα;ભાષા પસંદ કરો;בחירת שפה;भाषा चुनें;Válassz nyelvet;Roghnaigh teanga;Veldu tungumál;Pilih bahasa;Scegli la lingua;言語をえらぶ;ಭಾಷೆ ಆರಿಸು;Тілді таңда;ជ្រើសភាសា;언어 선택;Odaberi jezik;ເລືອກພາສາ;Izvēlies valodu;Pasirink kalbą;Избери јазик;Pilih bahasa;ഭാഷ തിരഞ്ഞെടുക്കൂ;भाषा निवड;Хэл сонгох;भाषा छान;Velg språk;Обери мову;ଭାଷା ବାଛ;تىل تاللا;Tilni tanla;انتخاب زبان;Wybierz język;Escolher idioma;ਭਾਸ਼ਾ ਚੁਣੋ;Alege limba;Выбери язык;Izaberi jezik;භාෂාව තෝරන්න;Vyber jazyk;Izberi jezik;Elige el idioma;Chagua lugha;භාෂාව තෝරන්න;மொழியைத் தேர்ந்தெடு;เลือกภาษา;སྐད་ཡིག་འདེམས;Vyber jazyk;Dil seç;زبان چنیں;Chọn ngôn ngữ;Dewis iaith;Выберы мову;Khetha ulimi;Välj språk
lives.three;;In-app text. English is 7 characters. Try to stay close to that.;3 lives;3 levens;3 lewens;3 jetë;3 ሕይወቶች;3 حيوات;3 կյանք;৩টা জীৱন;3 can;3 bizitza;৩টি জীবন;အသက် ၃ ခု;3 života;3 живота;3 vides;3 条生命;3 liv;3 Leben;3 elu;3 lív;3 elämää;3 vies;3 vidas;3 სიცოცხლე;3 ζωές;3 જીવન;3 חיים;3 जीवन;3 élet;3 bheatha;3 líf;3 nyawa;3 vite;ライフ3こ;3 ಜೀವಗಳು;3 жан;3 ជីវិត;목숨 3개;3 života;3 ຊີວິດ;3 dzīvības;3 gyvybės;3 животи;3 nyawa;3 ജീവനുകൾ;3 जीव;3 амь;३ जीवन;3 liv;3 життя;3ଟି ଜୀବନ;3 جان;3 ta jon;۳ جان;3 życia;3 vidas;3 ਜਾਨਾਂ;3 vieți;3 жизни;3 života;ජීවිත 3ක්;3 životy;3 življenja;3 vidas;Maisha 3;ජීවිත 3ක්;3 உயிர்கள்;3 ชีวิต;སྲོག་3;3 životy;3 can;3 جانیں;3 mạng;3 bywyd;3 жыцці;Izimpilo ezi-3;3 liv
lives.unlimited;;In-app text. English is 9 characters. Try to stay close to that.;Unlimited;Oneindig;Onbeperk;Pa kufi;ያልተገደበ;بلا حدود;Անսահման;সীমাহীন;Sonsuz;Mugagabea;অসীম;အကန့်အသတ်မရှိ;Neograničeno;Безкрайни;Sense límit;无限;Ubegrænset;Unbegrenzt;Piiramatu;Óavmarkað;Rajattomasti;Illimité;Sen límite;უსასრულო;Απεριόριστες;અમર્યાદિત;ללא הגבלה;असीमित;Korlátlan;Gan teorainn;Ótakmarkað;Tak terbatas;Illimitate;むげん;ಮಿತಿ ಇಲ್ಲ;Шексіз;គ្មានកំណត់;무제한;Neograničeno;ບໍ່ຈຳກັດ;Neierobežoti;Neribota;Неограничено;Tanpa had;പരിധിയില്ല;अमर्याद;Хязгааргүй;असीमित;Ubegrenset;Без обмежень;ଅସୀମ;چەكسىز;Cheksiz;نامحدود;Bez limitu;Ilimitado;ਬੇਅੰਤ;Nelimitat;Без ограничений;Neograničeno;අසීමිත;Neobmedzene;Neomejeno;Ilimitadas;Bila kikomo;අසීමිත;வரம்பில்லை;ไม่จำกัด;ཚད་མེད;Neomezeně;Sınırsız;لامحدود;Không giới hạn;Heb derfyn;Бясконца;Akunamkhawulo;Obegränsat
menu.accessibility.character;;VoiceOver label (not shown on screen). Favour clarity over brevity. English is 9 characters. Try to stay close to that.;Character;Personage;Karakter;Personazhi;ገጸ ባሕሪ;الشخصية;Կերպար;চৰিত্ৰ;Personaj;Pertsonaia;চরিত্র;ဇာတ်ကောင်;Lik;Герой;Personatge;角色;Figur;Figur;Tegelane;Figurur;Hahmo;Personnage;Personaxe;პერსონაჟი;Χαρακτήρας;પાત્ર;דמות;पात्र;Figura;Carachtar;Persóna;Karakter;Personaggio;キャラクター;ಪಾತ್ರ;Кейіпкер;តួអង្គ;캐릭터;Lik;ຕົວລະຄອນ;Tēls;Veikėjas;Лик;Watak;കഥാപാത്രം;पात्र;Дүр;पात्र;Figur;Персонаж;ପାତ୍ର;قەھرىمان;Qahramon;شخصیت;Postać;Personagem;ਕਿਰਦਾਰ;Personaj;Персонаж;Lik;චරිතය;Postavička;Junak;Personaje;Mhusika;චරිතය;கதாபாத்திரம்;ตัวละคร;མི་སྣ;Postavička;Karakter;کردار;Nhân vật;Cymeriad;Герой;Umlingiswa;Figur
menu.accessibility.characterHint;;VoiceOver label (not shown on screen). Favour clarity over brevity. English is 97 characters. Try to stay close to that.;"Tap to change your character; press and hold for two seconds to start over at the welcome screen.";"Tik om je personage te wijzigen; houd twee seconden ingedrukt om opnieuw te beginnen bij het welkomscherm";"Tik om jou karakter te verander; druk en hou twee sekondes om weer by die welkomskerm te begin.";"Prek për të ndryshuar personazhin; mbaje shtypur dy sekonda për të nisur nga ekrani i mirëseardhjes.";ገጸ ባሕሪህን ለመቀየር ንካ፤ ከመቀበያ ማያው እንደገና ለመጀመር ለሁለት ሰከንድ ተጭነህ ያዝ።;اضغط لتغيير شخصيتك؛ واضغط مطولًا لمدة ثانيتين للبدء من جديد من شاشة الترحيب.;Հպվիր՝ կերպարդ փոխելու համար։ Սեղմած պահիր երկու վայրկյան՝ ողջույնի էկրանից նորից սկսելու համար։;"চৰিত্ৰ সলাবলৈ টেপ কৰা; স্বাগতম পৰ্দাৰ পৰা নতুনকৈ আৰম্ভ কৰিবলৈ দুই ছেকেণ্ড ধৰি ৰাখা।";"Personajını dəyişmək üçün toxun; qarşılama ekranından yenidən başlamaq üçün iki saniyə basıb saxla.";"Sakatu pertsonaia aldatzeko; eduki sakatuta bi segundoz ongietorri-pantailatik berriro hasteko.";"চরিত্র বদলাতে ট্যাপ করো; স্বাগত স্ক্রিন থেকে আবার শুরু করতে দুই সেকেন্ড চেপে ধরো।";ဇာတ်ကောင်ပြောင်းရန် တို့ပါ။ ကြိုဆိုမျက်နှာပြင်ကနေ ပြန်စရန် ၂ စက္ကန့် ဖိထားပါ။;"Dodirni za promjenu lika; pritisni i drži dvije sekunde za povratak na ekran dobrodošlice.";"Докосни, за да смениш героя си; задръж за две секунди, за да започнеш отначало от началния екран.";"Toca per canviar de personatge; mantén premut durant dos segons per tornar a començar a la pantalla de benvinguda.";轻点可更换角色；长按两秒可返回欢迎页重新开始。;Tryk for at skifte figur. Hold nede i to sekunder for at starte forfra på velkomstskærmen.;Tippe, um deine Figur zu ändern. Halte zwei Sekunden gedrückt, um beim Willkommensbildschirm neu zu starten.;"Tegelase muutmiseks puuduta; tervitusekraanilt uuesti alustamiseks hoia kaks sekundit all.";"Trýst fyri at skifta figur; halt inni í tvey sekund fyri at byrja av nýggjum á vælkomstskíggjanum.";Vaihda hahmoa napauttamalla. Aloita tervetulonäkymästä alusta pitämällä painettuna kaksi sekuntia.;"Touche pour changer de personnage ; maintiens appuyé deux secondes pour recommencer à l’écran d’accueil.";"Toca para cambiar de personaxe; mantén premido dous segundos para volver á pantalla de benvida.";"პერსონაჟის შესაცვლელად შეეხე; მისასალმებელი ეკრანიდან თავიდან დასაწყებად ორი წამით დააჭირე.";Πάτησε για να αλλάξεις χαρακτήρα. Κράτησε πατημένο για δύο δευτερόλεπτα για να ξεκινήσεις ξανά από την οθόνη καλωσορίσματος.;"પાત્ર બદલવા ટેપ કરો; સ્વાગત સ્ક્રીનથી ફરી શરૂ કરવા બે સેકન્ડ દબાવી રાખો.";"הקישו כדי לשנות דמות; לחצו לחיצה ארוכה במשך שתי שניות כדי להתחיל מחדש במסך הפתיחה.";"पात्र बदलने के लिए टैप करें; स्वागत स्क्रीन से फिर शुरू करने के लिए दो सेकंड दबाकर रखें।";"Koppints a figurád megváltoztatásához; tartsd nyomva két másodpercig, hogy újrakezdd az üdvözlőképernyőn.";"Tapáil chun do charachtar a athrú; brúigh agus coinnigh ar feadh dhá shoicind chun tosú arís ag an scáileán fáilte.";"Pikkaðu til að skipta um persónu; haltu inni í tvær sekúndur til að byrja aftur á móttökuskjánum.";"Ketuk untuk mengganti karakter; tekan dan tahan selama dua detik untuk memulai lagi dari layar sambutan.";"Tocca per cambiare personaggio; tieni premuto per due secondi per ricominciare dalla schermata di benvenuto.";タップでキャラクターをかえます。2秒間長押しすると、はじめの画面からやり直します。;"ಪಾತ್ರ ಬದಲಿಸಲು ತಟ್ಟು; ಸ್ವಾಗತ ಪರದೆಯಿಂದ ಮತ್ತೆ ಆರಂಭಿಸಲು ಎರಡು ಸೆಕೆಂಡ್ ಒತ್ತಿಹಿಡಿ.";"Кейіпкерді өзгерту үшін түрт; сәлемдесу экранынан қайта бастау үшін екі секунд басып тұр.";"ប៉ះដើម្បីប្ដូរតួអង្គរបស់អ្នក; ចុចឱ្យជាប់ពីរវិនាទី ដើម្បីចាប់ផ្តើមឡើងវិញពីអេក្រង់ស្វាគមន៍។";누르면 캐릭터를 바꿔요. 2초 동안 길게 누르면 시작 화면부터 다시 해요.;"Dodirni za promjenu lika; pritisni i drži dvije sekunde za povratak na zaslon dobrodošlice.";"ແຕະເພື່ອປ່ຽນຕົວລະຄອນ; ກົດຄ້າງສອງວິນາທີເພື່ອເລີ່ມໃໝ່ທີ່ໜ້າຕ້ອນຮັບ.";"Pieskaries, lai mainītu tēlu; turiet nospiestu divas sekundes, lai sāktu no jauna sveiciena ekrānā.";"Bakstelėk, kad pakeistum veikėją; palaikyk dvi sekundes, kad grįžtum į pasisveikinimo ekraną.";"Допри за да го смениш ликот; притисни и држи две секунди за да почнеш одново од екранот за добредојде.";"Ketik untuk tukar watak; tekan dan tahan dua saat untuk mula semula di skrin selamat datang.";"കഥാപാത്രം മാറ്റാൻ തട്ടൂ; സ്വാഗത സ്ക്രീനിൽ നിന്ന് വീണ്ടും തുടങ്ങാൻ രണ്ട് സെക്കൻഡ് അമർത്തിപ്പിടിക്കൂ.";"पात्र बदलण्यासाठी टॅप कर; स्वागत स्क्रीनपासून पुन्हा सुरू करण्यासाठी दोन सेकंद दाबून ठेव.";"Дүрээ солихын тулд товш; тавтай морилно уу дэлгэцээс дахин эхлэхийн тулд хоёр секунд дар.";"पात्र बदल्न ट्याप गर; स्वागत स्क्रिनबाट फेरि सुरु गर्न दुई सेकेन्ड थिचिराख।";Trykk for å bytte figur. Hold inne i to sekunder for å starte på nytt fra velkomstskjermen.;"Торкнися, щоб змінити персонажа; натисни й утримуй дві секунди, щоб почати спочатку з екрана привітання.";"ପାତ୍ର ବଦଳାଇବାକୁ ଟ୍ୟାପ୍ କର; ସ୍ୱାଗତ ସ୍କ୍ରିନ୍‌ରୁ ପୁଣି ଆରମ୍ଭ କରିବାକୁ ଦୁଇ ସେକେଣ୍ଡ ଧରି ରଖ।";قەھرىمانىڭنى ئۆزگەرتىش ئۈچۈن چەك؛ قارشى ئېلىش ئېكرانىدىن قايتا باشلاش ئۈچۈن ئىككى سېكۇنت بېسىپ تۇر.;"Qahramonni almashtirish uchun teg; salomlashuv ekranidan qayta boshlash uchun ikki soniya bosib tur.";برای عوض کردن شخصیت بزن؛ برای شروع دوباره از صفحهٔ خوش‌آمدگویی، دو ثانیه نگه دار.;"Stuknij, aby zmienić postać; przytrzymaj przez dwie sekundy, aby zacząć od nowa na ekranie powitalnym.";"Toca para mudar de personagem; mantém premido durante dois segundos para recomeçar no ecrã de boas-vindas.";"ਕਿਰਦਾਰ ਬਦਲਣ ਲਈ ਟੈਪ ਕਰੋ; ਸਵਾਗਤ ਸਕ੍ਰੀਨ ਤੋਂ ਮੁੜ ਸ਼ੁਰੂ ਕਰਨ ਲਈ ਦੋ ਸਕਿੰਟ ਦਬਾ ਕੇ ਰੱਖੋ।";"Atinge pentru a schimba personajul; ține apăsat două secunde pentru a reveni la ecranul de bun venit.";"Нажми, чтобы сменить персонажа; удерживай две секунды, чтобы начать заново с экрана приветствия.";"Dodirni da promeniš lika; drži dve sekunde da počneš ispočetka od ekrana dobrodošlice.";"ඔබේ චරිතය වෙනස් කිරීමට තට්ටු කරන්න; පිළිගැනීමේ තිරයෙන් නැවත අරඹන්න තත්පර දෙකක් ඔබාගෙන සිටින්න.";"Ťuknutím zmeníš postavičku; podrž dve sekundy a začneš znova na uvítacej obrazovke.";"Tapni za zamenjavo junaka; pritisni in drži dve sekundi, da začneš znova na pozdravnem zaslonu.";"Toca para cambiar de personaje; mantén pulsado dos segundos para volver a empezar desde la pantalla de bienvenida.";"Gusa kubadilisha mhusika wako; bonyeza na ushikilie kwa sekunde mbili kuanza tena kwenye skrini ya kukaribisha.";"ඔබේ චරිතය වෙනස් කිරීමට තට්ටු කරන්න; පිළිගැනීමේ තිරයෙන් නැවත අරඹන්න තත්පර දෙකක් ඔබාගෙන සිටින්න.";"கதாபாத்திரத்தை மாற்றத் தட்டு; வரவேற்புத் திரையிலிருந்து மீண்டும் தொடங்க இரண்டு விநாடிகள் அழுத்திப் பிடி.";แตะเพื่อเปลี่ยนตัวละคร กดค้างสองวินาทีเพื่อเริ่มใหม่ที่หน้าต้อนรับ;མི་སྣ་བརྗེ་བར་རེག དགའ་བསུའི་ངོས་ནས་བསྐྱར་དུ་འགོ་འཛུགས་པར་སྐར་ཆ་གཉིས་མནན་ནས་སྡོད།;"Klepnutím změníš postavičku; podržením na dvě sekundy začneš znovu na uvítací obrazovce.";"Karakterini değiştirmek için dokun; karşılama ekranından yeniden başlamak için iki saniye basılı tut.";کردار بدلنے کے لیے ٹیپ کریں؛ خیرمقدمی اسکرین سے دوبارہ شروع کرنے کے لیے دو سیکنڈ دبائے رکھیں۔;"Chạm để đổi nhân vật; nhấn giữ hai giây để bắt đầu lại từ màn hình chào mừng.";"Tapia i newid dy gymeriad; pwysa a dal am ddwy eiliad i ddechrau eto ar y sgrin groeso.";"Націсні, каб змяніць героя; утрымлівай дзве секунды, каб пачаць нанова з экрана прывітання.";"Thepha ukuze ushintshe umlingiswa; cindezela ubambe imizuzwana emibili ukuze uqale kabusha esikrinini sokwamukela.";Tryck för att byta figur. Håll intryckt i två sekunder för att börja om från välkomstskärmen.
menu.accessibility.chooseMode %@;;"VoiceOver label (not shown on screen). Favour clarity over brevity. Keep the placeholders exactly (%@); the app fills them with numbers/text at runtime. You may reorder them to fit natural word order. English is 9 characters. Try to stay close to that.";Choose %@;Kies %@;Kies %@;Zgjidh %@;%@ ምረጥ;اختر %@;Ընտրիր %@;%@ বাছা;%@ seç;Aukeratu %@;%@ বেছে নাও;%@ ကို ရွေးပါ;Izaberi %@;Избери %@;Tria %@;选择 %@;Vælg %@;Wähle %@;Vali %@;Vel %@;Valitse %@;Choisis %@;Escolle %@;აირჩიე %@;Διάλεξε %@;%@ પસંદ કરો;בחרו %@;%@ चुनें;Válaszd ezt: %@;Roghnaigh %@;Veldu %@;Pilih %@;Scegli %@;%@をえらぶ;%@ ಆರಿಸು;%@ таңда;ជ្រើស %@;%@ 선택;Odaberi %@;ເລືອກ %@;Izvēlies %@;Pasirink %@;Избери %@;Pilih %@;%@ തിരഞ്ഞെടുക്കൂ;%@ निवड;%@-г сонго;%@ छान;Velg %@;Обери %@;%@ ବାଛ;%@ تاللا;%@ ni tanla;%@ را انتخاب کن;Wybierz %@;Escolhe %@;%@ ਚੁਣੋ;Alege %@;Выбери %@;Izaberi %@;%@ තෝරන්න;Vyber %@;Izberi %@;Elige %@;Chagua %@;%@ තෝරන්න;%@ ஐத் தேர்ந்தெடு;เลือก %@;%@ འདེམས;Vyber %@;%@ seç;%@ چنیں;Chọn %@;Dewis %@;Выберы %@;Khetha %@;Välj %@
menu.maxScore;;Menu item. Keep it short. English is 6 characters. Try to stay close to that.;30 MAX;30 MAX;30 MAKS;30 MAX;30 ከፍተኛ;30 كحد أقصى;30 ԱՌԱՎԵԼԱԳՈՒՅՆ;৩০ সৰ্বাধিক;30 MAKS;30 GEH.;৩০ সর্বোচ্চ;30 MAX;30 MAKS;30 МАКС;30 MÀX.;最多 30;30 MAKS.;30 MAX;30 MAX;30 MAKS;30 MAX;30 MAX;30 MÁX.;30 მაქს.;30 ΜΕΓ.;30 MAX;30 מקס׳;30 MAX;30 MAX;30 AR A MHÉAD;30 HÁM.;30 MAKS;30 MAX;最大30;30 MAX;30 MAX;30 អតិបរមា;최대 30;30 MAKS;30 ສູງສຸດ;30 MAKS.;30 MAX;30 МАКС;30 MAKS;30 പരമാവധി;30 कमाल;30 MAX;३० MAX;30 MAKS;30 МАКС;30 MAX;30 MAX;30 MAX;۳۰ حداکثر;30 MAKS.;30 MÁX.;30 MAX;30 MAX;30 МАКС.;30 MAX;උපරිම 30;30 MAX;30 NAJVEČ;30 MÁX.;30 MAX;උපරිම 30;அதிகபட்சம் 30;สูงสุด 30;30 MAX;30 MAX;30 MAKS.;30 زیادہ سے زیادہ;30 TỐI ĐA;30 MWYAF;30 МАКС.;30 MAX;30 MAX
menu.maximumCount;;Menu item. Keep it short. English is 3 characters. Try to stay close to that.;MAX;MAX;MAKS;MAX;ከፍተኛ;الحد الأقصى;ԱՌԱՎԵԼԱԳՈՒՅՆ;সৰ্বাধিক;MAKS;GEH.;সর্বোচ্চ;MAX;MAKS;МАКС;MÀX.;最多;MAKS.;MAX;MAX;MAKS;MAX;MAX;MÁX.;მაქს.;ΜΕΓ.;MAX;מקס׳;MAX;MAX;UAS;HÁM.;MAKS;MAX;最大;MAX;MAX;អតិបរមា;최대;MAKS;ສູງສຸດ;MAKS.;MAX;МАКС;MAKS;പരമാവധി;कमाल;MAX;MAX;MAKS;МАКС;MAX;MAX;MAX;حداکثر;MAKS.;MÁX.;MAX;MAX;МАКС.;MAX;උපරිම;MAX;NAJVEČ;MÁX.;MAX;උපරිම;அதிகபட்சம்;สูงสุด;MAX;MAX;MAKS.;زیادہ سے زیادہ;TỐI ĐA;MWYAF;МАКС.;MAX;MAX
menu.maximumCount.accessibility %lld;;"VoiceOver label (not shown on screen). Favour clarity over brevity. Keep the placeholders exactly (%lld); the app fills them with numbers/text at runtime. You may reorder them to fit natural word order. English is 26 characters. Try to stay close to that.";Maximum reached %lld times;Maximum %lld keer behaald;Maksimum %lld keer bereik;Maksimumi u arrit %lld herë;ከፍተኛው ውጤት %lld ጊዜ ተገኝቷል;بلغت الحد الأقصى %lld مرة;Առավելագույնին հասել ես %lld անգամ;সৰ্বাধিক %lld বাৰ পোৱা হৈছে;Maksimuma %lld dəfə çatılıb;Gehienekora %lld aldiz iritsi zara;সর্বোচ্চ %lld বার হয়েছে;အများဆုံးကို %lld ကြိမ် ရောက်ခဲ့သည်;Maksimum dostignut %lld puta;Максимумът е достигнат %lld пъти;Màxim assolit %lld vegades;已达到上限 %lld 次;Maksimum nået %lld gange;Maximum %lld-mal erreicht;Maksimum saavutatud %lld korda;Hámark rokkið %lld ferðir;Enimmäismäärä saavutettu %lld kertaa;Maximum atteint %lld fois;Máximo acadado %lld veces;მაქსიმუმი მიღწეულია %lld-ჯერ;Έφτασες το μέγιστο %lld φορές;મહત્તમ %lld વાર મેળવ્યું;הגעתם למקסימום %lld פעמים;अधिकतम %lld बार पहुँचा;A maximumot %lld alkalommal érted el;Baineadh an t-uasmhéid amach %lld uair;Hámarki náð %lld sinnum;Batas tercapai %lld kali;Massimo raggiunto %lld volte;最大に%lld回達しました;ಗರಿಷ್ಠವನ್ನು %lld ಬಾರಿ ತಲುಪಿದೆ;Ең жоғарғы шекке %lld рет жеттің;បានដល់អតិបរមា %lld ដង;최대치에 %lld번 도달;Maksimum dosegnut %lld puta;ຮອດສູງສຸດ %lld ຄັ້ງ;Maksimums sasniegts %lld reizes;Maksimumas pasiektas %lld kartų;Максимумот е достигнат %lld пати;Maksimum dicapai %lld kali;പരമാവധി %lld തവണ നേടി;कमाल %lld वेळा गाठली;Дээд хэмжээнд %lld удаа хүрсэн;अधिकतम %lld पटक पुग्यो;Maks nådd %lld ganger;Максимум досягнуто %lld разів;ସର୍ବାଧିକ %lld ଥର ହୋଇଛି;ئەڭ يۇقىرى چەككە %lld قېتىم يەتتى;Eng yuqori natijaga %lld marta erishildi;حداکثر %lld بار به دست آمد;Maksimum osiągnięte %lld razy;Máximo atingido %lld vezes;ਵੱਧ ਤੋਂ ਵੱਧ %lld ਵਾਰ ਪਹੁੰਚੇ;Maximul a fost atins de %lld ori;Максимум достигнут %lld раз;Maksimum dostignut %lld puta;උපරිමයට %lld වරක් ළඟා වුණා;Maximum dosiahnuté %lld-krát;Največ doseženo %lld-krat;Máximo alcanzado %lld veces;Kiwango cha juu kimefikiwa mara %lld;උපරිමයට %lld වරක් ළඟා වුණා;அதிகபட்சத்தை %lld முறை அடைந்தாய்;ถึงค่าสูงสุด %lld ครั้ง;ཚད་མང་ཤོས་ཐེངས་ %lld ཐོབ།;Maximum dosaženo %lldkrát;En yüksek değere %lld kez ulaşıldı;زیادہ سے زیادہ حد %lld بار حاصل ہوئی;Đã đạt tối đa %lld lần;Wedi cyrraedd yr uchafswm %lld gwaith;Максімум дасягнуты %lld разоў;Umkhawulo ufinyelelwe izikhathi ezingu-%lld;Max uppnått %lld gånger
menu.moreLevels;;Menu item. Keep it short. English is 11 characters. Try to stay close to that.;More levels;Meer levels;Meer vlakke;Më shumë nivele;ተጨማሪ ደረጃዎች;مستويات أكثر;Ավելի շատ մակարդակներ;আৰু লেভেল;Daha çox səviyyə;Maila gehiago;আরও লেভেল;နောက်ထပ်အဆင့်များ;Više nivoa;Още нива;Més nivells;更多关卡;Flere baner;Mehr Levels;Veel tasemeid;Fleiri stig;Lisää tasoja;Plus de niveaux;Máis niveis;მეტი დონე;Περισσότερα επίπεδα;વધુ લેવલ;שלבים נוספים;और स्तर;További szintek;Tuilleadh leibhéal;Fleiri borð;Level lainnya;Altri livelli;もっとレベル;ಇನ್ನಷ್ಟು ಹಂತಗಳು;Қосымша деңгейлер;កម្រិតបន្ថែម;더 많은 레벨;Više razina;ດ່ານເພີ່ມ;Vairāk līmeņu;Daugiau lygių;Повеќе нивоа;Lagi tahap;കൂടുതൽ ലെവലുകൾ;आणखी स्तर;Бусад түвшин;थप लेभल;Flere nivåer;Більше рівнів;ଅଧିକ ଲେଭେଲ୍;تېخىمۇ كۆپ دەرىجە;Ko‘proq bosqich;مرحله‌های بیشتر;Więcej poziomów;Mais níveis;ਹੋਰ ਲੈਵਲ;Mai multe niveluri;Ещё уровни;Još nivoa;තවත් මට්ටම්;Viac úrovní;Več stopenj;Más niveles;Viwango zaidi;තවත් මට්ටම්;மேலும் நிலைகள்;ด่านเพิ่มเติม;རིམ་པ་མང་བ;Další úrovně;Daha fazla seviye;مزید لیولز;Thêm cấp độ;Mwy o lefelau;Больш узроўняў;Amaleveli amaningi;Fler nivåer
menu.options;;Menu item. Keep it short. English is 12 characters. Try to stay close to that.;Game options;Spelopties;Spelopsies;Opsionet e lojës;የጨዋታ አማራጮች;خيارات اللعب;Խաղի ընտրանքներ;খেলৰ বিকল্প;Oyun seçimləri;Joko-aukerak;খেলার বিকল্প;ဂိမ်းရွေးချယ်စရာ;Opcije igre;Настройки на играта;Opcions de joc;游戏选项;Spilvalg;Spieloptionen;Mänguvalikud;Spælistillingar;Peliasetukset;Options de jeu;Opcións do xogo;თამაშის პარამეტრები;Επιλογές παιχνιδιού;રમતના વિકલ્પો;אפשרויות משחק;खेल विकल्प;Játékbeállítások;Roghanna cluiche;Leikstillingar;Opsi permainan;Opzioni di gioco;ゲーム設定;ಆಟದ ಆಯ್ಕೆಗಳು;Ойын баптаулары;ជម្រើសហ្គេម;게임 옵션;Opcije igre;ຕົວເລືອກເກມ;Spēles iestatījumi;Žaidimo parinktys;Опции за игра;Pilihan permainan;കളി ഓപ്ഷനുകൾ;खेळाचे पर्याय;Тоглоомын тохиргоо;खेल विकल्प;Spillvalg;Параметри гри;ଖେଳ ବିକଳ୍ପ;ئويۇن تاللانمىلىرى;O‘yin sozlamalari;گزینه‌های بازی;Opcje gry;Opções de jogo;ਖੇਡ ਚੋਣਾਂ;Opțiuni de joc;Настройки игры;Opcije igre;ක්‍රීඩා විකල්ප;Možnosti hry;Možnosti igre;Opciones de juego;Chaguo za mchezo;ක්‍රීඩා විකල්ප;விளையாட்டு விருப்பங்கள்;ตัวเลือกเกม;རྩེད་མོའི་འདེམས་སྒྲིག;Možnosti hry;Oyun seçenekleri;کھیل کے اختیارات;Tùy chọn trò chơi;Dewisiadau gêm;Налады гульні;Izinketho zomdlalo;Spelalternativ
menu.premium;;Menu item. Keep it short. English is 7 characters. Try to stay close to that.;Premium;Premium;Premium;Premium;ፕሪሚየም;مميز;Պրեմիում;প্ৰিমিয়াম;Premium;Premium;প্রিমিয়াম;Premium;Premium;Премиум;Premium;高级版;Premium;Premium;Premium;Premium;Premium;Premium;Premium;Premium;Premium;પ્રીમિયમ;פרימיום;प्रीमियम;Prémium;Préimh;Premium;Premium;Premium;プレミアム;ಪ್ರೀಮಿಯಂ;Premium;ព្រីមៀម;프리미엄;Premium;ພຣີມຽມ;Premium;Premium;Премиум;Premium;പ്രീമിയം;प्रीमियम;Премиум;प्रिमियम;Premium;Преміум;Premium;Premium;Premium;ویژه;Premium;Premium;ਪ੍ਰੀਮੀਅਮ;Premium;Премиум;Premium;ප්‍රීමියම්;Premium;Premium;Premium;Premium;ප්‍රීමියම්;பிரீமியம்;พรีเมียม;Premium;Premium;Premium;پریمیم;Premium;Premiwm;Прэміум;Premium;Premium
menu.premiumTables;;Menu item. Keep it short. English is 14 characters. Try to stay close to that.;Premium tables;Premium-tafels;Premium-tafels;Tabela Premium;ፕሪሚየም ሰንጠረዦች;جداول مميزة;Պրեմիում աղյուսակներ;প্ৰিমিয়াম নামতা;Premium cədvəllər;Premium taulak;প্রিমিয়াম নামতা;Premium ဇယားများ;Premium tablice;Премиум таблици;Taules Premium;高级版乘法表;Premium-tabeller;Premium-Reihen;Premium-tabelid;Premium-tabellir;Premium-taulut;Tables Premium;Táboas Premium;Premium ტაბულები;Premium προπαίδεια;પ્રીમિયમ પાડા;לוחות פרימיום;प्रीमियम पहाड़े;Prémium táblák;Táblaí Préimhe;Premium-margföldun;Perkalian Premium;Tabelline Premium;プレミアム九九;ಪ್ರೀಮಿಯಂ ಪಟ್ಟಿಗಳು;Premium кестелер;តារាងគុណព្រីមៀម;프리미엄 구구단;Premium tablice;ສູດຄູນພຣີມຽມ;Premium reizināšana;Premium lentelės;Премиум таблици;Sifir premium;പ്രീമിയം പട്ടികകൾ;प्रीमियम पाढे;Премиум хүрдүүд;प्रिमियम तालिका;Premium-tabeller;Преміум-таблиці;Premium ନାମତା;Premium جەدۋەللىرى;Premium jadvallar;جدول‌های ویژه;Tabliczki Premium;Tabuadas Premium;ਪ੍ਰੀਮੀਅਮ ਪਹਾੜੇ;Table Premium;Премиум-таблицы;Premium tablice;ප්‍රීමියම් ගුණන වගු;Prémiová násobilka;Premium poštevanka;Tablas Premium;Majedwali ya Premium;ප්‍රීමියම් ගුණන වගු;பிரீமியம் வாய்ப்பாடுகள்;สูตรคูณพรีเมียม;Premium སྒྱུར་རྩིས;Premium násobilka;Premium tablolar;پریمیم پہاڑے;Bảng nhân Premium;Tablau premiwm;Прэміум-табліцы;Amathebula e-Premium;Premiumtabeller
menu.startHere;;Menu item. Keep it short. English is 10 characters. Try to stay close to that.;Start here;Start hier;Begin hier;Fillo këtu;ከዚህ ጀምር;ابدأ هنا;Սկսիր այստեղ;ইয়াৰ পৰা আৰম্ভ;Buradan başla;Hasi hemen;এখান থেকে শুরু;ဒီမှာ စပါ;Počni ovdje;Започни тук;Comença aquí;从这里开始;Start her;Hier starten;Alusta siit;Byrja her;Aloita tästä;Commence ici;Comeza aquí;დაიწყე აქ;Ξεκίνα εδώ;અહીંથી શરૂ કરો;מתחילים כאן;यहाँ से शुरू करें;Kezdd itt;Tosaigh anseo;Byrja hér;Mulai di sini;Inizia qui;ここからスタート;ಇಲ್ಲಿಂದ ಆರಂಭಿಸು;Осы жерден баста;ចាប់ផ្តើមទីនេះ;여기서 시작;Počni ovdje;ເລີ່ມທີ່ນີ້;Sāc šeit;Pradėk čia;Почни тука;Mula di sini;ഇവിടെ തുടങ്ങൂ;इथून सुरू कर;Эндээс эхэл;यहाँबाट सुरु;Start her;Почни тут;ଏଠାରୁ ଆରମ୍ଭ;بۇ يەردىن باشلا;Shu yerdan boshla;از اینجا شروع کن;Zacznij tutaj;Começa aqui;ਇੱਥੋਂ ਸ਼ੁਰੂ ਕਰੋ;Începe aici;Начни здесь;Počni ovde;මෙතැනින් අරඹන්න;Začni tu;Začni tukaj;Empieza aquí;Anza hapa;මෙතැනින් අරඹන්න;இங்கே தொடங்கு;เริ่มตรงนี้;འདི་ནས་འགོ་འཛུགས;Začni tady;Buradan başla;یہاں سے شروع کریں;Bắt đầu ở đây;Dechrau yma;Пачні тут;Qala lapha;Börja här
menu.trophies %lld;one;"Menu item. Keep it short. Keep the placeholders exactly (%lld); the app fills them with numbers/text at runtime. You may reorder them to fit natural word order. English is 11 characters. Try to stay close to that.";%lld trophy;%lld trofee;%lld trofee;%lld trofe;%lld ዋንጫ;%lld كأس;%lld գավաթ;%lldটা ট্ৰফী;%lld kubok;%lld garaikur;%lldটি ট্রফি;ဆုဖလား %lld ခု;%lld trofej;%lld трофей;%lld trofeu;%lld 个奖杯;%lld pokal;%lld Pokal;%lld karikas;%lld steyp;%lld pokaali;%lld trophée;%lld trofeo;%lld თასი;%lld τρόπαιο;%lld ટ્રોફી;%lld גביע;%lld ट्रॉफी;%lld trófea;%lld trófaí;%lld bikar;%lld trofi;%lld trofeo;トロフィー%lldこ;%lld ಟ್ರೋಫಿ;%lld жүлде;ពាន %lld;트로피 %lld개;%lld pehar;%lld ຖ້ວຍ;%lld trofeja;%lld trofėjus;%lld трофеј;%lld trofi;%lld ട്രോഫി;%lld ट्रॉफी;%lld цом;%lld ट्रफी;%lld trofé;%lld трофей;%lld ଟ୍ରଫି;%lld لوڭقا;%lld ta sovrin;%lld جام;%lld puchar;%lld troféu;%lld ਟ੍ਰਾਫੀ;%lld trofeu;%lld трофей;%lld trofej;කුසලාන %lldක්;%lld trofej;%lld pokal;%lld trofeo;Kikombe %lld;කුසලාන %lldක්;%lld கோப்பை;ถ้วยรางวัล %lld ใบ;བྱ་དགའ་ %lld;%lld trofej;%lld kupa;%lld ٹرافی;%lld cúp;%lld tlws;%lld трафей;Indebe engu-%lld;%lld pokal
menu.trophies %lld;other;"Menu item. Keep it short. Keep the placeholders exactly (%lld); the app fills them with numbers/text at runtime. You may reorder them to fit natural word order. English is 13 characters. Try to stay close to that.";%lld trophies;%lld trofeeën;%lld trofeë;%lld trofe;%lld ዋንጫዎች;%lld كؤوس;%lld գավաթ;%lldটা ট্ৰফী;%lld kubok;%lld garaikur;%lldটি ট্রফি;ဆုဖလား %lld ခု;%lld trofeja;%lld трофея;%lld trofeus;%lld 个奖杯;%lld pokaler;%lld Pokale;%lld karikat;%lld steyp;%lld pokaalia;%lld trophées;%lld trofeos;%lld თასი;%lld τρόπαια;%lld ટ્રોફીઓ;%lld גביעים;%lld ट्रॉफियाँ;%lld trófea;%lld trófaí;%lld bikarar;%lld trofi;%lld trofei;トロフィー%lldこ;%lld ಟ್ರೋಫಿಗಳು;%lld жүлде;ពាន %lld;트로피 %lld개;%lld pehara;%lld ຖ້ວຍ;%lld trofejas;%lld trofėjai;%lld трофеи;%lld trofi;%lld ട്രോഫികൾ;%lld ट्रॉफी;%lld цом;%lld ट्रफी;%lld trofeer;%lld трофеїв;%lld ଟ୍ରଫି;%lld لوڭقا;%lld ta sovrin;%lld جام;%lld pucharów;%lld troféus;%lld ਟ੍ਰਾਫੀਆਂ;%lld trofee;%lld трофеев;%lld trofeja;කුසලාන %lldක්;%lld trofejí;%lld pokalov;%lld trofeos;Vikombe %lld;කුසලාන %lldක්;%lld கோப்பைகள்;ถ้วยรางวัล %lld ใบ;བྱ་དགའ་ %lld;%lld trofejí;%lld kupa;%lld ٹرافیاں;%lld cúp;%lld o dlysau;%lld трафеяў;Izindebe ezingu-%lld;%lld pokaler
menu.unlockWithPremium;;Menu item. Keep it short. English is 24 characters. Try to stay close to that.;Unlock more with Premium;Ontgrendel meer met Premium;Ontsluit meer met Premium;Zhblloko më shumë me Premium;በፕሪሚየም ተጨማሪ ክፈት;افتح المزيد مع المميز;Բացիր ավելին Պրեմիումով;প্ৰিমিয়ামেৰে আৰু খোলা;Premium ilə daha çoxunu aç;Desblokeatu gehiago Premium-ekin;প্রিমিয়ামে আরও আনলক করো;Premium နဲ့ ပိုဖွင့်ပါ;Otključaj više uz Premium;Отключи още с Премиум;Desbloqueja’n més amb Premium;升级高级版，解锁更多;Lås op for mere med Premium;Mit Premium mehr freischalten;Ava Premiumiga rohkem;Lat meira upp við Premium;Avaa lisää Premiumilla;Débloque plus avec Premium;Desbloquea máis con Premium;Premium-ით მეტი გახსენი;Ξεκλείδωσε περισσότερα με Premium;પ્રીમિયમથી વધુ ખોલો;פתחו עוד עם פרימיום;प्रीमियम से और अनलॉक करें;Nyiss meg többet Prémiummal;Díghlasáil tuilleadh le Préimh;Opnaðu meira með Premium;Buka lebih banyak dengan Premium;Sblocca di più con Premium;プレミアムでもっと遊ぼう;ಪ್ರೀಮಿಯಂ ಮೂಲಕ ಇನ್ನಷ್ಟು ತೆರೆಯಿರಿ;Premium арқылы көбірек аш;ដោះសោបន្ថែមជាមួយព្រីមៀម;프리미엄으로 더 열기;Otključaj više uz Premium;ປົດລັອກເພີ່ມດ້ວຍພຣີມຽມ;Atbloķē vairāk ar Premium;Atrakink daugiau su Premium;Отклучи повеќе со Премиум;Buka lebih banyak dengan Premium;പ്രീമിയം ഉപയോഗിച്ച് കൂടുതൽ തുറക്കൂ;प्रीमियमने आणखी उघड;Премиумаар илүүг нээ;प्रिमियमले थप खोल;Lås opp mer med Premium;Відкрий більше з Преміум;Premium ସହ ଆହୁରି ଖୋଲ;Premium بىلەن تېخىمۇ كۆپنى ئاچ;Premium bilan ko‘prog‘ini och;با نسخهٔ ویژه بیشتر باز کن;Odblokuj więcej z Premium;Desbloqueia mais com Premium;ਪ੍ਰੀਮੀਅਮ ਨਾਲ ਹੋਰ ਖੋਲ੍ਹੋ;Deblochează mai mult cu Premium;Открой больше с Премиум;Otključaj više uz Premium;ප්‍රීමියම් සමඟ තවත් විවෘත කරන්න;Odomkni viac s Premium;S Premiumom odkleni več;Desbloquea más con Premium;Fungua zaidi kwa Premium;ප්‍රීමියම් සමඟ තවත් විවෘත කරන්න;பிரீமியத்தில் மேலும் திற;ปลดล็อกเพิ่มด้วยพรีเมียม;Premium གྱིས་མང་བ་ཁ་ཕྱེ།;Odemkni více s Premium;Premium ile daha fazlasını aç;پریمیم سے مزید کھولیں;Mở khóa thêm với Premium;Datgloi mwy gyda Premiwm;Адкрый больш з Прэміум;Vula okwengeziwe nge-Premium;Lås upp mer med Premium
mode.fractions.multiple;;In-app text. English is 8 characters. Try to stay close to that.;Multiple;Meerdere;Verskeie;Disa;ብዙ;متعدد;Մի քանի;একাধিক;Bir neçə;Hainbat;একাধিক;အပိုင်းများ;Više;Няколко;Diverses;多份;Flere;Mehrere;Mitu;Fleiri;Monta;Plusieurs;Varias;რამდენიმე;Πολλά;ઘણા;כמה חלקים;कई;Több;Iolrach;Fleiri;Beberapa;Più parti;いくつか;ಹಲವು;Бірнеше;ច្រើនផ្នែក;여러 부분;Više;ຫຼາຍສ່ວນ;Vairākas;Kelios;Повеќе;Banyak;പല ഭാഗങ്ങൾ;अनेक;Олон;धेरै;Flere;Кілька;ଅନେକ;كۆپ بۆلەك;Bir nechta;چندبخشی;Kilka;Várias;ਕਈ;Mai multe;Несколько;Više delova;කිහිපයක්;Viac;Več delov;Varias;Nyingi;කිහිපයක්;பல;หลายส่วน;མང་པོ;Více částí;Birden çok;کئی;Nhiều phần;Sawl un;Некалькі;Eziningi;Flera
mode.fractions.single;;In-app text. English is 6 characters. Try to stay close to that.;Single;Eén deel;Een deel;Një;አንድ;واحد;Մեկ;এটা;Bir hissə;Bakarra;একটি;တစ်ပိုင်း;Jedan;Една;Una;一份;Én;Ein Teil;Üks;Ein;Yksi;Une part;Unha;ერთი;Ένα;એક;חלק אחד;एक;Egy;Aon chuid;Einn;Satu;Una parte;1つ;ಒಂದು;Бір;មួយផ្នែក;한 부분;Jedan;ໜຶ່ງສ່ວນ;Viena;Viena;Еден;Satu;ഒരു ഭാഗം;एक;Нэг;एक;Én del;Одна;ଗୋଟିଏ;بىر بۆلەك;Bitta;یک‌بخشی;Jedna;Uma;ਇੱਕ;Una;Одна;Jedan deo;එකක්;Jedna;En del;Una;Moja;එකක්;ஒன்று;หนึ่งส่วน;གཅིག;Jedna část;Tek;ایک;Một phần;Un rhan;Адна;Eyodwa;En
mode.mix;;In-app text. English is 3 characters. Try to stay close to that.;Mix;Mix;Meng;Mix;ድብልቅ;مزيج;Խառնուրդ;মিক্স;Qarışıq;Nahasketa;মিক্স;ပေါင်းစပ်;Miks;Микс;Mix;混合;Mix;Mix;Segu;Bland;Sekoitus;Mix;Mestura;მიქსი;Μίξη;મિશ્રણ;ערבוב;मिक्स;Mix;Meascán;Blanda;Campuran;Mix;ミックス;ಮಿಕ್ಸ್;Аралас;លាយ;믹스;Miks;ປະສົມ;Mikss;Mišinys;Микс;Campur;മിക്സ്;मिक्स;Холимог;मिक्स;Miks;Мікс;ମିକ୍ସ;ئارىلاش;Aralash;ترکیبی;Mix;Mistura;ਮਿਕਸ;Mix;Микс;Miks;මිශ්‍ර;Mix;Mešanica;Mezcla;Mchanganyiko;මිශ්‍ර;கலவை;ผสม;འདྲེས་མ;Mix;Karışım;مکس;Trộn;Cymysgu;Мікс;Ingxube;Mix
mode.mixed;;In-app text. English is 5 characters. Try to stay close to that.;Mixed;Gemixt;Gemeng;Përzier;የተደባለቀ;مختلط;Խառը;মিশ্ৰ;Qarışıq;Nahasia;মিশ্র;ရောစပ်;Miješano;Смесено;Mixt;混合;Blandet;Gemischt;Segatud;Blandað;Sekoitettu;Mélangé;Mesturado;შერეული;Μικτά;મિશ્ર;מעורב;मिला-जुला;Vegyes;Measctha;Blandað;Dicampur;Misto;まぜる;ಮಿಶ್ರ;Аралас;ចម្រុះ;섞기;Miješano;ປະສົມກັນ;Jaukts;Mišru;Мешано;Bercampur;കലർന്നത്;मिश्र;Хольсон;मिश्रित;Blandet;Змішано;ମିଶ୍ରିତ;ئارىلاش;Aralash;مخلوط;Mieszane;Misturado;ਮਿਲਿਆ-ਜੁਲਿਆ;Amestecat;Смешанный;Mešano;මිශ්‍රිත;Zmiešané;Mešano;Mixto;Mchanganyiko;මිශ්‍රිත;கலந்தது;คละ;བསྲེས་པ;Smíšené;Karışık;ملا جلا;Hỗn hợp;Cymysg;Змешана;Kuxubile;Blandat
mode.order;;In-app text. English is 5 characters. Try to stay close to that.;Order;Reeks;Reeks;Rend;ቅደም ተከተል;ترتيب;Հերթ;ক্ৰম;Ardıcıllıq;Ordena;ক্রম;အစဉ်;Redoslijed;Ред;Ordre;顺序;Rækkefølge;Reihe;Järjekord;Rað;Järjestys;Ordre;Orde;რიგი;Σειρά;ક્રમ;סדר;क्रम;Sorrend;Ord;Röð;Urutan;Ordine;順番;ಕ್ರಮ;Рет;លំដាប់;순서;Redoslijed;ລຳດັບ;Secība;Tvarka;Редослед;Urutan;ക്രമം;क्रम;Дараалал;क्रम;Rekkefølge;Порядок;କ୍ରମ;تەرتىپ;Tartib;ترتیب;Kolejność;Ordem;ਕ੍ਰਮ;Ordine;Порядок;Redosled;පිළිවෙළ;Poradie;Vrstni red;Orden;Mpangilio;පිළිවෙළ;வரிசை;ลำดับ;གོ་རིམ;Pořadí;Sıra;ترتیب;Thứ tự;Trefn;Парадак;Ukuhleleka;Ordning
mode.percentages.decimal;;In-app text. English is 7 characters. Try to stay close to that.;Decimal;Komma;Desimaal;Dhjetor;አስርዮሽ;عشري;Տասնորդական;দশমিক;Onluq;Hamartarra;দশমিক;ဒသမ;Decimalni;Десетично;Decimal;小数;Decimal;Dezimal;Kümnend;Desimaltal;Desimaali;Décimal;Decimal;ათწილადი;Δεκαδικοί;દશાંશ;עשרוני;दशमलव;Tizedes;Deachúlach;Tugabrot;Desimal;Decimale;小数;ದಶಮಾಂಶ;Ондық;ទសភាគ;소수;Decimalno;ທົດສະນິຍົມ;Decimāls;Dešimtainiai;Децимален;Perpuluhan;ദശാംശം;दशांश;Аравтын;दशमलव;Desimal;Десяткові;ଦଶମିକ;ئونلۇق;O‘nli;اعشاری;Dziesiętne;Decimal;ਦਸ਼ਮਲਵ;Zecimal;Десятичные;Decimalni;දශම;Desatinné;Decimalno;Decimal;Desimali;දශම;தசமம்;ทศนิยม;གྲངས་ཆུང;Desetinné;Ondalık;اعشاری;Thập phân;Degol;Дзесятковыя;Idesimali;Decimal
mode.percentages.whole;;In-app text. English is 5 characters. Try to stay close to that.;Whole;Heel;Heel;I plotë;ሙሉ;صحيح;Ամբողջ;পূৰ্ণ;Tam;Osoa;পূর্ণ;ကိန်းပြည့်;Cijeli;Цяло;Enter;整数;Heltal;Ganz;Täisarv;Heilt;Kokonainen;Entier;Enteiro;მთელი;Ακέραιοι;પૂર્ણ;שלם;पूर्ण;Egész;Slánuimhir;Heil tala;Bulat;Intero;整数;ಪೂರ್ಣ;Бүтін;ចំនួនគត់;정수;Cijelo;ຈຳນວນເຕັມ;Vesels;Sveikieji;Цел;Bulat;പൂർണ്ണം;पूर्ण;Бүхэл;पूर्ण;Heltall;Цілі;ପୂର୍ଣ୍ଣ;پۈتۈن;Butun;صحیح;Całkowite;Inteiro;ਪੂਰੀ ਗਿਣਤੀ;Întreg;Целые;Ceo;පූර්ණ;Celé;Celo;Entero;Nzima;පූර්ණ;முழு;จำนวนเต็ม;ཧྲིལ་གྲངས;Celé;Tam;صحیح;Số nguyên;Cyfan;Цэлыя;Ephelele;Heltal
mode.random;;In-app text. English is 6 characters. Try to stay close to that.;Random;Hussel;Lukraak;Rastësor;የዘፈቀደ;عشوائي;Պատահական;যাদৃচ্ছিক;Təsadüfi;Ausaz;এলোমেলো;ကျပန်း;Nasumično;Случайно;Aleatori;随机;Tilfældig;Zufällig;Juhuslik;Tilvild;Satunnainen;Aléatoire;Aleatorio;შემთხვევითი;Τυχαία;અવ્યવસ્થિત;אקראי;कोई भी;Véletlen;Randamach;Handahóf;Acak;Casuale;ランダム;ಯಾದೃಚ್ಛಿಕ;Кездейсоқ;ចៃដន្យ;무작위;Nasumično;ສຸ່ມ;Nejauši;Atsitiktinai;Случајно;Rawak;ക്രമരഹിതം;यादृच्छिक;Санамсаргүй;अनियमित;Tilfeldig;Випадково;ଯାଦୃଚ୍ଛିକ;ئىختىيارىي;Tasodifiy;تصادفی;Losowo;Aleatório;ਬੇਤਰਤੀਬ;Aleatoriu;Случайно;Nasumično;අහඹු;Náhodne;Naključno;Aleatorio;Nasibu;අහඹු;சீரற்றது;สุ่ม;གང་བྱུང;Náhodně;Rastgele;بے ترتیب;Ngẫu nhiên;Ar hap;Выпадкова;Okungahleliwe;Slump
mode.standard;;In-app text. English is 8 characters. Try to stay close to that.;Standard;Standaard;Standaard;Standard;መደበኛ;عادي;Սովորական;মানক;Standart;Estandarra;সাধারণ;ပုံမှန်;Standardno;Стандартно;Estàndard;标准;Standard;Standard;Tavaline;Vanligt;Tavallinen;Standard;Estándar;სტანდარტული;Βασικό;સામાન્ય;רגיל;सामान्य;Normál;Caighdeánach;Venjulegt;Standar;Standard;スタンダード;ಸಾಮಾನ್ಯ;Қалыпты;ស្តង់ដារ;기본;Standardno;ມາດຕະຖານ;Standarta;Standartinis;Стандардно;Standard;സാധാരണം;सामान्य;Стандарт;सामान्य;Standard;Стандарт;ସାଧାରଣ;ئۆلچەملىك;Standart;استاندارد;Standard;Padrão;ਮਿਆਰੀ;Standard;Обычный;Standardno;සාමාන්‍ය;Štandard;Običajno;Estándar;Kawaida;සාමාන්‍ය;வழக்கமானது;มาตรฐาน;ཚད་ལྡན;Standardní;Standart;معیاری;Tiêu chuẩn;Safonol;Звычайны;Okuvamile;Standard
modeIntro.addition.intro;;Short bullet on the pre-game card. Keep it concise. |pipes| mark bold text (1 pair(s) here). Wrap the matching word(s) in your language in |pipes|, do not translate the pipes away. English is 33 characters. Try to stay close to that.;You only get |addition| problems.;Je krijgt alleen sommen met |optellen|.;Jy kry net |optel|-somme.;Do të marrësh vetëm detyra me |mbledhje|.;የምታገኘው የ|መደመር| ጥያቄዎችን ብቻ ነው።;ستحصل فقط على مسائل |الجمع|.;Դու ստանում ես միայն |գումարման| առաջադրանքներ։;তুমি কেৱল |যোগ|ৰ অংক পাবা।;Yalnız |toplama| misalları gəlir.;|Batuketa| ariketak bakarrik izango dituzu.;তুমি শুধু |যোগের| অঙ্ক পাবে।;|ပေါင်းခြင်း| ပုစ္ဆာပဲ ရမယ်။;Dobijaš samo zadatke sa |sabiranjem|.;Получаваш задачи само със |събиране|.;Només tindràs problemes de |suma|.;你只会遇到 |加法| 题。;Du får kun opgaver med |addition|.;Du bekommst nur Aufgaben mit |Addition|.;Saad ainult |liitmisülesandeid|.;Tú fært bara uppgávur við |samlegging|.;Saat vain |yhteenlaskuja|.;Tu n’auras que des calculs d’|addition|.;Só terás contas de |suma|.;გექნება მხოლოდ |მიმატების| ამოცანები.;Θα έχεις μόνο ασκήσεις |πρόσθεσης|.;તમને ફક્ત |સરવાળાના| દાખલા મળશે.;תקבלו רק תרגילי |חיבור|.;तुम्हें केवल |जोड़| के सवाल मिलेंगे।;Csak |összeadási| feladatokat kapsz.;Ní fhaigheann tú ach ceisteanna |suimithe|.;Þú færð aðeins dæmi í |samlagningu|.;Kamu hanya mendapat soal |penjumlahan|.;Avrai solo esercizi di |addizione|.;|たし算|の問題だけが出るよ。;ನಿನಗೆ |ಕೂಡಿಸುವಿಕೆ| ಲೆಕ್ಕಗಳು ಮಾತ್ರ ಬರುತ್ತವೆ.;Саған тек |қосу| есептері беріледі.;អ្នកនឹងទទួលបានតែលំហាត់ |បូក|។;|덧셈| 문제만 나와요.;Dobivaš samo zadatke sa |zbrajanjem|.;ເຈົ້າຈະໄດ້ສະເພາະໂຈດ |ບວກ|.;Te būs tikai |saskaitīšanas| uzdevumi.;Gausi tik |sudėties| užduotis.;Ќе добиваш само задачи со |собирање|.;Kamu hanya dapat soalan |tambah|.;നിനക്ക് |കൂട്ടൽ| കണക്കുകൾ മാത്രം കിട്ടും.;तुला फक्त |बेरीज|ची उदाहरणे मिळतील.;Зөвхөн |нэмэх| бодлого бодно.;तिमीले |जोड| का प्रश्न मात्र पाउँछौ।;Du får bare oppgaver med |addisjon|.;Тут будуть лише завдання на |додавання|.;ତୁମେ କେବଳ |ଯୋଗ| ପ୍ରଶ୍ନ ପାଇବ।;پەقەت |قوشۇش| مەسىلىلىرى كېلىدۇ.;Faqat |qo‘shish| misollari beriladi.;فقط تمرین‌های |جمع| می‌بینی.;Dostajesz tylko zadania z |dodawaniem|.;Só vais receber contas de |adição|.;ਤੁਹਾਨੂੰ ਸਿਰਫ਼ |ਜੋੜ| ਦੇ ਸਵਾਲ ਮਿਲਣਗੇ।;Primești doar exerciții de |adunare|.;Будут только примеры на |сложение|.;Dobijaš samo zadatke sa |sabiranjem|.;ඔබට ලැබෙන්නේ |එකතු කිරීමේ| ගණන් පමණයි.;Dostaneš iba príklady na |sčítanie|.;Dobiš samo naloge s |seštevanjem|.;Solo tendrás ejercicios de |sumas|.;Utapata maswali ya |kujumlisha| tu.;ඔබට ලැබෙන්නේ |එකතු කිරීමේ| ගණන් පමණයි.;|கூட்டல்| கணக்குகள் மட்டும் வரும்.;มีเฉพาะโจทย์ |การบวก|;ཁྱེད་ལ་ |སྣོན་རྩིས| ཁོ་ན་ཡོང་།;Dostaneš jen příklady na |sčítání|.;Yalnızca |toplama| soruları gelir.;آپ کو صرف |جمع| کے سوال ملیں گے۔;Bạn chỉ nhận bài |phép cộng|.;Dim ond symiau |adio| gei di.;Будуць толькі прыклады на |складанне|.;Uthola kuphela izibalo |zokuhlanganisa|.;Du får bara tal med |addition|.
modeIntro.addition.mixed %lld;;"Short bullet on the pre-game card. Keep it concise. Keep the placeholders exactly (%lld); the app fills them with numbers/text at runtime. You may reorder them to fit natural word order. |pipes| mark bold text (1 pair(s) here). Wrap the matching word(s) in your language in |pipes|, do not translate the pipes away. English is 41 characters. Try to stay close to that.";You add %lld |or less| to another number.;Je telt steeds %lld |of lager| op bij een ander getal.;Jy tel %lld |of minder| by ’n ander getal.;I shton %lld |ose më pak| një numri tjetër.;በሌላ ቁጥር ላይ %lld |ወይም ያነሰ| ትደምራለህ።;تضيف %lld |أو أقل| إلى عدد آخر.;Մեկ այլ թվին ավելացնում ես %lld |կամ պակաս|։;তুমি আন এটা সংখ্যাত %lld |বা কম| যোগ কৰিবা।;Başqa ədədə %lld |və ya az| əlavə edirsən.;%lld |edo gutxiago| gehituko diozu beste zenbaki bati.;অন্য একটি সংখ্যার সঙ্গে %lld |বা কম| যোগ করো।;အခြားဂဏန်းတစ်ခုကို %lld |သို့မဟုတ် အောက်| ပေါင်းမယ်။;Drugom broju dodaješ %lld |ili manje|.;Прибавяш %lld |или по-малко| към друго число.;Sumes %lld |o menys| a un altre nombre.;把 %lld |或更小| 的数加到另一个数上。;Du lægger %lld |eller mindre| til et andet tal.;Du addierst %lld |oder weniger| zu einer anderen Zahl.;Liidad teisele arvule %lld |või vähem|.;Tú leggur %lld |ella minni| afturat einum øðrum tali.;Lisäät enintään %lld |tai vähemmän| toiseen lukuun.;Tu ajoutes %lld |ou moins| à un autre nombre.;Sumas %lld |ou menos| a outro número.;სხვა რიცხვს უმატებ %lld-ს |ან ნაკლებს|.;Προσθέτεις %lld |ή λιγότερο| σε έναν άλλο αριθμό.;તમે બીજા અંકમાં %lld |અથવા ઓછું| ઉમેરશો.;מוסיפים %lld |או פחות| למספר אחר.;तुम किसी संख्या में %lld |या कम| जोड़ोगे।;Egy másik számhoz %lld-et |vagy kevesebbet| adsz.;Cuireann tú %lld |nó níos lú| le huimhir eile.;Þú leggur %lld |eða minna| við aðra tölu.;Kamu menambahkan %lld |atau kurang| ke angka lain.;Aggiungi %lld |o meno| a un altro numero.;ほかの数に%lld|以下|をたすよ。;ಇನ್ನೊಂದು ಸಂಖ್ಯೆಗೆ %lld |ಅಥವಾ ಕಡಿಮೆ| ಸೇರಿಸು.;Басқа санға %lld |немесе одан аз| қосасың.;អ្នកបូក %lld |ឬតិចជាង| ទៅនឹងចំនួនមួយទៀត។;다른 수에 %lld |이하|를 더해요.;Broju dodaješ %lld |ili manje|.;ເຈົ້າບວກ %lld |ຫຼືຕ່ຳກວ່າ| ໃສ່ອີກຈຳນວນໜຶ່ງ.;Tu pieskaiti %lld |vai mazāk| citam skaitlim.;Prie kito skaičiaus pridėsi %lld |ar mažiau|.;Секогаш додаваш %lld |или помалку| на друг број.;Kamu tambah %lld |atau kurang| pada nombor lain.;മറ്റൊരു സംഖ്യയിലേക്ക് %lld |അല്ലെങ്കിൽ കുറവ്| കൂട്ടൂ.;तू दुसऱ्या संख्येत %lld |किंवा कमी| मिळवशील.;Өөр тоон дээр %lld |эсвэл бага| тоо нэмнэ.;तिमी अर्को सङ्ख्यामा %lld |वा कम| जोड्छौ।;Du legger %lld |eller mindre| til et annet tall.;Ти додаєш %lld |або менше| до іншого числа.;ତୁମେ ଅନ୍ୟ ଏକ ସଂଖ୍ୟାରେ %lld |କିମ୍ବା କମ୍| ଯୋଗ କରିବ।;باشقا بىر سانغا %lld |ياكى تۆۋەن| قوشىسەن.;Boshqa songa %lld |yoki kamroq| qo‘shasan.;هر بار %lld |یا کمتر| را با عددی دیگر جمع می‌کنی.;Dodajesz %lld |lub mniej| do innej liczby.;Somas %lld |ou menos| a outro número.;ਤੁਸੀਂ ਕਿਸੇ ਹੋਰ ਗਿਣਤੀ ਵਿੱਚ %lld |ਜਾਂ ਘੱਟ| ਜੋੜੋਗੇ।;Aduni %lld |sau mai puțin| la un alt număr.;Ты прибавляешь %lld |или меньше| к другому числу.;Drugom broju dodaješ %lld |ili manje|.;ඔබ වෙනත් අංකයකට %lld |හෝ අඩු| එකතු කරයි.;K inému číslu pripočítaš %lld |alebo menej|.;Drugemu številu prišteješ %lld |ali manj|.;Sumas %lld |o menos| a otro número.;Unaongeza %lld |au chini| kwa nambari nyingine.;ඔබ වෙනත් අංකයකට %lld |හෝ අඩු| එකතු කරයි.;மற்றொரு எண்ணுடன் %lld |அல்லது குறைவாக| கூட்டு.;บวก %lld |หรือน้อยกว่า| เข้ากับอีกจำนวน;ཁྱེད་ཀྱིས་གྲངས་གཞན་ཞིག་ལ་ %lld |ཡང་ན་དེ་ལས་ཆུང་| སྣོན།;K jinému číslu přičítáš %lld |nebo méně|.;Başka bir sayıya %lld |veya daha az| eklersin.;آپ کسی عدد میں %lld |یا کم| جمع کریں گے۔;Bạn cộng %lld |hoặc ít hơn| vào một số khác.;Rwyt ti'n adio %lld |neu lai| at rif arall.;Ты дадаеш %lld |ці менш| да іншага ліку.;Uhlanganisa u-%lld |noma ngaphansi| nenye inombolo.;Du lägger till %lld |eller mindre| till ett annat tal.
modeIntro.addition.order %lld;;"Short bullet on the pre-game card. Keep it concise. Keep the placeholders exactly (%lld); the app fills them with numbers/text at runtime. You may reorder them to fit natural word order. |pipes| mark bold text (1 pair(s) here). Wrap the matching word(s) in your language in |pipes|, do not translate the pipes away. English is 41 characters. Try to stay close to that.";You always add %lld in |ascending order|.;Je telt steeds %lld op in |oplopende volgorde|.;Jy tel altyd %lld in |stygende| volgorde by.;Gjithmonë shton %lld në rend |rritës|.;ሁልጊዜ %lldን በ|እየጨመረ| ቅደም ተከተል ትደምራለህ።;تضيف دائمًا %lld بترتيب |تصاعدي|.;Միշտ ավելացնում ես %lld՝ |աճման| հերթականությամբ։;তুমি সদায় %lld |উৰ্ধ্বক্ৰমত| যোগ কৰিবা।;Həmişə %lld-i |artan| sıra ilə əlavə edirsən.;Beti %lld gehituko duzu |goranzko| ordenan.;তুমি সব সময় %lld |ঊর্ধ্বক্রমে| যোগ করবে।;%lld ကို |ငယ်မှကြီး| အစဉ်နဲ့ အမြဲပေါင်းမယ်။;Uvijek sabiraš %lld |uzlaznim| redom.;Винаги прибавяш %lld във |възходящ| ред.;Sempre sumes %lld en ordre |ascendent|.;每次加 %lld，按 |从小到大| 的顺序。;Du lægger altid %lld til i |stigende| rækkefølge.;Du addierst immer %lld in |aufsteigender| Reihenfolge.;Liidad alati %lld |kasvavas| järjekorras.;Tú leggur altíð %lld afturat í |vaksandi| raðfylgju.;Lisäät aina %lld |nousevassa| järjestyksessä.;Tu ajoutes toujours %lld dans l’ordre |croissant|.;Sempre sumas %lld en orde |ascendente|.;ყოველთვის უმატებ %lld-ს |ზრდად| რიგში.;Προσθέτεις πάντα %lld σε |αύξουσα| σειρά.;તમે હંમેશા %lld ને |ચઢતા| ક્રમમાં ઉમેરશો.;תמיד מוסיפים %lld בסדר |עולה|.;तुम हमेशा %lld को |बढ़ते| क्रम में जोड़ोगे।;Mindig %lld-et adsz hozzá |növekvő| sorrendben.;Cuireann tú %lld leis i gcónaí in ord |ardaitheach|.;Þú leggur alltaf %lld við í |hækkandi| röð.;Kamu selalu menambahkan %lld dalam urutan |naik|.;Aggiungi sempre %lld in ordine |crescente|.;%lldずつ|小さい順|にたすよ。;ಯಾವಾಗಲೂ %lld ಅನ್ನು |ಏರಿಕೆ| ಕ್ರಮದಲ್ಲಿ ಸೇರಿಸು.;Әрдайым %lld санын |өсу| ретімен қосасың.;អ្នកតែងតែបូក %lld តាមលំដាប់ |ឡើង|។;%lld씩 |오름차순|으로 더해요.;Uvijek zbrajaš %lld |uzlaznim| redom.;ເຈົ້າບວກ %lld ຕາມລຳດັບ |ເພີ່ມຂຶ້ນ| ສະເໝີ.;Tu vienmēr pieskaiti %lld |augošā| secībā.;Visada pridėsi %lld |didėjančia| tvarka.;Секогаш додаваш %lld по |растечки| редослед.;Kamu sentiasa tambah %lld dalam urutan |menaik|.;%lld എപ്പോഴും |ആരോഹണ| ക്രമത്തിൽ കൂട്ടൂ.;तू नेहमी %lld |चढत्या| क्रमाने मिळवशील.;%lld-ыг үргэлж |өсөх| дарааллаар нэмнэ.;तिमी सधैं %lld लाई |बढ्दो| क्रममा जोड्छौ।;Du legger alltid til %lld i |stigende| rekkefølge.;Ти завжди додаєш %lld у |зростаючому| порядку.;ତୁମେ ସବୁବେଳେ |ବଢ଼ୁଥିବା| କ୍ରମରେ %lld ଯୋଗ କରିବ।;ھەمىشە %lld نى |ئۆرلەش| تەرتىپىدە قوشىسەن.;Har safar %lld ni |o‘sish| tartibida qo‘shasan.;همیشه %lld را به ترتیب |صعودی| جمع می‌کنی.;Zawsze dodajesz %lld w kolejności |rosnącej|.;Somas sempre %lld por ordem |crescente|.;ਤੁਸੀਂ ਹਮੇਸ਼ਾ %lld ਨੂੰ |ਵੱਧਦੇ| ਕ੍ਰਮ ਵਿੱਚ ਜੋੜੋਗੇ।;Aduni mereu %lld în ordine |crescătoare|.;Ты всегда прибавляешь %lld в |возрастающем| порядке.;Uvek dodaješ %lld |rastućim| redom.;ඔබ හැමවිටම %lld |ආරෝහණ| පිළිවෙළට එකතු කරයි.;Vždy pripočítaš %lld vo |vzostupnom| poradí.;Vedno prištevaš %lld v |naraščajočem| vrstnem redu.;Siempre sumas %lld en orden |ascendente|.;Daima unaongeza %lld kwa mpangilio wa |kupanda|.;ඔබ හැමවිටම %lld |ආරෝහණ| පිළිවෙළට එකතු කරයි.;%lld ஐ எப்போதும் |ஏறுவரிசையில்| கூட்டு.;บวก %lld ตามลำดับ |จากน้อยไปมาก|;ཁྱེད་ཀྱིས་རྟག་ཏུ་ %lld གྱེན་འཕེལ་གྱི་ |གོ་རིམ| ནང་སྣོན།;Vždy přičítáš %lld ve |vzestupném| pořadí.;Her zaman %lld sayısını |artan| sırayla eklersin.;آپ ہمیشہ %lld کو |بڑھتی| ترتیب میں جمع کریں گے۔;Bạn luôn cộng %lld theo thứ tự |tăng dần|.;Rwyt ti bob amser yn adio %lld mewn trefn |esgynnol|.;Ты заўсёды дадаеш %lld у |парадку ўзрастання|.;Njalo uhlanganisa u-%lld ngokulandelana |okukhuphukayo|.;Du lägger alltid till %lld i |stigande| ordning.
modeIntro.addition.random %lld;;"Short bullet on the pre-game card. Keep it concise. Keep the placeholders exactly (%lld); the app fills them with numbers/text at runtime. You may reorder them to fit natural word order. |pipes| mark bold text (1 pair(s) here). Wrap the matching word(s) in your language in |pipes|, do not translate the pipes away. English is 41 characters. Try to stay close to that.";You always add %lld to a |random number|.;Je telt steeds %lld op bij een |willekeurig getal|.;Jy tel altyd %lld by ’n |lukrake| getal.;Gjithmonë i shton %lld një numri |të rastësishëm|.;ሁልጊዜ %lldን በ|ዘፈቀደ| ቁጥር ላይ ትደምራለህ።;تضيف دائمًا %lld إلى عدد |عشوائي|.;Միշտ %lld ես ավելացնում |պատահական| թվին։;তুমি সদায় এটা |যাদৃচ্ছিক| সংখ্যাত %lld যোগ কৰিবা।;Həmişə %lld-i |təsadüfi| ədədə əlavə edirsən.;Beti %lld gehituko diozu |ausazko| zenbaki bati.;তুমি সব সময় একটি |এলোমেলো| সংখ্যার সঙ্গে %lld যোগ করবে।;|ကျပန်း| ဂဏန်းတစ်ခုကို %lld အမြဲပေါင်းမယ်။;Uvijek dodaješ %lld |nasumičnom| broju.;Винаги прибавяш %lld към |случайно| число.;Sempre sumes %lld a un nombre |aleatori|.;每次把 %lld 加到一个 |随机| 数上。;Du lægger altid %lld til et |tilfældigt| tal.;Du addierst immer %lld zu einer |zufälligen| Zahl.;Liidad alati %lld ühe |juhusliku| arvuga.;Tú leggur altíð %lld afturat einum |tilvildarligum| tali.;Lisäät aina %lld |satunnaiseen| lukuun.;Tu ajoutes toujours %lld à un nombre |aléatoire|.;Sempre sumas %lld a un número |aleatorio|.;ყოველთვის უმატებ %lld-ს |შემთხვევით| რიცხვს.;Προσθέτεις πάντα %lld σε έναν |τυχαίο| αριθμό.;તમે હંમેશા %lld ને કોઈ |અવ્યવસ્થિત| અંકમાં ઉમેરશો.;תמיד מוסיפים %lld למספר |אקראי|.;तुम हमेशा %lld को किसी |भी| संख्या में जोड़ोगे।;Mindig %lld-et adsz egy |véletlen| számhoz.;Cuireann tú %lld le huimhir |randamach| i gcónaí.;Þú leggur alltaf %lld við |handahófstölu|.;Kamu selalu menambahkan %lld ke angka |acak|.;Aggiungi sempre %lld a un numero |casuale|.;|ランダム|な数に%lldをたすよ。;ಯಾವಾಗಲೂ %lld ಅನ್ನು |ಯಾದೃಚ್ಛಿಕ| ಸಂಖ್ಯೆಗೆ ಸೇರಿಸು.;Әрдайым %lld санын |кездейсоқ| санға қосасың.;អ្នកតែងតែបូក %lld ទៅនឹងចំនួន |ចៃដន្យ| មួយ។;|무작위| 수에 %lld를 더해요.;Uvijek dodaješ %lld |nasumičnom| broju.;ເຈົ້າບວກ %lld ໃສ່ຈຳນວນ |ສຸ່ມ| ສະເໝີ.;Tu vienmēr pieskaiti %lld |nejaušam| skaitlim.;Visada pridėsi %lld prie |atsitiktinio| skaičiaus.;Секогаш додаваш %lld на |случаен| број.;Kamu sentiasa tambah %lld pada nombor |rawak|.;ഒരു |ക്രമരഹിത| സംഖ്യയിലേക്ക് %lld കൂട്ടൂ.;तू नेहमी एका |यादृच्छिक| संख्येत %lld मिळवशील.;%lld-ыг үргэлж |санамсаргүй| тоон дээр нэмнэ.;तिमी सधैं %lld लाई एउटा |अनियमित| सङ्ख्यामा जोड्छौ।;Du legger alltid %lld til et |tilfeldig| tall.;Ти завжди додаєш %lld до |випадкового| числа.;ତୁମେ ସବୁବେଳେ ଏକ |ଯାଦୃଚ୍ଛିକ| ସଂଖ୍ୟାରେ %lld ଯୋଗ କରିବ।;ھەمىشە %lld نى |ئىختىيارىي| سانغا قوشىسەن.;Har safar %lld ni |tasodifiy| songa qo‘shasan.;همیشه %lld را با عددی |تصادفی| جمع می‌کنی.;Zawsze dodajesz %lld do |losowej| liczby.;Somas sempre %lld a um número |aleatório|.;ਤੁਸੀਂ ਹਮੇਸ਼ਾ ਇੱਕ |ਬੇਤਰਤੀਬ| ਗਿਣਤੀ ਵਿੱਚ %lld ਜੋੜੋਗੇ।;Aduni mereu %lld la un număr |aleatoriu|.;Ты всегда прибавляешь %lld к |случайному| числу.;Uvek dodaješ %lld |nasumičnom| broju.;ඔබ හැමවිටම |අහඹු| අංකයකට %lld එකතු කරයි.;Vždy pripočítaš %lld k |náhodnému| číslu.;Vedno prišteješ %lld k |naključnemu| številu.;Siempre sumas %lld a un número |aleatorio|.;Daima unaongeza %lld kwa nambari ya |nasibu|.;ඔබ හැමවිටම |අහඹු| අංකයකට %lld එකතු කරයි.;%lld ஐ எப்போதும் ஒரு |சீரற்ற| எண்ணுடன் கூட்டு.;บวก %lld กับจำนวน |สุ่ม| เสมอ;ཁྱེད་ཀྱིས་རྟག་ཏུ་ |གང་བྱུང་| གྲངས་ཤིག་ལ་ %lld སྣོན།;Vždy přičítáš %lld k |náhodnému| číslu.;Her zaman %lld sayısını |rastgele| bir sayıya eklersin.;آپ ہمیشہ کسی |بے ترتیب| عدد میں %lld جمع کریں گے۔;Bạn luôn cộng %lld vào một số |ngẫu nhiên|.;Rwyt ti bob amser yn adio %lld at rif |ar hap|.;Ты заўсёды дадаеш %lld да |выпадковага| ліку.;Njalo uhlanganisa u-%lld nenombolo |engahleliwe|.;Du lägger alltid till %lld till ett |slumpmässigt| tal.
modeIntro.addition.title %lld;;"Heading. Short and punchy. Keep the placeholders exactly (%lld); the app fills them with numbers/text at runtime. You may reorder them to fit natural word order. English is 15 characters. Try to stay close to that.";Addition · %lld;Optellen · %lld;Optel · %lld;Mbledhje · %lld;መደመር · %lld;الجمع · %lld;Գումարում · %lld;যোগ · %lld;Toplama · %lld;Batuketa · %lld;যোগ · %lld;ပေါင်းခြင်း · %lld;Sabiranje · %lld;Събиране · %lld;Suma · %lld;加法 · %lld;Addition · %lld;Addition · %lld;Liitmine · %lld;Samlegging · %lld;Yhteenlasku · %lld;Addition · %lld;Suma · %lld;მიმატება · %lld;Πρόσθεση · %lld;સરવાળો · %lld;חיבור · %lld;जोड़ · %lld;Összeadás · %lld;Suimiú · %lld;Samlagning · %lld;Penjumlahan · %lld;Addizione · %lld;たし算・%lld;ಕೂಡಿಸುವಿಕೆ · %lld;Қосу · %lld;បូក · %lld;덧셈 · %lld;Zbrajanje · %lld;ບວກ · %lld;Saskaitīšana · %lld;Sudėtis · %lld;Собирање · %lld;Tambah · %lld;കൂട്ടൽ · %lld;बेरीज · %lld;Нэмэх · %lld;जोड · %lld;Addisjon · %lld;Додавання · %lld;ଯୋଗ · %lld;قوشۇش · %lld;Qo‘shish · %lld;جمع · %lld;Dodawanie · %lld;Adição · %lld;ਜੋੜ · %lld;Adunare · %lld;Сложение · %lld;Sabiranje · %lld;එකතු කිරීම · %lld;Sčítanie · %lld;Seštevanje · %lld;Sumas · %lld;Kujumlisha · %lld;එකතු කිරීම · %lld;கூட்டல் · %lld;การบวก · %lld;སྣོན་རྩིས · %lld;Sčítání · %lld;Toplama · %lld;جمع · %lld;Phép cộng · %lld;Adio · %lld;Складанне · %lld;Ukuhlanganisa · %lld;Addition · %lld
modeIntro.additionMix.b1;;Short bullet on the pre-game card. Keep it concise. English is 33 characters. Try to stay close to that.;Keep adding two numbers together.;Tel steeds twee getallen bij elkaar op.;Tel elke keer twee getalle bymekaar.;Vazhdo të mbledhësh dy numra.;ሁለት ቁጥሮችን መደመርህን ቀጥል።;اجمع عددين في كل مرة.;Շարունակ գումարիր երկու թիվ։;দুটা সংখ্যা যোগ কৰি যোৱা।;İki ədədi bir-birinə əlavə et.;Bi zenbaki batzen jarraitu.;দুটি সংখ্যা বারবার যোগ করো।;ဂဏန်းနှစ်ခုကို ဆက်ပေါင်းပါ။;Stalno sabiraj dva broja.;Събирай по две числа.;Continua sumant dos nombres.;不断把两个数相加。;Læg to tal sammen igen og igen.;Addiere immer zwei Zahlen.;Liida aina kaks arvu kokku.;Legg tvey tøl saman hvørja ferð.;Laske aina kaksi lukua yhteen.;Additionne toujours deux nombres.;Segue sumando dous números.;ყოველ ჯერზე ორი რიცხვი შეკრიბე.;Πρόσθεσε ξανά και ξανά δύο αριθμούς.;બે અંકોને ઉમેરતા રહો.;חברו בכל פעם שני מספרים.;दो संख्याओं को जोड़ते रहो।;Mindig két számot adj össze.;Lean ort ag suimiú dhá uimhir.;Leggðu alltaf tvær tölur saman.;Terus jumlahkan dua angka.;Somma sempre due numeri.;2つの数をたしていこう。;ಎರಡು ಸಂಖ್ಯೆಗಳನ್ನು ಮತ್ತೆ ಮತ್ತೆ ಕೂಡಿಸು.;Екі санды бір-біріне қоса бер.;បូកចំនួនពីរចូលគ្នាបន្តបន្ទាប់។;두 수를 계속 더해요.;Stalno zbrajaj dva broja.;ບວກສອງຈຳນວນເຂົ້າກັນຕໍ່ໄປ.;Turpini saskaitīt divus skaitļus.;Vis sudėk du skaičius.;Постојано собирај по два броја.;Terus tambah dua nombor.;രണ്ട് സംഖ്യകൾ കൂട്ടിക്കൊണ്ടിരിക്കുക.;दोन संख्या एकमेकांत मिळवत राहा.;Хоёр тоог хооронд нь нэмээрэй.;दुई सङ्ख्या जोडिराख।;Legg sammen to tall om gangen.;Додавай два числа.;ଦୁଇଟି ସଂଖ୍ୟାକୁ ଯୋଗ କରି ଚାଲ।;ئىككى ساننى داۋاملىق قوش.;Ikki sonni bir-biriga qo‘sh.;دو عدد را با هم جمع کن.;Dodawaj do siebie dwie liczby.;Continua a somar dois números.;ਦੋ ਗਿਣਤੀਆਂ ਨੂੰ ਜੋੜਦੇ ਰਹੋ।;Adună mereu două numere.;Складывай два числа.;Sabiraj po dva broja.;අංක දෙක බැගින් එකතු කරන්න.;Stále sčítavaj dve čísla.;Seštevaj po dve števili.;Sigue sumando dos números.;Endelea kujumlisha nambari mbili.;අංක දෙක බැගින් එකතු කරන්න.;இரண்டு எண்களை தொடர்ந்து கூட்டு.;บวกสองจำนวนเข้าด้วยกัน;གྲངས་གཉིས་མཉམ་དུ་སྣོན།;Stále sčítej dvě čísla.;İki sayıyı toplamaya devam et.;دو اعداد کو جمع کرتے رہیں۔;Cộng hai số với nhau.;Dalia ati i adio dau rif.;Складай па два лікі.;Qhubeka uhlanganisa izinombolo ezimbili.;Lägg ihop två tal.
modeIntro.additionMix.b2 %lld;;"Short bullet on the pre-game card. Keep it concise. Keep the placeholders exactly (%lld); the app fills them with numbers/text at runtime. You may reorder them to fit natural word order. English is 27 characters. Try to stay close to that.";The answer is at most %lld.;De uitkomst is maximaal %lld.;Die antwoord is hoogstens %lld.;Përgjigjja është maksimumi %lld.;መልሱ ከ%lld አይበልጥም።;الإجابة لا تتجاوز %lld.;Պատասխանը առավելագույնը %lld է։;উত্তৰ সৰ্বাধিক %lld।;Cavab ən çox %lld-dir.;Emaitza gehienez %lld da.;উত্তর সর্বোচ্চ %lld।;အဖြေက အများဆုံး %lld ပါ။;Rezultat je najviše %lld.;Отговорът е най-много %lld.;El resultat és com a màxim %lld.;答案最大为 %lld。;Svaret er højst %lld.;Das Ergebnis ist höchstens %lld.;Vastus on kuni %lld.;Svarið er í mesta lagi %lld.;Vastaus on enintään %lld.;La réponse est au maximum %lld.;A resposta é como máximo %lld.;პასუხი მაქსიმუმ %lld-ია.;Η απάντηση είναι έως %lld.;જવાબ વધુમાં વધુ %lld છે.;התשובה היא לכל היותר %lld.;उत्तर अधिकतम %lld होगा।;Az eredmény legfeljebb %lld.;Is é %lld an freagra is mó.;Svarið er í mesta lagi %lld.;Jawabannya paling besar %lld.;Il risultato è al massimo %lld.;答えは最大%lldです。;ಉತ್ತರ ಗರಿಷ್ಠ %lld.;Жауап ең көбі %lld.;ចម្លើយមិនលើសពី %lld។;답은 최대 %lld예요.;Rezultat je najviše %lld.;ຄຳຕອບສູງສຸດແມ່ນ %lld.;Atbilde nav lielāka par %lld.;Atsakymas bus ne didesnis nei %lld.;Одговорот е најмногу %lld.;Jawapannya paling banyak %lld.;ഉത്തരം പരമാവധി %lld ആണ്.;उत्तर जास्तीत जास्त %lld आहे.;Хариу хамгийн ихдээ %lld.;उत्तर बढीमा %lld हुन्छ।;Svaret er høyst %lld.;Відповідь не більша за %lld.;ଉତ୍ତର ସର୍ବାଧିକ %lld।;جاۋاب ئەڭ كۆپ %lld.;Javob ko‘pi bilan %lld.;پاسخ حداکثر %lld است.;Wynik to najwyżej %lld.;A resposta é, no máximo, %lld.;ਜਵਾਬ ਵੱਧ ਤੋਂ ਵੱਧ %lld ਹੈ।;Răspunsul este cel mult %lld.;Ответ не больше %lld.;Rezultat je najviše %lld.;පිළිතුර වැඩිම %lldයි.;Výsledok je najviac %lld.;Rezultat je največ %lld.;La respuesta es como máximo %lld.;Jibu ni hadi %lld.;පිළිතුර වැඩිම %lldයි.;விடை அதிகபட்சம் %lld.;คำตอบไม่เกิน %lld;ལན་མང་ཤོས་ %lld ཡིན།;Výsledek je nejvýše %lld.;Cevap en fazla %lld olur.;جواب زیادہ سے زیادہ %lld ہوگا۔;Đáp án không quá %lld.;Yr ateb yw %lld ar y mwyaf.;Адказ не большы за %lld.;Impendulo ayidluli ku-%lld.;Svaret är högst %lld.
modeIntro.additionMix.title %lld;;"Heading. Short and punchy. Keep the placeholders exactly (%lld); the app fills them with numbers/text at runtime. You may reorder them to fit natural word order. English is 14 characters. Try to stay close to that.";Add up to %lld;Optellen tot %lld;Optel tot %lld;Mbledhje deri në %lld;እስከ %lld ደምር;الجمع حتى %lld;Գումարում մինչև %lld;%lld লৈ যোগ;%lld-ə qədər topla;Batu %lld arte;%lld পর্যন্ত যোগ;%lld အထိ ပေါင်းခြင်း;Sabiranje do %lld;Събиране до %lld;Suma fins a %lld;加到 %lld;Læg sammen op til %lld;Addieren bis %lld;Liitmine kuni %lld;Legg saman upp í %lld;Yhteenlasku %lld asti;Addition jusqu’à %lld;Sumar ata %lld;მიმატება %lld-მდე;Πρόσθεση έως %lld;%lld સુધી સરવાળો;חיבור עד %lld;%lld तक जोड़;Összeadás %lld-ig;Suimiú go %lld;Leggðu saman upp í %lld;Jumlahkan sampai %lld;Addizioni fino a %lld;%lldまでのたし算;%lldರವರೆಗೆ ಕೂಡಿಸು;%lld-ге дейін қосу;បូកដល់ %lld;%lld까지 덧셈;Zbrajanje do %lld;ບວກເຖິງ %lld;Saskaiti līdz %lld;Sudėtis iki %lld;Собирање до %lld;Tambah hingga %lld;%lld വരെ കൂട്ടൽ;%lld पर्यंत बेरीज;%lld хүртэл нэмэх;%lld सम्म जोड;Legg sammen til %lld;Додавання до %lld;%lld ପର୍ଯ୍ୟନ୍ତ ଯୋଗ;%lld گىچە قوش;%lld gacha qo‘shish;جمع تا %lld;Dodawanie do %lld;Somar até %lld;%lld ਤੱਕ ਜੋੜ;Adunări până la %lld;Сложение до %lld;Sabiranje do %lld;%lld දක්වා එකතු කරන්න;Sčítanie do %lld;Seštevaj do %lld;Sumar hasta %lld;Jumlisha hadi %lld;%lld දක්වා එකතු කරන්න;%lld வரை கூட்டல்;บวกไม่เกิน %lld;%lld བར་སྣོན།;Sčítání do %lld;%lld'ye kadar topla;%lld تک جمع;Cộng đến %lld;Adio hyd at %lld;Складанне да %lld;Hlanganisa kuze kufike ku-%lld;Addera upp till %lld
modeIntro.fractions.intro;;Short bullet on the pre-game card. Keep it concise. |pipes| mark bold text (1 pair(s) here). Wrap the matching word(s) in your language in |pipes|, do not translate the pipes away. English is 33 characters. Try to stay close to that.;You only get |fraction| problems.;Je krijgt alleen sommen met |breuken|.;Jy kry net somme met |breuke|.;Do të marrësh vetëm detyra me |thyesa|.;የምታገኘው የ|ክፍልፋይ| ጥያቄዎችን ብቻ ነው።;ستحصل فقط على مسائل |الكسور|.;Դու ստանում ես միայն |կոտորակների| առաջադրանքներ։;তুমি কেৱল |ভগ্নাংশ|ৰ অংক পাবা।;Yalnız |kəsr| misalları gəlir.;|Zatiki| ariketak bakarrik izango dituzu.;তুমি শুধু |ভগ্নাংশের| অঙ্ক পাবে।;|အပိုင်းကိန်း| ပုစ္ဆာပဲ ရမယ်။;Dobijaš samo zadatke s |razlomcima|.;Получаваш задачи само с |дроби|.;Només tindràs problemes de |fraccions|.;你只会遇到 |分数| 题。;Du får kun opgaver med |brøker|.;Du bekommst nur Aufgaben mit |Brüchen|.;Saad ainult |murruülesandeid|.;Tú fært bara uppgávur við |brotum|.;Saat vain |murtolukutehtäviä|.;Tu n’auras que des calculs de |fractions|.;Só terás contas de |fraccións|.;გექნება მხოლოდ |წილადების| ამოცანები.;Θα έχεις μόνο ασκήσεις με |κλάσματα|.;તમને ફક્ત |અપૂર્ણાંકના| દાખલા મળશે.;תקבלו רק תרגילי |שברים|.;तुम्हें केवल |भिन्न| के सवाल मिलेंगे।;Csak |törtes| feladatokat kapsz.;Ní fhaigheann tú ach ceisteanna |codán|.;Þú færð aðeins dæmi með |brotum|.;Kamu hanya mendapat soal |pecahan|.;Avrai solo esercizi con le |frazioni|.;|分数|の問題だけが出るよ。;ನಿನಗೆ |ಭಿನ್ನರಾಶಿ| ಲೆಕ್ಕಗಳು ಮಾತ್ರ ಬರುತ್ತವೆ.;Саған тек |бөлшек| есептері беріледі.;អ្នកនឹងទទួលបានតែលំហាត់ |ប្រភាគ|។;|분수| 문제만 나와요.;Dobivaš samo zadatke s |razlomcima|.;ເຈົ້າຈະໄດ້ສະເພາະໂຈດ |ເສດສ່ວນ|.;Te būs tikai |daļskaitļu| uzdevumi.;Gausi tik |trupmenų| užduotis.;Ќе добиваш само задачи со |дропки|.;Kamu hanya dapat soalan |pecahan|.;നിനക്ക് |ഭിന്നം| കണക്കുകൾ മാത്രം കിട്ടും.;तुला फक्त |अपूर्णांकांची| उदाहरणे मिळतील.;Зөвхөн |бутархайн| бодлого бодно.;तिमीले |भिन्न| का प्रश्न मात्र पाउँछौ।;Du får bare oppgaver med |brøker|.;Тут будуть лише завдання на |дроби|.;ତୁମେ କେବଳ |ଭଗ୍ନାଂଶ| ପ୍ରଶ୍ନ ପାଇବ।;پەقەت |كەسىر| مەسىلىلىرى كېلىدۇ.;Faqat |kasr| misollari beriladi.;فقط تمرین‌های |کسر| می‌بینی.;Dostajesz tylko zadania z |ułamkami|.;Só vais receber contas com |frações|.;ਤੁਹਾਨੂੰ ਸਿਰਫ਼ |ਭਿੰਨਾਂ| ਦੇ ਸਵਾਲ ਮਿਲਣਗੇ।;Primești doar exerciții cu |fracții|.;Будут только примеры с |дробями|.;Dobijaš samo zadatke sa |razlomcima|.;ඔබට ලැබෙන්නේ |භාග| ගණන් පමණයි.;Dostaneš iba príklady so |zlomkami|.;Dobiš samo naloge z |ulomki|.;Solo tendrás ejercicios de |fracciones|.;Utapata maswali ya |sehemu| tu.;ඔබට ලැබෙන්නේ |භාග| ගණන් පමණයි.;|பின்னம்| கணக்குகள் மட்டும் வரும்.;มีเฉพาะโจทย์ |เศษส่วน|;ཁྱེད་ལ་ |ཆ་ཤས| ཀྱི་རྩིས་ཁོ་ན་ཡོང་།;Dostaneš jen příklady se |zlomky|.;Yalnızca |kesir| soruları gelir.;آپ کو صرف |کسر| کے سوال ملیں گے۔;Bạn chỉ nhận bài |phân số|.;Dim ond symiau |ffracsiynau| gei di.;Будуць толькі прыклады з |дробамі|.;Uthola kuphela izibalo |zamaqhezu|.;Du får bara tal med |bråk|.
modeIntro.fractions.mixed;;Short bullet on the pre-game card. Keep it concise. |pipes| mark bold text (1 pair(s) here). Wrap the matching word(s) in your language in |pipes|, do not translate the pipes away. English is 55 characters. Try to stay close to that.;You get fractions from this level and |earlier levels|.;Je krijgt breuken uit dit level en |eerdere levels|.;Jy kry breuke uit dié vlak en |vroeëre vlakke|.;Do të marrësh thyesa nga ky nivel dhe |nivelet e mëparshme|.;ከዚህ ደረጃ እና ከ|ቀደሙ ደረጃዎች| ክፍልፋዮች ይመጣሉ።;ستحصل على كسور من هذا المستوى و|المستويات السابقة|.;Դու ստանում ես այս և |նախորդ մակարդակների| կոտորակները։;এই লেভেল আৰু |আগৰ লেভেল|ৰ ভগ্নাংশ পাবা।;Bu və |əvvəlki səviyyələrdən| kəsrlər gəlir.;Maila honetako eta |aurreko mailetako| zatikiak izango dituzu.;এই লেভেল ও |আগের লেভেলগুলোর| ভগ্নাংশ পাবে।;ဒီအဆင့်နဲ့ |အရင်အဆင့်များ| က အပိုင်းကိန်းတွေ ရမယ်။;Dobijaš razlomke s ovog i |ranijih nivoa|.;Получаваш дроби от това и от |предишни нива|.;Tindràs fraccions d’aquest nivell i de |nivells anteriors|.;题目来自本关和 |之前的关卡|。;Du får brøker fra denne bane og |tidligere baner|.;Du bekommst Brüche aus diesem und aus |früheren Levels|.;Saad murde sellelt ja |varasematelt tasemetelt|.;Tú fært brot úr hesum stigi og |fyrru stigum|.;Saat murtolukuja tältä ja |aiemmilta tasoilta|.;Tu auras des fractions de ce niveau et des |niveaux précédents|.;Terás fraccións deste nivel e de |niveis anteriores|.;გექნება ამ და |წინა დონეების| წილადები.;Θα έχεις κλάσματα από αυτό και |προηγούμενα επίπεδα|.;તમને આ લેવલ અને |પહેલાના લેવલના| અપૂર્ણાંક મળશે.;תקבלו שברים מהשלב הזה ומ|שלבים קודמים|.;तुम्हें इस और |पिछले स्तरों| के भिन्न मिलेंगे।;Erről és a |korábbi szintekről| kapsz törteket.;Faigheann tú codáin ón leibhéal seo agus ó |leibhéil níos luaithe|.;Þú færð brot úr þessu borði og |fyrri borðum|.;Kamu mendapat pecahan dari level ini dan |level sebelumnya|.;Avrai frazioni di questo livello e dei |livelli precedenti|.;このレベルと|前のレベル|の分数が出るよ。;ಈ ಹಂತ ಮತ್ತು |ಹಿಂದಿನ ಹಂತಗಳ| ಭಿನ್ನರಾಶಿಗಳು ಬರುತ್ತವೆ.;Осы және |алдыңғы деңгейлердің| бөлшектері беріледі.;អ្នកទទួលបានប្រភាគពីកម្រិតនេះ និង |កម្រិតមុនៗ|។;이 레벨과 |이전 레벨|의 분수가 나와요.;Dobivaš razlomke s ove i |ranijih razina|.;ເຈົ້າຈະໄດ້ເສດສ່ວນຈາກດ່ານນີ້ ແລະ |ດ່ານກ່ອນໜ້າ|.;Te būs daļskaitļi no šī un |iepriekšējiem līmeņiem|.;Gausi šio ir |ankstesnių lygių| trupmenas.;Ќе добиваш дропки од ова и од |претходните нивоа|.;Kamu dapat pecahan dari tahap ini dan |tahap sebelumnya|.;ഈ ലെവലിലെയും |മുൻ ലെവലുകളിലെയും| ഭിന്നങ്ങൾ കിട്ടും.;तुला या आणि |आधीच्या स्तरांतील| अपूर्णांक मिळतील.;Энэ болон |өмнөх түвшний| бутархайнууд орно.;तिमीले यो लेभल र |अघिल्ला लेभल| का भिन्न पाउँछौ।;Du får brøker fra dette nivået og |tidligere nivåer|.;Тут будуть дроби з цього й |попередніх рівнів|.;ତୁମେ ଏହି ଲେଭେଲ୍ ଓ |ଆଗର ଲେଭେଲ୍‌ଗୁଡ଼ିକର| ଭଗ୍ନାଂଶ ପାଇବ।;بۇ دەرىجە ۋە |ئالدىنقى دەرىجىلەر|دىكى كەسىرلەر كېلىدۇ.;Bu va |oldingi bosqichlar|dagi kasrlar beriladi.;کسرهای این مرحله و |مرحله‌های قبلی| را می‌بینی.;Dostajesz ułamki z tego i |wcześniejszych poziomów|.;Recebes frações deste nível e de |níveis anteriores|.;ਤੁਹਾਨੂੰ ਇਸ ਅਤੇ |ਪਿਛਲੇ ਲੈਵਲਾਂ| ਦੀਆਂ ਭਿੰਨਾਂ ਮਿਲਣਗੀਆਂ।;Primești fracții din acest nivel și din |nivelurile anterioare|.;Будут дроби этого и |предыдущих уровней|.;Dobijaš razlomke s ovog i |ranijih nivoa|.;මේ මට්ටමේ සහ |පෙර මට්ටම්වල| භාග ලැබේ.;Dostaneš zlomky z tejto a |predošlých úrovní|.;Dobiš ulomke s te in |prejšnjih stopenj|.;Tendrás fracciones de este nivel y de |niveles anteriores|.;Utapata sehemu za kiwango hiki na |viwango vya awali|.;මේ මට්ටමේ සහ |පෙර මට්ටම්වල| භාග ලැබේ.;இந்த நிலையிலும் |முந்தைய நிலைகளிலும்| உள்ள பின்னங்கள் வரும்.;มีเศษส่วนจากด่านนี้และ |ด่านก่อนหน้า|;རིམ་པ་འདི་དང་ |རིམ་པ་སྔོན་མ| ནས་ཆ་ཤས་ཡོང་།;Dostaneš zlomky z této úrovně a |nižších úrovní|.;Bu seviyeden ve |önceki seviyelerden| kesirler gelir.;آپ کو اس اور |پچھلے لیولز| کی کسریں ملیں گی۔;Bạn nhận phân số từ cấp này và |các cấp trước|.;Gei di ffracsiynau o'r lefel hon a |lefelau cynharach|.;Будуць дробы з гэтага і |ранейшых узроўняў|.;Uthola amaqhezu akule leveli |nakumaleveli angaphambilini|.;Du får bråk från den här nivån och |tidigare nivåer|.
modeIntro.fractions.order %lld;;"Short bullet on the pre-game card. Keep it concise. Keep the placeholders exactly (%lld); the app fills them with numbers/text at runtime. You may reorder them to fit natural word order. |pipes| mark bold text (1 pair(s) here). Wrap the matching word(s) in your language in |pipes|, do not translate the pipes away. English is 49 characters. Try to stay close to that.";You always take |1 part| out of %lld equal parts.;Je neemt steeds |1 deel| van %lld gelijke delen.;Jy neem altyd |1 deel| uit %lld gelyke dele.;Merr gjithmonë |1 pjesë| nga %lld pjesë të barabarta.;ከ%lld እኩል ክፍሎች ውስጥ ሁልጊዜ |1 ክፍል| ትወስዳለህ።;تأخذ دائمًا |جزءًا واحدًا| من %lld أجزاء متساوية.;Միշտ վերցնում ես |1 մաս|՝ %lld հավասար մասերից։;%lldটা সমান অংশৰ পৰা সদায় |১টা অংশ| লোৱা।;%lld bərabər hissədən həmişə |1 hissə| götürürsən.;Beti |zati 1| hartuko duzu %lld zati berdinetatik.;%lldটি সমান অংশ থেকে সব সময় |১টি অংশ| নাও।;တူညီတဲ့ %lld ပိုင်းထဲက |1 ပိုင်း| ကို အမြဲယူမယ်။;Uvijek uzimaš |1 dio| od %lld jednakih dijelova.;Винаги вземаш |1 част| от %lld равни части.;Sempre agafes |1 part| de %lld parts iguals.;把 %lld 个相等部分中的 |1 份| 取出来。;Du tager altid |1 del| ud af %lld lige store dele.;Du nimmst immer |1 Teil| von %lld gleich großen Teilen.;Võtad %lld võrdsest osast alati |1 osa|.;Tú tekur altíð |1 part| av %lld eins stórum pørtum.;Otat aina |1 osan| %lld yhtä suuresta osasta.;Tu prends toujours |1 part| sur %lld parts égales.;Sempre colles |1 parte| de %lld partes iguais.;ყოველთვის აიღებ |1 ნაწილს| %lld თანაბარი ნაწილიდან.;Παίρνεις πάντα |1 μέρος| από %lld ίσα μέρη.;તમે હંમેશા %lld સરખા ભાગોમાંથી |1 ભાગ| લો.;לוקחים תמיד |חלק 1| מתוך %lld חלקים שווים.;तुम %lld बराबर भागों में से हमेशा |1 भाग| लोगे।;Mindig |1 részt| veszel %lld egyenlő részből.;Tógann tú |1 chuid| as %lld cuid chothroma i gcónaí.;Þú tekur alltaf |1 hluta| af %lld jöfnum hlutum.;Kamu selalu mengambil |1 bagian| dari %lld bagian yang sama.;Prendi sempre |1 parte| su %lld parti uguali.;%lldこの同じパーツから、いつも|1つ|をとるよ。;%lld ಸಮಭಾಗಗಳಲ್ಲಿ ಯಾವಾಗಲೂ |1 ಭಾಗ| ತೆಗೆದುಕೋ.;%lld тең бөліктің ішінен әрдайым |1 бөлікті| аласың.;អ្នកតែងតែយក |1 ផ្នែក| ក្នុងចំណោម %lld ផ្នែកស្មើគ្នា។;%lld개의 같은 부분 중 |1부분|을 구해요.;Uvijek uzimaš |1 dio| od %lld jednakih dijelova.;ເຈົ້າເອົາ |1 ສ່ວນ| ຈາກ %lld ສ່ວນທີ່ເທົ່າກັນສະເໝີ.;Tu vienmēr ņem |1 daļu| no %lld vienādām daļām.;Visada imsi |1 dalį| iš %lld lygių dalių.;Секогаш земаш |1 дел| од %lld еднакви делови.;Kamu sentiasa ambil |1 bahagian| daripada %lld bahagian sama.;%lld തുല്യ ഭാഗങ്ങളിൽ നിന്ന് എപ്പോഴും |1 ഭാഗം| എടുക്കൂ.;तू %lld समान भागांपैकी नेहमी |1 भाग| घेशील.;%lld тэнцүү хэсгээс үргэлж |1 хэсэг| авна.;तिमी सधैं %lld बराबर भागमध्ये |१ भाग| लिन्छौ।;Du tar alltid |1 del| av %lld like deler.;Ти береш |1 частину| з %lld рівних частин.;ତୁମେ ସବୁବେଳେ %lldଟି ସମାନ ଅଂଶରୁ |1 ଅଂଶ| ନେବ।;%lld تەڭ بۆلەكنىڭ ئىچىدىن ھەمىشە |1 بۆلەك| ئالىسەن.;%lld teng qismdan har safar |1 qism| olasan.;همیشه |۱ بخش| از %lld بخش مساوی را برمی‌داری.;Zawsze bierzesz |1 część| z %lld równych części.;Tiras sempre |1 parte| de %lld partes iguais.;ਤੁਸੀਂ %lld ਬਰਾਬਰ ਹਿੱਸਿਆਂ ਵਿੱਚੋਂ ਹਮੇਸ਼ਾ |1 ਹਿੱਸਾ| ਲਵੋਗੇ।;Iei mereu |1 parte| din %lld părți egale.;Ты берёшь |1 часть| из %lld равных частей.;Uvek uzimaš |1 deo| od %lld jednakih delova.;සමාන කොටස් %lldකින් හැමවිටම |1 කොටසක්| ගන්න.;Vždy vezmeš |1 časť| z %lld rovnakých častí.;Vedno vzameš |1 del| od %lld enakih delov.;Siempre tomas |1 parte| de %lld partes iguales.;Daima unachukua |sehemu 1| kati ya sehemu %lld sawa.;සමාන කොටස් %lldකින් හැමවිටම |1 කොටසක්| ගන්න.;%lld சம பகுதிகளில் |1 பகுதியை| எடு.;หา |1 ส่วน| จากทั้งหมด %lld ส่วนที่เท่ากัน;%lld ཆ་ཤས་མཉམ་པའི་ནང་ནས་ |ཆ་ཤས་1| ལེན།;Vždy vezmeš |1 část| z %lld stejných částí.;%lld eşit parçadan her zaman |1 parça| alırsın.;آپ %lld برابر حصوں میں سے ہمیشہ |1 حصہ| لیں گے۔;Bạn luôn lấy |1 phần| trong %lld phần bằng nhau.;Rwyt ti bob amser yn cymryd |1 rhan| o %lld rhan gyfartal.;Ты заўсёды бярэш |1 частку| з %lld роўных частак.;Njalo uthatha |ingxenye engu-1| ezingxenyeni ezilinganayo ezingu-%lld.;Du tar alltid |1 del| av %lld lika delar.
modeIntro.fractions.premium.b1 %lld;;"Short bullet on the pre-game card. Keep it concise. Keep the placeholders exactly (%lld); the app fills them with numbers/text at runtime. You may reorder them to fit natural word order. English is 66 characters. Try to stay close to that.";Work out fractions of round numbers from %lld and previous levels.;Bereken breuken van ronde getallen uit level %lld en eerdere levels.;Bereken breuke van ronde getalle uit vlak %lld en vorige vlakke.;Gjej thyesa të numrave të rrumbullakët nga niveli %lld dhe nivelet e mëparshme.;ከደረጃ %lld እና ከቀደሙ ደረጃዎች ያሉ የክብ ቁጥሮችን ክፍልፋይ አስላ።;احسب كسور الأعداد الكاملة من المستوى %lld والمستويات السابقة.;Հաշվիր կլոր թվերի կոտորակները %lld-րդ և նախորդ մակարդակներից։;%lld আৰু আগৰ লেভেলৰ ঘূৰণীয়া সংখ্যাৰ ভগ্নাংশ উলিওৱা।;%lld və əvvəlki səviyyələrdəki yuvarlaq ədədlərin kəsrlərini hesabla.;Kalkulatu %lld. mailako eta aurreko mailetako zenbaki biribilen zatikiak.;%lld ও আগের লেভেলের গোল সংখ্যা দিয়ে ভগ্নাংশ হিসাব করো।;အဆင့် %lld နဲ့ အရင်အဆင့်တွေက ကိန်းလုံးတွေရဲ့ အပိုင်းကိန်းကို တွက်ပါ။;Izračunaj razlomke okruglih brojeva s nivoa %lld i ranijih nivoa.;Намирай дроби от кръгли числа от ниво %lld и предишните нива.;Calcula fraccions de nombres rodons del nivell %lld i dels anteriors.;计算第 %lld 关及之前关卡中整十整百数的分数。;Beregn brøker af runde tal fra bane %lld og tidligere baner.;Berechne Bruchteile runder Zahlen aus Level %lld und früheren Levels.;Arvuta ümmarguste arvude murde tasemelt %lld ja varasematelt tasemetelt.;Rokna brot av rundum tølum úr stigi %lld og fyrru stigum.;Laske pyöreiden lukujen murtolukuja tasolta %lld ja aiemmilta tasoilta.;Calcule des fractions de nombres ronds du niveau %lld et des niveaux précédents.;Calcula fraccións de números redondos do nivel %lld e dos anteriores.;გამოთვალე მრგვალი რიცხვების წილადები %lld და წინა დონეებიდან.;Υπολόγισε κλάσματα στρογγυλών αριθμών από το επίπεδο %lld και τα προηγούμενα.;%lld અને પહેલાના લેવલની ગોળ સંખ્યાઓના અપૂર્ણાંક ગણો.;חשבו שברים ממספרים עגולים משלב %lld ומשלבים קודמים.;स्तर %lld और पिछले स्तरों की गोल संख्याओं के भिन्न निकालो।;Számold ki kerek számok törtrészét a(z) %lld. és korábbi szintekről.;Ríomh codáin d’uimhreacha cruinne ó leibhéal %lld agus ó leibhéil níos luaithe.;Reiknaðu brot af sléttum tölum úr borði %lld og fyrri borðum.;Hitung pecahan dari bilangan bulat di level %lld dan level sebelumnya.;Calcola frazioni di numeri tondi dal livello %lld e dai livelli precedenti.;レベル%lldまでの丸い数で分数を計算しよう。;%lld ಮತ್ತು ಹಿಂದಿನ ಹಂತಗಳ ಪೂರ್ಣ ಸಂಖ್ಯೆಗಳಲ್ಲಿ ಭಿನ್ನರಾಶಿ ಲೆಕ್ಕ ಹಾಕು.;%lld-деңгейдегі және алдыңғы деңгейлердегі дөңгелек сандардың бөлшектерін есепте.;គណនាប្រភាគនៃចំនួនមូលពីកម្រិត %lld និងកម្រិតមុនៗ។;%lld레벨과 이전 레벨의 반올림된 수로 분수를 계산해요.;Izračunaj razlomke okruglih brojeva s razine %lld i ranijih razina.;ຫາເສດສ່ວນຂອງຈຳນວນກົມຈາກດ່ານ %lld ແລະ ດ່ານກ່ອນໜ້າ.;Aprēķini apaļu skaitļu daļas no %lld. līmeņa un iepriekšējiem līmeņiem.;Apskaičiuok apvalių skaičių trupmenas iš %lld ir ankstesnių lygių.;Пресметувај дропки од заокружени броеви од нивото %lld и претходните нивоа.;Kira pecahan nombor bulat dari tahap %lld dan tahap sebelumnya.;%lld ലെവലിലെയും മുൻ ലെവലുകളിലെയും വട്ടസംഖ്യകളുടെ ഭിന്നങ്ങൾ കണ്ടുപിടിക്കൂ.;%lld आणि आधीच्या स्तरांतील पूर्ण संख्यांचे अपूर्णांक काढ.;%lld болон өмнөх түвшний бүхэл тоонуудын бутархайг ол.;लेभल %lld र अघिल्ला लेभलका गोलो सङ्ख्याको भिन्न निकाल।;Regn ut brøker av runde tall fra nivå %lld og tidligere nivåer.;Обчислюй дроби від круглих чисел із рівня %lld та попередніх рівнів.;%lld ଓ ଆଗର ଲେଭେଲ୍‌ର ଗୋଲ ସଂଖ୍ୟାର ଭଗ୍ନାଂଶ ହିସାବ କର।;%lld-دەرىجە ۋە ئالدىنقى دەرىجىلەردىكى يۇمىلاق سانلارنىڭ كەسىرلىرىنى ھېسابلا.;%lld-bosqich va oldingi bosqichlardagi dumaloq sonlarning kasrini top.;کسرِ عددهای رُندِ مرحلهٔ %lld و مرحله‌های قبلی را حساب کن.;Obliczaj ułamki z okrągłych liczb z poziomu %lld i wcześniejszych.;Calcula frações de números redondos do nível %lld e dos níveis anteriores.;%lld ਅਤੇ ਪਿਛਲੇ ਲੈਵਲਾਂ ਦੀਆਂ ਗੋਲ ਗਿਣਤੀਆਂ ਦੀਆਂ ਭਿੰਨਾਂ ਕੱਢੋ।;Calculează fracții din numere rotunde de la nivelul %lld și din nivelurile anterioare.;Находи дроби от круглых чисел из уровня %lld и предыдущих.;Izračunaj razlomke okruglih brojeva s nivoa %lld i ranijih nivoa.;%lld සහ පෙර මට්ටම්වල වටකුරු අංකවල භාග ගණනය කරන්න.;Vypočítaj zlomky z okrúhlych čísel z úrovne %lld a predošlých úrovní.;Izračunaj ulomke okroglih števil s stopnje %lld in prejšnjih stopenj.;Calcula fracciones de números redondos del nivel %lld y de niveles anteriores.;Hesabu sehemu za nambari kamili kutoka kiwango cha %lld na viwango vya awali.;%lld සහ පෙර මට්ටම්වල වටකුරු අංකවල භාග ගණනය කරන්න.;%lld மற்றும் முந்தைய நிலைகளின் முழு பத்து எண்களில் பின்னங்களைக் கணக்கிடு.;หาเศษส่วนของจำนวนเต็มสิบจากด่าน %lld และด่านก่อนหน้า;རིམ་པ་ %lld དང་སྔོན་མའི་ཧྲིལ་གྲངས་ཀྱི་ཆ་ཤས་རྩིས།;Počítej zlomky z kulatých čísel z úrovně %lld a nižších úrovní.;%lld. ve önceki seviyelerdeki yuvarlak sayıların kesirlerini bul.;%lld اور پچھلے لیولز کے گول اعداد کی کسریں نکالیں۔;Tính phân số của các số tròn từ cấp %lld và các cấp trước.;Cyfrifa ffracsiynau o rifau crwn o lefel %lld a lefelau cynharach.;Вылічаў дробы ад круглых лікаў з узроўню %lld і ранейшых узроўняў.;Bala amaqhezu ezinombolo eziyindilinga kusukela ku-%lld nakumaleveli angaphambilini.;Räkna ut bråk av jämna tal från nivå %lld och tidigare nivåer.
modeIntro.fractions.premium.b2;;Short bullet on the pre-game card. Keep it concise. English is 56 characters. Try to stay close to that.;The numbers stay round, so the answers are always whole.;De getallen blijven rond, dus de antwoorden zijn altijd heel.;Die getalle bly rond, dus die antwoorde is altyd heelgetalle.;Numrat mbeten të rrumbullakët, prandaj përgjigjet janë gjithmonë numra të plotë.;ቁጥሮቹ ክብ ስለሆኑ መልሶቹ ሁልጊዜ ሙሉ ቁጥር ናቸው።;تبقى الأعداد كاملة، لذا تكون الإجابات أعدادًا صحيحة دائمًا.;Թվերը կլոր են մնում, ու պատասխանները միշտ ամբողջ են։;সংখ্যাবোৰ ঘূৰণীয়া থাকে, সেয়ে উত্তৰ সদায় পূৰ্ণ সংখ্যা।;Ədədlər yuvarlaq qalır, buna görə cavablar həmişə tamdır.;"Zenbakiak biribilak dira; beraz, erantzunak osoak dira beti.";সংখ্যাগুলো গোল থাকবে, তাই উত্তর সব সময় পূর্ণসংখ্যা।;ကိန်းတွေက ပြည့်ကိန်းဖြစ်လို့ အဖြေတွေလည်း ကိန်းပြည့်ပဲ။;Brojevi ostaju okrugli, pa su rezultati uvijek cijeli.;Числата остават кръгли, затова отговорите винаги са цели.;Els nombres són rodons, així que els resultats sempre són enters.;数字都是整的，所以答案一定是整数。;Tallene er runde, så svarene er altid hele tal.;Die Zahlen bleiben rund, deshalb sind die Ergebnisse immer ganzzahlig.;Arvud jäävad ümmarguseks, seega on vastused alati täisarvud.;Tølini eru rund, so svarini eru altíð heil.;Luvut pysyvät pyöreinä, joten vastaukset ovat aina kokonaislukuja.;Les nombres restent ronds, donc les réponses sont toujours entières.;Os números son redondos, así que as respostas sempre son enteiras.;რიცხვები მრგვალი რჩება, ამიტომ პასუხები ყოველთვის მთელია.;Οι αριθμοί μένουν στρογγυλοί, άρα οι απαντήσεις είναι πάντα ακέραιες.;સંખ્યાઓ ગોળ રહેશે, એટલે જવાબ હંમેશા પૂર્ણ સંખ્યા હશે.;המספרים נשארים עגולים, לכן התשובות תמיד שלמות.;संख्याएँ गोल रहेंगी, इसलिए उत्तर हमेशा पूर्ण होंगे।;A számok kerekek maradnak, így az eredmények mindig egészek.;Fanann na huimhreacha cruinn, mar sin is slánuimhreacha iad na freagraí i gcónaí.;Tölurnar haldast sléttar, svo svörin eru alltaf heilar tölur.;Angkanya tetap bulat, jadi jawabannya selalu bilangan bulat.;I numeri restano tondi, quindi i risultati sono sempre interi.;数はきりのよい数なので、答えはいつも整数です。;ಸಂಖ್ಯೆಗಳು ಪೂರ್ಣವಾಗಿರುತ್ತವೆ, ಆದ್ದರಿಂದ ಉತ್ತರಗಳೂ ಪೂರ್ಣ ಸಂಖ್ಯೆಗಳೇ.;Сандар дөңгелек болады, сондықтан жауаптар әрқашан бүтін.;ចំនួននៅតែមូល ដូច្នេះចម្លើយតែងតែជាចំនួនគត់។;수는 딱 떨어져서 답은 항상 정수예요.;Brojevi ostaju okrugli pa su rezultati uvijek cijeli.;ຈຳນວນຍັງເປັນຈຳນວນກົມ ດັ່ງນັ້ນຄຳຕອບຈຶ່ງເປັນຈຳນວນເຕັມສະເໝີ.;Skaitļi paliek apaļi, tāpēc atbildes vienmēr ir veseli skaitļi.;Skaičiai lieka apvalūs, todėl atsakymai visada sveikieji.;Броевите остануваат заокружени, па одговорите се секогаш цели.;Nombornya kekal bulat, jadi jawapan sentiasa nombor bulat.;സംഖ്യകൾ വട്ടമായതിനാൽ ഉത്തരങ്ങൾ എപ്പോഴും പൂർണ്ണസംഖ്യകളായിരിക്കും.;संख्या पूर्ण राहतात, म्हणून उत्तरेही पूर्ण संख्या असतात.;Тоонууд бүхэл тул хариу үргэлж бүхэл байна.;सङ्ख्या गोलो नै हुन्छन्, त्यसैले उत्तर सधैं पूर्ण हुन्छ।;Tallene er runde, så svarene blir alltid heltall.;Числа залишаються круглими, тому відповіді завжди цілі.;ସଂଖ୍ୟାଗୁଡ଼ିକ ଗୋଲ ରହିବ, ତେଣୁ ଉତ୍ତର ସବୁବେଳେ ପୂର୍ଣ୍ଣ ସଂଖ୍ୟା ହେବ।;سانلار يۇمىلاق بولىدۇ، شۇڭا جاۋابلار ھەمىشە پۈتۈن سان.;Sonlar dumaloq bo‘ladi, shuning uchun javoblar doim butun son.;عددها رُند می‌مانند، پس پاسخ‌ها همیشه عدد صحیح‌اند.;Liczby są okrągłe, więc wyniki są zawsze całkowite.;Os números continuam redondos, por isso as respostas são sempre inteiras.;ਗਿਣਤੀਆਂ ਗੋਲ ਰਹਿੰਦੀਆਂ ਹਨ, ਇਸ ਲਈ ਜਵਾਬ ਹਮੇਸ਼ਾ ਪੂਰੇ ਹੁੰਦੇ ਹਨ।;Numerele rămân rotunde, așa că răspunsurile sunt mereu întregi.;Числа остаются круглыми, поэтому ответы всегда целые.;Brojevi ostaju okrugli, pa su rezultati uvek celi.;අංක වටකුරු නිසා පිළිතුරු හැමවිටම පූර්ණ අංක වේ.;Čísla zostávajú okrúhle, takže výsledky sú vždy celé.;Števila ostanejo okrogla, zato so rezultati vedno cela števila.;Los números son redondos, así que las respuestas siempre son enteras.;Nambari hubaki kamili, kwa hiyo majibu huwa nambari nzima.;අංක වටකුරු නිසා පිළිතුරු හැමවිටම පූර්ණ අංක වේ.;எண்கள் முழு பத்துகளாக இருப்பதால் விடைகள் எப்போதும் முழு எண்கள்.;ตัวเลขลงตัว คำตอบจึงเป็นจำนวนเต็มเสมอ;གྲངས་རྣམས་ཧྲིལ་གྲངས་ཡིན་པས་ལན་ཡང་ཧྲིལ་གྲངས་ཡིན།;Čísla zůstávají kulatá, takže výsledky jsou vždy celá čísla.;Sayılar yuvarlak kalır, bu yüzden cevaplar hep tam sayıdır.;اعداد گول رہیں گے، اس لیے جواب ہمیشہ صحیح عدد ہوگا۔;Các số luôn tròn nên đáp án luôn là số nguyên.;Mae'r rhifau'n aros yn grwn, felly mae'r atebion bob amser yn gyfan.;Лікі застаюцца круглымі, таму адказы заўсёды цэлыя.;Izinombolo zihlala ziyindilinga, ngakho izimpendulo zihlala ziphelele.;Talen är jämna, så svaren är alltid heltal.
modeIntro.fractions.premium.title %lld;;"Heading. Short and punchy. Keep the placeholders exactly (%lld); the app fills them with numbers/text at runtime. You may reorder them to fit natural word order. English is 17 characters. Try to stay close to that.";Fractions to %lld;Breuken tot %lld;Breuke tot %lld;Thyesa deri në %lld;ክፍልፋዮች እስከ %lld;الكسور حتى %lld;Կոտորակներ մինչև %lld;%lld লৈ ভগ্নাংশ;%lld-ə qədər kəsrlər;Zatikiak %lld arte;%lld পর্যন্ত ভগ্নাংশ;%lld အထိ အပိုင်းကိန်း;Razlomci do %lld;Дроби до %lld;Fraccions fins a %lld;分数到 %lld;Brøker op til %lld;Brüche bis %lld;Murrud kuni %lld;Brot upp í %lld;Murtoluvut %lld asti;Fractions jusqu’à %lld;Fraccións ata %lld;წილადები %lld-მდე;Κλάσματα έως %lld;%lld સુધી અપૂર્ણાંક;שברים עד %lld;%lld तक भिन्न;Törtek %lld-ig;Codáin go %lld;Brot upp í %lld;Pecahan sampai %lld;Frazioni fino a %lld;%lldまでの分数;%lldರವರೆಗೆ ಭಿನ್ನರಾಶಿಗಳು;%lld-ге дейінгі бөлшектер;ប្រភាគដល់ %lld;%lld까지 분수;Razlomci do %lld;ເສດສ່ວນເຖິງ %lld;Daļskaitļi līdz %lld;Trupmenos iki %lld;Дропки до %lld;Pecahan hingga %lld;%lld വരെ ഭിന്നങ്ങൾ;%lld पर्यंत अपूर्णांक;%lld хүртэлх бутархай;%lld सम्मका भिन्न;Brøker til %lld;Дроби до %lld;%lld ପର୍ଯ୍ୟନ୍ତ ଭଗ୍ନାଂଶ;%lld گىچە كەسىر;%lld gacha kasrlar;کسرها تا %lld;Ułamki do %lld;Frações até %lld;%lld ਤੱਕ ਭਿੰਨਾਂ;Fracții până la %lld;Дроби до %lld;Razlomci do %lld;%lld දක්වා භාග;Zlomky do %lld;Ulomki do %lld;Fracciones hasta %lld;Sehemu hadi %lld;%lld දක්වා භාග;%lld வரை பின்னங்கள்;เศษส่วนถึง %lld;%lld བར་གྱི་ཆ་ཤས;Zlomky do %lld;%lld'ye kadar kesirler;%lld تک کسریں;Phân số đến %lld;Ffracsiynau hyd at %lld;Дробы да %lld;Amaqhezu kuze kufike ku-%lld;Bråk till %lld
modeIntro.fractions.random %lld;;"Short bullet on the pre-game card. Keep it concise. Keep the placeholders exactly (%lld); the app fills them with numbers/text at runtime. You may reorder them to fit natural word order. |pipes| mark bold text (1 pair(s) here). Wrap the matching word(s) in your language in |pipes|, do not translate the pipes away. English is 53 characters. Try to stay close to that.";You take |one or more parts| out of %lld equal parts.;Je neemt steeds |één of meerdere delen| van %lld gelijke delen.;Jy neem een of |meer dele| uit %lld gelyke dele.;Merr një ose |disa pjesë| nga %lld pjesë të barabarta.;ከ%lld እኩል ክፍሎች ውስጥ አንድ ወይም |ብዙ ክፍሎች| ትወስዳለህ።;تأخذ جزءًا واحدًا أو |عدة أجزاء| من %lld أجزاء متساوية.;Վերցնում ես մեկ կամ |մի քանի մաս|՝ %lld հավասար մասերից։;%lldটা সমান অংশৰ পৰা এটা বা |একাধিক অংশ| লোৱা।;%lld bərabər hissədən bir və ya |bir neçə hissə| götürürsən.;Zati bat edo |hainbat zati| hartuko dituzu %lld zati berdinetatik.;%lldটি সমান অংশ থেকে একটি বা |একাধিক অংশ| নাও।;တူညီတဲ့ %lld ပိုင်းထဲက တစ်ပိုင်း သို့မဟုတ် |အပိုင်းများ| ကို ယူမယ်။;Uzimaš jedan ili |više dijelova| od %lld jednakih dijelova.;Вземаш една или |няколко части| от %lld равни части.;Agafes una o |diverses parts| de %lld parts iguals.;把 %lld 个相等部分中的一份或 |多份| 取出来。;Du tager én eller |flere dele| ud af %lld lige store dele.;Du nimmst einen oder |mehrere Teile| von %lld gleich großen Teilen.;Võtad %lld võrdsest osast ühe või |mitu osa|.;Tú tekur ein ella |fleiri partar| av %lld eins stórum pørtum.;Otat yhden tai |useampia osia| %lld yhtä suuresta osasta.;Tu prends une ou |plusieurs parts| sur %lld parts égales.;Colles unha ou |varias partes| de %lld partes iguais.;აიღებ ერთ ან |რამდენიმე ნაწილს| %lld თანაბარი ნაწილიდან.;Παίρνεις ένα ή |περισσότερα μέρη| από %lld ίσα μέρη.;તમે %lld સરખા ભાગોમાંથી એક કે |વધુ ભાગો| લો.;לוקחים חלק אחד או |כמה חלקים| מתוך %lld חלקים שווים.;तुम %lld बराबर भागों में से एक या |कई भाग| लोगे।;Egy vagy |több részt| veszel %lld egyenlő részből.;Tógann tú cuid amháin nó |níos mó codanna| as %lld cuid chothroma.;Þú tekur einn eða |fleiri hluta| af %lld jöfnum hlutum.;Kamu mengambil satu atau |beberapa bagian| dari %lld bagian yang sama.;Prendi una o |più parti| su %lld parti uguali.;%lldこの同じパーツから、1つまたは|いくつか|をとるよ。;%lld ಸಮಭಾಗಗಳಲ್ಲಿ ಒಂದು ಅಥವಾ |ಹಲವು ಭಾಗಗಳನ್ನು| ತೆಗೆದುಕೋ.;%lld тең бөліктің ішінен бір немесе |бірнеше бөлікті| аласың.;អ្នកយកមួយ ឬ |ច្រើនផ្នែក| ក្នុងចំណោម %lld ផ្នែកស្មើគ្នា។;%lld개의 같은 부분 중 하나 또는 |여러 부분|을 구해요.;Uzimaš jedan ili |više dijelova| od %lld jednakih dijelova.;ເຈົ້າເອົາໜຶ່ງ ຫຼື |ຫຼາຍສ່ວນ| ຈາກ %lld ສ່ວນທີ່ເທົ່າກັນ.;Tu ņem vienu vai |vairākas daļas| no %lld vienādām daļām.;Imsi vieną arba |kelias dalis| iš %lld lygių dalių.;Земаш еден или |повеќе делови| од %lld еднакви делови.;Kamu ambil satu atau |beberapa bahagian| daripada %lld bahagian sama.;%lld തുല്യ ഭാഗങ്ങളിൽ നിന്ന് ഒന്നോ |പല ഭാഗങ്ങളോ| എടുക്കൂ.;तू %lld समान भागांपैकी एक किंवा |अनेक भाग| घेशील.;%lld тэнцүү хэсгээс нэг эсвэл |олон хэсэг| авна.;तिमी %lld बराबर भागमध्ये एक वा |धेरै भाग| लिन्छौ।;Du tar én eller |flere deler| av %lld like deler.;Ти береш одну або |кілька частин| із %lld рівних частин.;ତୁମେ %lldଟି ସମାନ ଅଂଶରୁ ଗୋଟିଏ କିମ୍ବା |ଅନେକ ଅଂଶ| ନେବ।;%lld تەڭ بۆلەكنىڭ ئىچىدىن بىر ياكى |كۆپ بۆلەك| ئالىسەن.;%lld teng qismdan bir yoki |bir nechta qism| olasan.;یک یا |چند بخش| از %lld بخش مساوی را برمی‌داری.;Bierzesz jedną lub |więcej części| z %lld równych części.;Tiras uma ou |várias partes| de %lld partes iguais.;ਤੁਸੀਂ %lld ਬਰਾਬਰ ਹਿੱਸਿਆਂ ਵਿੱਚੋਂ ਇੱਕ ਜਾਂ |ਕਈ ਹਿੱਸੇ| ਲਵੋਗੇ।;Iei una sau |mai multe părți| din %lld părți egale.;Ты берёшь одну или |несколько частей| из %lld равных частей.;Uzimaš jedan ili |više delova| od %lld jednakih delova.;සමාන කොටස් %lldකින් එකක් හෝ |කොටස් කිහිපයක්| ගන්න.;Vezmeš jednu alebo |viac častí| z %lld rovnakých častí.;Vzameš enega ali |več delov| od %lld enakih delov.;Tomas una o |varias partes| de %lld partes iguales.;Unachukua sehemu moja au |sehemu nyingi| kati ya sehemu %lld sawa.;සමාන කොටස් %lldකින් එකක් හෝ |කොටස් කිහිපයක්| ගන්න.;%lld சம பகுதிகளில் ஒன்று அல்லது |பல பகுதிகளை| எடு.;หาหนึ่งหรือ |หลายส่วน| จากทั้งหมด %lld ส่วนที่เท่ากัน;%lld ཆ་ཤས་མཉམ་པའི་ནང་ནས་གཅིག་ཡང་ན་ |ཆ་ཤས་མང་པོ| ལེན།;Vezmeš jednu nebo |více částí| z %lld stejných částí.;%lld eşit parçadan bir veya |birden çok parça| alırsın.;آپ %lld برابر حصوں میں سے ایک یا |کئی حصے| لیں گے۔;Bạn lấy một hoặc |nhiều phần| trong %lld phần bằng nhau.;Rwyt ti'n cymryd un neu |sawl rhan| o %lld rhan gyfartal.;Ты бярэш адну або |некалькі частак| з %lld роўных частак.;Uthatha ingxenye eyodwa noma |izingxenye eziningi| ezingxenyeni ezilinganayo ezingu-%lld.;Du tar en eller |flera delar| av %lld lika delar.
modeIntro.fractions.title %lld;;"Heading. Short and punchy. Keep the placeholders exactly (%lld); the app fills them with numbers/text at runtime. You may reorder them to fit natural word order. English is 16 characters. Try to stay close to that.";Fractions · %lld;Breuken · %lld;Breuke · %lld;Thyesa · %lld;ክፍልፋዮች · %lld;الكسور · %lld;Կոտորակներ · %lld;ভগ্নাংশ · %lld;Kəsrlər · %lld;Zatikiak · %lld;ভগ্নাংশ · %lld;အပိုင်းကိန်း · %lld;Razlomci · %lld;Дроби · %lld;Fraccions · %lld;分数 · %lld;Brøker · %lld;Brüche · %lld;Murrud · %lld;Brot · %lld;Murtoluvut · %lld;Fractions · %lld;Fraccións · %lld;წილადები · %lld;Κλάσματα · %lld;અપૂર્ણાંક · %lld;שברים · %lld;भिन्न · %lld;Törtek · %lld;Codáin · %lld;Brot · %lld;Pecahan · %lld;Frazioni · %lld;分数・%lld;ಭಿನ್ನರಾಶಿಗಳು · %lld;Бөлшектер · %lld;ប្រភាគ · %lld;분수 · %lld;Razlomci · %lld;ເສດສ່ວນ · %lld;Daļskaitļi · %lld;Trupmenos · %lld;Дропки · %lld;Pecahan · %lld;ഭിന്നങ്ങൾ · %lld;अपूर्णांक · %lld;Бутархай · %lld;भिन्न · %lld;Brøker · %lld;Дроби · %lld;ଭଗ୍ନାଂଶ · %lld;كەسىر · %lld;Kasrlar · %lld;کسرها · %lld;Ułamki · %lld;Frações · %lld;ਭਿੰਨਾਂ · %lld;Fracții · %lld;Дроби · %lld;Razlomci · %lld;භාග · %lld;Zlomky · %lld;Ulomki · %lld;Fracciones · %lld;Sehemu · %lld;භාග · %lld;பின்னங்கள் · %lld;เศษส่วน · %lld;ཆ་ཤས · %lld;Zlomky · %lld;Kesirler · %lld;کسریں · %lld;Phân số · %lld;Ffracsiynau · %lld;Дробы · %lld;Amaqhezu · %lld;Bråk · %lld
modeIntro.fractionsMix.b1;;Short bullet on the pre-game card. Keep it concise. English is 52 characters. Try to stay close to that.;Work out a part of a whole and make fractions equal.;Reken een deel van een geheel uit en maak breuken gelijk.;Bereken ’n deel van ’n geheel en maak breuke gelyk.;Gjej një pjesë të së tërës dhe bëji thyesat të barabarta.;የሙሉ ነገርን ክፍል አስላ እና እኩል ክፍልፋዮችን ፍጠር።;احسب جزءًا من كل، واجعل الكسور متساوية.;Հաշվիր ամբողջի մի մասը և հավասարեցրու կոտորակները։;এটা সম্পূৰ্ণৰ অংশ উলিওৱা আৰু ভগ্নাংশ সমান কৰা।;Tamın bir hissəsini hesabla və kəsrləri bərabərləşdir.;Kalkulatu osotasun baten zati bat eta egin zatiki baliokideak.;একটি সম্পূর্ণের অংশ হিসাব করো এবং সমান ভগ্নাংশ বানাও।;တစ်ခုလုံးရဲ့ အပိုင်းကိုတွက်ပြီး အပိုင်းကိန်းတွေ ညီအောင်လုပ်ပါ။;Izračunaj dio cjeline i pronađi jednake razlomke.;Намери част от цяло и прави дробите равни.;Calcula una part d’un tot i fes fraccions equivalents.;算出整体的一部分，并找出相等的分数。;Beregn en del af en helhed, og gør brøker lige store.;Berechne einen Teil eines Ganzen und erweitere oder kürze Brüche.;Leia osa tervikust ja tee murrud võrdseks.;Rokna ein part av einum heilum og ger brot javnstór.;Laske osa kokonaisuudesta ja tee murtoluvuista yhtä suuria.;Calcule une part d’un tout et trouve des fractions égales.;Calcula unha parte dun todo e crea fraccións equivalentes.;გამოთვალე მთელის ნაწილი და გაათანაბრე წილადები.;Βρες ένα μέρος του όλου και φτιάξε ισοδύναμα κλάσματα.;પૂર્ણ સંખ્યાનો એક ભાગ ગણો અને અપૂર્ણાંકો સમાન બનાવો.;חשבו חלק מתוך שלם וצרו שברים שווים.;किसी पूर्ण का भाग निकालो और भिन्नों को बराबर बनाओ।;Számold ki egy egész részét, és alakíts egyenlővé törteket.;Ríomh cuid d’iomlán agus déan codáin cothrom.;Reiknaðu hluta af heild og gerðu brot jafngild.;Hitung bagian dari keseluruhan dan buat pecahan senilai.;Calcola una parte di un intero e trova frazioni equivalenti.;全体の一部を計算し、同じ大きさの分数を作ろう。;ಪೂರ್ಣದ ಒಂದು ಭಾಗ ಕಂಡುಹಿಡಿದು ಭಿನ್ನರಾಶಿಗಳನ್ನು ಸಮಮಾಡು.;Бүтіннің бір бөлігін есептеп, бөлшектерді теңестір.;គណនាផ្នែកមួយនៃចំនួនទាំងមូល ហើយធ្វើឱ្យប្រភាគស្មើគ្នា។;전체의 일부를 구하고 같은 크기의 분수를 만들어요.;Izračunaj dio cjeline i načini jednake razlomke.;ຫາສ່ວນໜຶ່ງຂອງທັງໝົດ ແລະ ເຮັດໃຫ້ເສດສ່ວນເທົ່າກັນ.;Aprēķini daļu no veseluma un atrodi vienādus daļskaitļus.;Apskaičiuok visumos dalį ir rask lygiavertes trupmenas.;Пресметај дел од целина и изедначувај дропки.;Kira satu bahagian daripada keseluruhan dan samakan pecahan.;ഒരു പൂർണ്ണത്തിന്റെ ഭാഗം കണ്ടുപിടിച്ച് തുല്യഭിന്നങ്ങൾ ഉണ്ടാക്കൂ.;पूर्ण संख्येचा एक भाग काढ आणि सममूल्य अपूर्णांक बनव.;Бүхлийн нэг хэсгийг олж, бутархайнуудыг тэнцүү болго.;पूर्णको एउटा भाग निकाल र भिन्नहरू बराबर बनाऊ।;Regn ut en del av en helhet og lag likeverdige brøker.;Знайди частину цілого та зроби дроби рівними.;ଗୋଟିଏ ସମ୍ପୂର୍ଣ୍ଣର ଅଂଶ ହିସାବ କର ଓ ଭଗ୍ନାଂଶକୁ ସମାନ କର।;بىر پۈتۈننىڭ بىر بۆلىكىنى ھېسابلا ۋە كەسىرلەرنى تەڭلە.;Butunning bir qismini top va kasrlarni tenglashtir.;بخشی از یک کل را حساب کن و کسرهای مساوی بساز.;Oblicz część całości i sprowadzaj ułamki do równych wartości.;Calcula uma parte de um todo e cria frações equivalentes.;ਪੂਰੇ ਦਾ ਇੱਕ ਹਿੱਸਾ ਕੱਢੋ ਅਤੇ ਭਿੰਨਾਂ ਨੂੰ ਬਰਾਬਰ ਬਣਾਓ।;Calculează o parte dintr-un întreg și găsește fracții egale.;Найди часть целого и сделай дроби равными.;Izračunaj deo celine i napravi jednake razlomke.;පූර්ණයක කොටසක් ගණනය කර භාග සමාන කරන්න.;Vypočítaj časť celku a vytvor rovnaké zlomky.;Izračunaj del celote in poišči enakovredne ulomke.;Calcula una parte de un todo y busca fracciones equivalentes.;Hesabu sehemu ya kitu kizima na ulinganishe sehemu.;පූර්ණයක කොටසක් ගණනය කර භාග සමාන කරන්න.;ஒரு முழுவதின் பகுதியைக் கணக்கிட்டு, பின்னங்களைச் சமமாக்கு.;หาส่วนหนึ่งของจำนวนเต็มและทำเศษส่วนให้เท่ากัน;ཧྲིལ་པོའི་ཆ་ཤས་རྩིས་ནས་ཆ་ཤས་མཉམ་པར་བཟོ།;Vypočítej část celku a uprav zlomky na stejné.;Bir bütünün parçasını bul ve kesirleri eşitle.;کل کا ایک حصہ نکالیں اور کسروں کو برابر بنائیں۔;Tính một phần của tổng thể và tạo các phân số bằng nhau.;Cyfrifa ran o gyfanwaith a gwna ffracsiynau'n hafal.;Знайдзі частку цэлага і складай роўныя дробы.;Bala ingxenye yokuphelele bese wenza amaqhezu alingane.;Räkna ut en del av en helhet och gör bråk likvärdiga.
modeIntro.fractionsMix.b2;;Short bullet on the pre-game card. Keep it concise. English is 53 characters. Try to stay close to that.;Add and subtract fractions with the same denominator.;Tel breuken met dezelfde noemer op en trek ze van elkaar af.;Tel breuke met dieselfde noemer op en trek hulle af.;Mblidh dhe zbrit thyesa me të njëjtin emërues.;አንድ ዓይነት ታችኛው ቁጥር ያላቸውን ክፍልፋዮች ደምር እና ቀንስ።;اجمع واطرح الكسور ذات المقام نفسه.;Գումարիր և հանիր նույն հայտարարով կոտորակները։;একে হৰ থকা ভগ্নাংশ যোগ আৰু বিয়োগ কৰা।;Məxrəci eyni olan kəsrləri topla və çıx.;Batu eta kendu izendatzaile bera duten zatikiak.;একই হরের ভগ্নাংশ যোগ ও বিয়োগ করো।;ပိုင်းခြေတူ အပိုင်းကိန်းတွေကို ပေါင်း၊ နုတ်ပါ။;Sabiraj i oduzimaj razlomke s istim nazivnikom.;Събирай и изваждай дроби с еднакъв знаменател.;Suma i resta fraccions amb el mateix denominador.;同分母分数相加或相减。;Læg brøker med samme nævner sammen, og træk dem fra hinanden.;Addiere und subtrahiere Brüche mit gleichem Nenner.;Liida ja lahuta sama nimetajaga murde.;Legg saman og drag frá brotum við sama nevnara.;Laske yhteen ja vähennä murtolukuja, joilla on sama nimittäjä.;Additionne et soustrais des fractions ayant le même dénominateur.;Suma e resta fraccións co mesmo denominador.;შეკრიბე და გამოაკელი ერთნაირი მნიშვნელის მქონე წილადები.;Πρόσθεσε και αφαίρεσε κλάσματα με ίδιο παρονομαστή.;સમાન છેદવાળા અપૂર્ણાંકો ઉમેરો અને બાદ કરો.;חברו וחסרו שברים עם אותו מכנה.;समान हर वाले भिन्नों को जोड़ो और घटाओ।;Add össze és vond ki az azonos nevezőjű törteket.;Suimigh agus dealaigh codáin a bhfuil an t-ainmneoir céanna acu.;Leggðu saman og dragðu frá brot með sama nefnara.;Jumlahkan dan kurangkan pecahan berpenyebut sama.;Somma e sottrai frazioni con lo stesso denominatore.;分母が同じ分数をたしたり、ひいたりしよう。;ಒಂದೇ ಛೇದವಿರುವ ಭಿನ್ನರಾಶಿಗಳನ್ನು ಕೂಡು ಮತ್ತು ಕಳೆ.;Бөлімдері бірдей бөлшектерді қос және азайт.;បូក និងដកប្រភាគដែលមានភាគបែងដូចគ្នា។;분모가 같은 분수를 더하고 빼요.;Zbroji i oduzmi razlomke s istim nazivnikom.;ບວກ ແລະ ລົບເສດສ່ວນທີ່ມີສ່ວນລຸ່ມເທົ່າກັນ.;Saskaiti un atņem daļskaitļus ar vienādu saucēju.;Sudėk ir atimk trupmenas su vienodais vardikliais.;Собирај и одземај дропки со ист именител.;Tambah dan tolak pecahan dengan penyebut yang sama.;ഒരേ ഹരമുള്ള ഭിന്നങ്ങൾ കൂട്ടുകയും കുറയ്ക്കുകയും ചെയ്യൂ.;समान छेद असलेले अपूर्णांक जोड आणि वजा कर.;Ижил хуваарьтай бутархайнуудыг нэмээд хас.;उही हर भएका भिन्नहरू जोड र घटाउ।;Legg sammen og trekk fra brøker med samme nevner.;Додавай і віднімай дроби з однаковими знаменниками.;ସମାନ ହର ଥିବା ଭଗ୍ନାଂଶକୁ ଯୋଗ ଓ ବିୟୋଗ କର।;مەخرەجى ئوخشاش كەسىرلەرنى قوش ۋە ئېلىش.;Maxraji bir xil kasrlarni qo‘sh va ayir.;کسرهای هم‌مخرج را جمع و تفریق کن.;Dodawaj i odejmuj ułamki o tym samym mianowniku.;Soma e subtrai frações com o mesmo denominador.;ਇੱਕੋ ਹਰ ਵਾਲੀਆਂ ਭਿੰਨਾਂ ਨੂੰ ਜੋੜੋ ਅਤੇ ਘਟਾਓ।;Adună și scade fracții cu același numitor.;Складывай и вычитай дроби с одинаковым знаменателем.;Sabiraj i oduzimaj razlomke sa istim imeniocem.;එකම හරය ඇති භාග එකතු කර අඩු කරන්න.;Sčítaj a odčítaj zlomky s rovnakým menovateľom.;Seštevaj in odštevaj ulomke z enakim imenovalcem.;Suma y resta fracciones con el mismo denominador.;Jumlisha na toa sehemu zenye kigawanyo sawa.;එකම හරය ඇති භාග එකතු කර අඩු කරන්න.;ஒரே பகா எண்ணுள்ள பின்னங்களைக் கூட்டவும் கழிக்கவும்.;บวกและลบเศษส่วนที่มีตัวส่วนเท่ากัน;གཞི་གྲངས་མཚུངས་པའི་ཆ་ཤས་སྣོན་འཐེན་བྱེད།;Sčítej a odčítej zlomky se stejným jmenovatelem.;Paydaları aynı olan kesirleri topla ve çıkar.;ایک ہی مخرج والی کسروں کو جمع اور تفریق کریں۔;Cộng và trừ các phân số có cùng mẫu số.;Adia a thynna ffracsiynau sydd â'r un enwadur.;Складай і аднімай дробы з аднолькавым назоўнікам.;Hlanganisa futhi ususe amaqhezu anedinominetha efanayo.;Addera och subtrahera bråk med samma nämnare.
modeIntro.fractionsMix.title;;Heading. Short and punchy. English is 15 characters. Try to stay close to that.;Fractions mixed;Breuken door elkaar;Breuke gemeng;Thyesa të përziera;ድብልቅ ክፍልፋዮች;كسور مختلطة;Խառը կոտորակներ;মিশ্ৰ ভগ্নাংশ;Qarışıq kəsrlər;Zatiki nahasiak;মিশ্র ভগ্নাংশ;အပိုင်းကိန်း ရောစပ်;Miješani razlomci;Смесени дроби;Fraccions mixtes;分数混合;Blandede brøker;Brüche gemischt;Murrud segamini;Blandað brot;Murtoluvut sekaisin;Fractions mélangées;Fraccións mesturadas;შერეული წილადები;Μικτά κλάσματα;મિશ્ર અપૂર્ણાંક;שברים מעורבים;मिले-जुले भिन्न;Vegyes törtek;Codáin mheasctha;Brot í bland;Pecahan campuran;Frazioni miste;分数ミックス;ಮಿಶ್ರ ಭಿನ್ನರಾಶಿಗಳು;Аралас бөлшектер;ប្រភាគចម្រុះ;분수 섞기;Miješani razlomci;ເສດສ່ວນປະສົມ;Jaukti daļskaitļi;Mišrios trupmenos;Мешани дропки;Pecahan bercampur;കലർന്ന ഭിന്നങ്ങൾ;मिश्र अपूर्णांक;Холимог бутархай;मिश्रित भिन्न;Blandede brøker;Дроби впереміш;ମିଶ୍ରିତ ଭଗ୍ନାଂଶ;ئارىلاش كەسىرلەر;Aralash kasrlar;کسرهای ترکیبی;Ułamki mieszane;Frações misturadas;ਮਿਲੀਆਂ-ਜੁਲੀਆਂ ਭਿੰਨਾਂ;Fracții amestecate;Дроби вперемешку;Mešani razlomci;මිශ්‍ර භාග;Zlomky na mix;Mešani ulomki;Fracciones mezcladas;Sehemu mchanganyiko;මිශ්‍ර භාග;கலந்த பின்னங்கள்;เศษส่วนคละกัน;ཆ་ཤས་འདྲེས་མ;Smíšené zlomky;Karışık kesirler;ملی جلی کسریں;Phân số hỗn hợp;Ffracsiynau cymysg;Дробы ўперамешку;Amaqhezu axubile;Blandade bråk
modeIntro.percentages.intro;;Short bullet on the pre-game card. Keep it concise. |pipes| mark bold text (1 pair(s) here). Wrap the matching word(s) in your language in |pipes|, do not translate the pipes away. English is 35 characters. Try to stay close to that.;You only get |percentage| problems.;Je krijgt alleen sommen met |percentages|.;Jy kry net somme met |persentasies|.;Do të marrësh vetëm detyra me |përqindje|.;የምታገኘው የ|መቶኛ| ጥያቄዎችን ብቻ ነው።;ستحصل فقط على مسائل |النسب المئوية|.;Դու ստանում ես միայն |տոկոսների| առաջադրանքներ։;তুমি কেৱল |শতাংশ|ৰ অংক পাবা।;Yalnız |faiz| misalları gəlir.;|Ehuneko| ariketak bakarrik izango dituzu.;তুমি শুধু |শতকরার| অঙ্ক পাবে।;|ရာခိုင်နှုန်း| ပုစ္ဆာပဲ ရမယ်။;Dobijaš samo zadatke s |postocima|.;Получаваш задачи само с |проценти|.;Només tindràs problemes de |percentatges|.;你只会遇到 |百分数| 题。;Du får kun opgaver med |procenter|.;Du bekommst nur Aufgaben mit |Prozenten|.;Saad ainult |protsendiülesandeid|.;Tú fært bara uppgávur við |prosentum|.;Saat vain |prosenttitehtäviä|.;Tu n’auras que des calculs de |pourcentages|.;Só terás contas de |porcentaxes|.;გექნება მხოლოდ |პროცენტების| ამოცანები.;Θα έχεις μόνο ασκήσεις με |ποσοστά|.;તમને ફક્ત |ટકાવારીના| દાખલા મળશે.;תקבלו רק תרגילי |אחוזים|.;तुम्हें केवल |प्रतिशत| के सवाल मिलेंगे।;Csak |százalékos| feladatokat kapsz.;Ní fhaigheann tú ach ceisteanna |céatadáin|.;Þú færð aðeins dæmi með |prósentum|.;Kamu hanya mendapat soal |persentase|.;Avrai solo esercizi con le |percentuali|.;|パーセント|の問題だけが出るよ。;ನಿನಗೆ |ಶೇಕಡಾವಾರು| ಲೆಕ್ಕಗಳು ಮಾತ್ರ ಬರುತ್ತವೆ.;Саған тек |пайыз| есептері беріледі.;អ្នកនឹងទទួលបានតែលំហាត់ |ភាគរយ|។;|백분율| 문제만 나와요.;Dobivaš samo zadatke s |postocima|.;ເຈົ້າຈະໄດ້ສະເພາະໂຈດ |ເປີເຊັນ|.;Te būs tikai |procentu| uzdevumi.;Gausi tik |procentų| užduotis.;Ќе добиваш само задачи со |проценти|.;Kamu hanya dapat soalan |peratus|.;നിനക്ക് |ശതമാനം| കണക്കുകൾ മാത്രം കിട്ടും.;तुला फक्त |टक्केवारीची| उदाहरणे मिळतील.;Зөвхөн |хувийн| бодлого бодно.;तिमीले |प्रतिशत| का प्रश्न मात्र पाउँछौ।;Du får bare oppgaver med |prosent|.;Тут будуть лише завдання на |відсотки|.;ତୁମେ କେବଳ |ଶତକଡ଼ା| ପ୍ରଶ୍ନ ପାଇବ।;پەقەت |پىرسەنت| مەسىلىلىرى كېلىدۇ.;Faqat |foiz| misollari beriladi.;فقط تمرین‌های |درصد| می‌بینی.;Dostajesz tylko zadania z |procentami|.;Só vais receber contas com |percentagens|.;ਤੁਹਾਨੂੰ ਸਿਰਫ਼ |ਪ੍ਰਤੀਸ਼ਤ| ਦੇ ਸਵਾਲ ਮਿਲਣਗੇ।;Primești doar exerciții cu |procente|.;Будут только примеры на |проценты|.;Dobijaš samo zadatke sa |procentima|.;ඔබට ලැබෙන්නේ |ප්‍රතිශත| ගණන් පමණයි.;Dostaneš iba príklady s |percentami|.;Dobiš samo naloge z |odstotki|.;Solo tendrás ejercicios de |porcentajes|.;Utapata maswali ya |asilimia| tu.;ඔබට ලැබෙන්නේ |ප්‍රතිශත| ගණන් පමණයි.;|சதவீத| கணக்குகள் மட்டும் வரும்.;มีเฉพาะโจทย์ |เปอร์เซ็นต์|;ཁྱེད་ལ་ |བརྒྱ་ཆ| ཡི་རྩིས་ཁོ་ན་ཡོང་།;Dostaneš jen příklady s |procenty|.;Yalnızca |yüzde| soruları gelir.;آپ کو صرف |فی صد| کے سوال ملیں گے۔;Bạn chỉ nhận bài |phần trăm|.;Dim ond symiau |canrannau| gei di.;Будуць толькі прыклады з |працэнтамі|.;Uthola kuphela izibalo |zamaphesenti|.;Du får bara tal med |procent|.
modeIntro.percentages.mixed;;Short bullet on the pre-game card. Keep it concise. |pipes| mark bold text (1 pair(s) here). Wrap the matching word(s) in your language in |pipes|, do not translate the pipes away. English is 57 characters. Try to stay close to that.;You get percentages from this level and |earlier levels|.;Je krijgt percentages uit dit level en |eerdere levels|.;Jy kry persentasies uit dié vlak en |vroeëre vlakke|.;Do të marrësh përqindje nga ky nivel dhe |nivelet e mëparshme|.;ከዚህ ደረጃ እና ከ|ቀደሙ ደረጃዎች| መቶኛዎች ይመጣሉ።;ستحصل على نسب من هذا المستوى و|المستويات السابقة|.;Դու ստանում ես այս և |նախորդ մակարդակների| տոկոսները։;এই লেভেল আৰু |আগৰ লেভেল|ৰ শতাংশ পাবা।;Bu və |əvvəlki səviyyələrdən| faizlər gəlir.;Maila honetako eta |aurreko mailetako| ehunekoak izango dituzu.;এই লেভেল ও |আগের লেভেলগুলোর| শতকরা পাবে।;ဒီအဆင့်နဲ့ |အရင်အဆင့်များ| က ရာခိုင်နှုန်းတွေ ရမယ်။;Dobijaš postotke s ovog i |ranijih nivoa|.;Получаваш проценти от това и от |предишни нива|.;Tindràs percentatges d’aquest nivell i de |nivells anteriors|.;题目来自本关和 |之前的关卡|。;Du får procenter fra denne bane og |tidligere baner|.;Du bekommst Prozente aus diesem und aus |früheren Levels|.;Saad protsente sellelt ja |varasematelt tasemetelt|.;Tú fært prosent úr hesum stigi og |fyrru stigum|.;Saat prosentteja tältä ja |aiemmilta tasoilta|.;Tu auras des pourcentages de ce niveau et des |niveaux précédents|.;Terás porcentaxes deste nivel e de |niveis anteriores|.;გექნება ამ და |წინა დონეების| პროცენტები.;Θα έχεις ποσοστά από αυτό και |προηγούμενα επίπεδα|.;તમને આ લેવલ અને |પહેલાના લેવલની| ટકાવારી મળશે.;תקבלו אחוזים מהשלב הזה ומ|שלבים קודמים|.;तुम्हें इस और |पिछले स्तरों| के प्रतिशत मिलेंगे।;Erről és a |korábbi szintekről| kapsz százalékokat.;Faigheann tú céatadáin ón leibhéal seo agus ó |leibhéil níos luaithe|.;Þú færð prósentur úr þessu borði og |fyrri borðum|.;Kamu mendapat persentase dari level ini dan |level sebelumnya|.;Avrai percentuali di questo livello e dei |livelli precedenti|.;このレベルと|前のレベル|のパーセントが出るよ。;ಈ ಹಂತ ಮತ್ತು |ಹಿಂದಿನ ಹಂತಗಳ| ಶೇಕಡಾವಾರುಗಳು ಬರುತ್ತವೆ.;Осы және |алдыңғы деңгейлердің| пайыздары беріледі.;អ្នកទទួលបានភាគរយពីកម្រិតនេះ និង |កម្រិតមុនៗ|។;이 레벨과 |이전 레벨|의 백분율이 나와요.;Dobivaš postotke s ove i |ranijih razina|.;ເຈົ້າຈະໄດ້ເປີເຊັນຈາກດ່ານນີ້ ແລະ |ດ່ານກ່ອນໜ້າ|.;Te būs procenti no šī un |iepriekšējiem līmeņiem|.;Gausi šio ir |ankstesnių lygių| procentus.;Ќе добиваш проценти од ова и од |претходните нивоа|.;Kamu dapat peratus dari tahap ini dan |tahap sebelumnya|.;ഈ ലെവലിലെയും |മുൻ ലെവലുകളിലെയും| ശതമാനങ്ങൾ കിട്ടും.;तुला या आणि |आधीच्या स्तरांतील| टक्केवारी मिळतील.;Энэ болон |өмнөх түвшний| хувиуд орно.;तिमीले यो लेभल र |अघिल्ला लेभल| का प्रतिशत पाउँछौ।;Du får prosentoppgaver fra dette nivået og |tidligere nivåer|.;Тут будуть відсотки з цього й |попередніх рівнів|.;ତୁମେ ଏହି ଲେଭେଲ୍ ଓ |ଆଗର ଲେଭେଲ୍‌ଗୁଡ଼ିକର| ଶତକଡ଼ା ପାଇବ।;بۇ دەرىجە ۋە |ئالدىنقى دەرىجىلەر|دىكى پىرسەنتلەر كېلىدۇ.;Bu va |oldingi bosqichlar|dagi foizlar beriladi.;درصدهای این مرحله و |مرحله‌های قبلی| را می‌بینی.;Dostajesz procenty z tego i |wcześniejszych poziomów|.;Recebes percentagens deste nível e de |níveis anteriores|.;ਤੁਹਾਨੂੰ ਇਸ ਅਤੇ |ਪਿਛਲੇ ਲੈਵਲਾਂ| ਦੇ ਪ੍ਰਤੀਸ਼ਤ ਮਿਲਣਗੇ।;Primești procente din acest nivel și din |nivelurile anterioare|.;Будут проценты этого и |предыдущих уровней|.;Dobijaš procente s ovog i |ranijih nivoa|.;මේ මට්ටමේ සහ |පෙර මට්ටම්වල| ප්‍රතිශත ලැබේ.;Dostaneš percentá z tejto a |predošlých úrovní|.;Dobiš odstotke s te in |prejšnjih stopenj|.;Tendrás porcentajes de este nivel y de |niveles anteriores|.;Utapata asilimia za kiwango hiki na |viwango vya awali|.;මේ මට්ටමේ සහ |පෙර මට්ටම්වල| ප්‍රතිශත ලැබේ.;இந்த நிலையிலும் |முந்தைய நிலைகளிலும்| உள்ள சதவீதங்கள் வரும்.;มีเปอร์เซ็นต์จากด่านนี้และ |ด่านก่อนหน้า|;རིམ་པ་འདི་དང་ |རིམ་པ་སྔོན་མ| ནས་བརྒྱ་ཆ་ཡོང་།;Dostaneš procenta z této úrovně a |nižších úrovní|.;Bu seviyeden ve |önceki seviyelerden| yüzdeler gelir.;آپ کو اس اور |پچھلے لیولز| کے فی صد ملیں گے۔;Bạn nhận phần trăm từ cấp này và |các cấp trước|.;Gei di ganrannau o'r lefel hon a |lefelau cynharach|.;Будуць працэнты з гэтага і |ранейшых узроўняў|.;Uthola amaphesenti akule leveli |nakumaleveli angaphambilini|.;Du får procent från den här nivån och |tidigare nivåer|.
modeIntro.percentages.order %@;;"Short bullet on the pre-game card. Keep it concise. Keep the placeholders exactly (%@); the app fills them with numbers/text at runtime. You may reorder them to fit natural word order. |pipes| mark bold text (1 pair(s) here). Wrap the matching word(s) in your language in |pipes|, do not translate the pipes away. English is 60 characters. Try to stay close to that.";You always calculate %@, and the answer is a |whole number|.;Je neemt steeds %@ en de uitkomst is een |heel getal|.;Jy bereken altyd %@, en die antwoord is ’n |heelgetal|.;Gjithmonë llogarit %@ dhe përgjigjja është |numër i plotë|.;ሁልጊዜ %@ን ታሰላለህ፣ መልሱም |ሙሉ ቁጥር| ነው።;تحسب دائمًا %@، وتكون الإجابة |عددًا صحيحًا|.;Միշտ հաշվում ես %@, իսկ պատասխանը |ամբողջ թիվ| է։;সদায় %@ উলিওৱা, উত্তৰ এটা |পূৰ্ণ সংখ্যা|।;Həmişə %@ hesablayırsan və cavab |tam ədəd| olur.;Beti %@ kalkulatuko duzu, eta erantzuna |zenbaki osoa| izango da.;তুমি সব সময় %@ হিসাব করবে, আর উত্তর হবে একটি |পূর্ণসংখ্যা|।;%@ ကို အမြဲတွက်မယ်၊ အဖြေက |ကိန်းပြည့်| ဖြစ်မယ်။;Uvijek računaš %@, a rezultat je |cijeli broj|.;Винаги изчисляваш %@, а отговорът е |цяло число|.;Sempre calcules %@, i el resultat és un |nombre enter|.;每次计算 %@，答案是 |整数|。;Du beregner altid %@, og svaret er et |heltal|.;Du berechnest immer %@. Das Ergebnis ist eine |ganze Zahl|.;Arvutad alati %@ ning vastus on |täisarv|.;Tú roknar altíð %@, og svarið er eitt |heilt tal|.;Lasket aina %@, ja vastaus on |kokonaisluku|.;Tu calcules toujours %@ et la réponse est un |nombre entier|.;Sempre calculas %@ e a resposta é un |número enteiro|.;ყოველთვის გამოთვლი %@-ს და პასუხი |მთელი რიცხვია|.;Υπολογίζεις πάντα %@ και η απάντηση είναι |ακέραιος αριθμός|.;તમે હંમેશા %@ ગણશો અને જવાબ |પૂર્ણ સંખ્યા| હશે.;תמיד מחשבים %@, והתשובה היא |מספר שלם|.;तुम हमेशा %@ निकालोगे और उत्तर |पूर्ण संख्या| होगा।;Mindig %@ értékét számolod ki, az eredmény pedig |egész szám|.;Ríomhann tú %@ i gcónaí, agus is |slánuimhir| an freagra.;Þú reiknar alltaf %@ og svarið er |heil tala|.;Kamu selalu menghitung %@, dan jawabannya adalah |bilangan bulat|.;Calcola sempre %@ e il risultato è un |numero intero|.;いつも%@を計算し、答えは|整数|になるよ。;ಯಾವಾಗಲೂ %@ ಲೆಕ್ಕ ಹಾಕು, ಉತ್ತರವು |ಪೂರ್ಣ ಸಂಖ್ಯೆ|.;Әрдайым %@ есептейсің, жауабы |бүтін сан| болады.;អ្នកតែងតែគណនា %@ ហើយចម្លើយជាថា |ចំនួនគត់|។;항상 %@을 계산하고 답은 |정수|예요.;Uvijek računaš %@, a rezultat je |cijeli broj|.;ເຈົ້າຄຳນວນ %@ ສະເໝີ ແລະ ຄຳຕອບເປັນ |ຈຳນວນເຕັມ|.;Tu vienmēr aprēķini %@, un atbilde ir |vesels skaitlis|.;Visada skaičiuosi %@, o atsakymas bus |sveikasis skaičius|.;Секогаш пресметуваш %@, а одговорот е |цел број|.;Kamu sentiasa kira %@, dan jawapannya ialah |nombor bulat|.;"എപ്പോഴും %@ കണക്കാക്കൂ; ഉത്തരം ഒരു |പൂർണ്ണസംഖ്യ| ആയിരിക്കും.";तू नेहमी %@ काढशील आणि उत्तर |पूर्ण संख्या| असेल.;Үргэлж %@-г олно. Хариу нь |бүхэл тоо| байна.;तिमी सधैं %@ निकाल्छौ, र उत्तर |पूर्ण सङ्ख्या| हुन्छ।;Du regner alltid ut %@, og svaret er et |heltall|.;Ти завжди обчислюєш %@, а відповідь — |ціле число|.;ତୁମେ ସବୁବେଳେ %@ ହିସାବ କରିବ, ଏବଂ ଉତ୍ତର ଏକ |ପୂର୍ଣ୍ଣ ସଂଖ୍ୟା| ହେବ।;ھەمىشە %@ نى ھېسابلايسەن، جاۋاب |پۈتۈن سان| بولىدۇ.;Har safar %@ ni hisoblaysan, javob esa |butun son| bo‘ladi.;همیشه %@ را حساب می‌کنی و پاسخ یک |عدد صحیح| است.;Zawsze obliczasz %@, a wynik jest |liczbą całkowitą|.;Calculas sempre %@, e a resposta é um |número inteiro|.;ਤੁਸੀਂ ਹਮੇਸ਼ਾ %@ ਕੱਢੋਗੇ ਅਤੇ ਜਵਾਬ ਇੱਕ |ਪੂਰੀ ਗਿਣਤੀ| ਹੋਵੇਗਾ।;Calculezi mereu %@, iar răspunsul este un |număr întreg|.;Ты всегда находишь %@, а ответ — |целое число|.;Uvek računaš %@, a rezultat je |ceo broj|.;ඔබ හැමවිටම %@ ගණනය කරයි, පිළිතුර |පූර්ණ අංකයක්| වේ.;Vždy vypočítaš %@ a výsledok je |celé číslo|.;Vedno izračunaš %@, rezultat pa je |celo število|.;Siempre calculas %@ y la respuesta es un |número entero|.;Daima unahesabu %@, na jibu ni |nambari nzima|.;ඔබ හැමවිටම %@ ගණනය කරයි, පිළිතුර |පූර්ණ අංකයක්| වේ.;"எப்போதும் %@ ஐக் கணக்கிடு; விடை ஒரு |முழு எண்|.";คำนวณ %@ เสมอ และคำตอบเป็น |จำนวนเต็ม|;ཁྱེད་ཀྱིས་རྟག་ཏུ་ %@ རྩིས་ཤིང་། ལན་ |ཧྲིལ་གྲངས| ཡིན།;Vždy počítáš %@ a výsledkem je |celé číslo|.;Her zaman %@ hesaplarsın ve cevap bir |tam sayı| olur.;آپ ہمیشہ %@ نکالیں گے، اور جواب |صحیح عدد| ہوگا۔;Bạn luôn tính %@ và đáp án là |số nguyên|.;Rwyt ti bob amser yn cyfrifo %@, ac mae'r ateb yn |rhif cyfan|.;Ты заўсёды вылічаеш %@, а адказ — |цэлы лік|.;Njalo ubala u-%@, futhi impendulo iba |inombolo ephelele|.;Du räknar alltid ut %@, och svaret är ett |heltal|.
modeIntro.percentages.premium.b1 %lld;;"Short bullet on the pre-game card. Keep it concise. Keep the placeholders exactly (%lld); the app fills them with numbers/text at runtime. You may reorder them to fit natural word order. English is 49 characters. Try to stay close to that.";Work out percentages of round numbers up to %lld.;Bereken percentages van ronde getallen tot %lld.;Bereken persentasies van ronde getalle tot %lld.;Llogarit përqindje të numrave të rrumbullakët deri në %lld.;እስከ %lld ያሉ ክብ ቁጥሮችን መቶኛ አስላ።;احسب نسبًا مئوية من أعداد كاملة حتى %lld.;Հաշվիր կլոր թվերի տոկոսները մինչև %lld։;%lld লৈ ঘূৰণীয়া সংখ্যাৰ শতাংশ উলিওৱা।;%lld-ə qədər yuvarlaq ədədlərin faizini hesabla.;Kalkulatu zenbaki biribilen ehunekoak %lld arte.;%lld পর্যন্ত গোল সংখ্যার শতকরা হিসাব করো।;%lld အထိ ကိန်းလုံးတွေရဲ့ ရာခိုင်နှုန်းကို တွက်ပါ။;Izračunaj postotke okruglih brojeva do %lld.;Изчислявай проценти от кръгли числа до %lld.;Calcula percentatges de nombres rodons fins a %lld.;计算不超过 %lld 的整十整百数的百分数。;Beregn procenter af runde tal op til %lld.;Berechne Prozente von runden Zahlen bis %lld.;Arvuta protsente ümmargustest arvudest kuni %lld.;Rokna prosent av rundum tølum upp í %lld.;Laske prosentteja pyöreistä luvuista %lld asti.;Calcule des pourcentages de nombres ronds jusqu’à %lld.;Calcula porcentaxes de números redondos ata %lld.;გამოთვალე მრგვალი რიცხვების პროცენტები %lld-მდე.;Υπολόγισε ποσοστά στρογγυλών αριθμών έως %lld.;%lld સુધીની ગોળ સંખ્યાઓની ટકાવારી ગણો.;חשבו אחוזים ממספרים עגולים עד %lld.;%lld तक की गोल संख्याओं के प्रतिशत निकालो।;Számold ki kerek számok százalékát %lld-ig.;Ríomh céatadáin d’uimhreacha cruinne suas go %lld.;Reiknaðu prósentur af sléttum tölum upp í %lld.;Hitung persentase dari bilangan bulat sampai %lld.;Calcola percentuali di numeri tondi fino a %lld.;%lldまでのきりのよい数でパーセントを計算しよう。;%lldರವರೆಗಿನ ಪೂರ್ಣ ಸಂಖ್ಯೆಗಳಲ್ಲಿ ಶೇಕಡಾವಾರು ಲೆಕ್ಕ ಹಾಕು.;%lld-ге дейінгі дөңгелек сандардың пайызын есепте.;គណនាភាគរយនៃចំនួនមូលរហូតដល់ %lld។;%lld까지의 반올림된 수로 백분율을 계산해요.;Izračunaj postotke okruglih brojeva do %lld.;ຫາເປີເຊັນຂອງຈຳນວນກົມເຖິງ %lld.;Aprēķini procentus no apaļiem skaitļiem līdz %lld.;Apskaičiuok apvalių skaičių procentus iki %lld.;Пресметувај проценти од заокружени броеви до %lld.;Kira peratus nombor bulat hingga %lld.;%lld വരെയുള്ള വട്ടസംഖ്യകളുടെ ശതമാനം കണ്ടുപിടിക്കൂ.;%lld पर्यंतच्या पूर्ण संख्यांची टक्केवारी काढ.;%lld хүртэлх бүхэл тооны хувийг ол.;%lld सम्मका गोलो सङ्ख्याको प्रतिशत निकाल।;Regn ut prosent av runde tall opptil %lld.;Обчислюй відсотки від круглих чисел до %lld.;%lld ପର୍ଯ୍ୟନ୍ତ ଗୋଲ ସଂଖ୍ୟାର ଶତକଡ଼ା ହିସାବ କର।;%lld گىچە يۇمىلاق سانلارنىڭ پىرسەنتىنى ھېسابلا.;%lld gacha bo‘lgan dumaloq sonlarning foizini top.;درصدِ عددهای رُند تا %lld را حساب کن.;Obliczaj procenty z okrągłych liczb do %lld.;Calcula percentagens de números redondos até %lld.;%lld ਤੱਕ ਦੀਆਂ ਗੋਲ ਗਿਣਤੀਆਂ ਦੇ ਪ੍ਰਤੀਸ਼ਤ ਕੱਢੋ।;Calculează procente din numere rotunde până la %lld.;Находи проценты от круглых чисел до %lld.;Izračunaj procente okruglih brojeva do %lld.;%lld දක්වා වටකුරු අංකවල ප්‍රතිශත ගණනය කරන්න.;Vypočítaj percentá z okrúhlych čísel do %lld.;Izračunaj odstotke okroglih števil do %lld.;Calcula porcentajes de números redondos hasta %lld.;Hesabu asilimia za nambari kamili hadi %lld.;%lld දක්වා වටකුරු අංකවල ප්‍රතිශත ගණනය කරන්න.;%lld வரை உள்ள முழு பத்து எண்களின் சதவீதங்களைக் கணக்கிடு.;หาเปอร์เซ็นต์ของจำนวนเต็มสิบไม่เกิน %lld;%lld བར་གྱི་ཧྲིལ་གྲངས་ཀྱི་བརྒྱ་ཆ་རྩིས།;Počítej procenta z kulatých čísel do %lld.;%lld'ye kadar yuvarlak sayıların yüzdelerini bul.;%lld تک گول اعداد کے فی صد نکالیں۔;Tính phần trăm của các số tròn đến %lld.;Cyfrifa ganrannau o rifau crwn hyd at %lld.;Вылічаў працэнты ад круглых лікаў да %lld.;Bala amaphesenti ezinombolo eziyindilinga kuze kufike ku-%lld.;Räkna ut procent av jämna tal upp till %lld.
modeIntro.percentages.premium.b2;;Short bullet on the pre-game card. Keep it concise. English is 56 characters. Try to stay close to that.;The amounts stay round, so the answers are always whole.;De bedragen blijven rond, dus de antwoorden zijn altijd heel.;Die hoeveelhede bly rond, dus die antwoorde is altyd heelgetalle.;Vlerat mbeten të rrumbullakëta, prandaj përgjigjet janë gjithmonë numra të plotë.;መጠኖቹ ክብ ስለሆኑ መልሶቹ ሁልጊዜ ሙሉ ቁጥር ናቸው።;تبقى القيم كاملة، لذا تكون الإجابات أعدادًا صحيحة دائمًا.;Քանակները կլոր են մնում, ու պատասխանները միշտ ամբողջ են։;পৰিমাণবোৰ ঘূৰণীয়া থাকে, সেয়ে উত্তৰ সদায় পূৰ্ণ সংখ্যা।;Miqdarlar yuvarlaq qalır, buna görə cavablar həmişə tamdır.;"Kopuruak biribilak dira; beraz, erantzunak osoak dira beti.";পরিমাণগুলো গোল থাকবে, তাই উত্তর সব সময় পূর্ণসংখ্যা।;ပမာဏတွေက ကိန်းလုံးဖြစ်လို့ အဖြေတွေလည်း ကိန်းပြည့်ပဲ။;Količine ostaju okrugle, pa su rezultati uvijek cijeli.;Стойностите остават кръгли, затова отговорите винаги са цели.;Les quantitats són rodones, així que els resultats sempre són enters.;数值都是整的，所以答案一定是整数。;Tallene er runde, så svarene er altid hele tal.;Die Werte bleiben rund, deshalb sind die Ergebnisse immer ganzzahlig.;Arvud jäävad ümmarguseks, seega on vastused alati täisarvud.;Upphæddirnar eru rundar, so svarini eru altíð heil.;Määrät pysyvät pyöreinä, joten vastaukset ovat aina kokonaislukuja.;Les valeurs restent rondes, donc les réponses sont toujours entières.;As cantidades son redondas, así que as respostas sempre son enteiras.;რაოდენობები მრგვალი რჩება, ამიტომ პასუხები ყოველთვის მთელია.;Οι ποσότητες μένουν στρογγυλές, άρα οι απαντήσεις είναι πάντα ακέραιες.;રકમ ગોળ રહેશે, એટલે જવાબ હંમેશા પૂર્ણ સંખ્યા હશે.;הכמויות נשארות עגולות, לכן התשובות תמיד שלמות.;राशियाँ गोल रहेंगी, इसलिए उत्तर हमेशा पूर्ण होंगे।;A mennyiségek kerekek maradnak, így az eredmények mindig egészek.;Fanann na méideanna cruinn, mar sin is slánuimhreacha iad na freagraí i gcónaí.;Tölurnar haldast sléttar, svo svörin eru alltaf heilar tölur.;Nilainya tetap bulat, jadi jawabannya selalu bilangan bulat.;Le quantità restano tonde, quindi i risultati sono sempre interi.;数はきりがよいので、答えはいつも整数です。;ಮೊತ್ತಗಳು ಪೂರ್ಣವಾಗಿರುತ್ತವೆ, ಆದ್ದರಿಂದ ಉತ್ತರಗಳೂ ಪೂರ್ಣ ಸಂಖ್ಯೆಗಳೇ.;Мәндер дөңгелек болады, сондықтан жауаптар әрқашан бүтін.;ចំនួននៅតែមូល ដូច្នេះចម្លើយតែងតែជាចំនួនគត់។;양은 딱 떨어져서 답은 항상 정수예요.;Iznosi ostaju okrugli pa su rezultati uvijek cijeli.;ຈຳນວນຍັງເປັນຈຳນວນກົມ ດັ່ງນັ້ນຄຳຕອບຈຶ່ງເປັນຈຳນວນເຕັມສະເໝີ.;Skaitļi paliek apaļi, tāpēc atbildes vienmēr ir veseli skaitļi.;Skaičiai lieka apvalūs, todėl atsakymai visada sveikieji.;Количините остануваат заокружени, па одговорите се секогаш цели.;Nilainya kekal bulat, jadi jawapan sentiasa nombor bulat.;അളവുകൾ വട്ടമായതിനാൽ ഉത്തരങ്ങൾ എപ്പോഴും പൂർണ്ണസംഖ്യകളായിരിക്കും.;रक्कम पूर्ण राहते, म्हणून उत्तरही पूर्ण संख्या असते.;Хэмжээнүүд бүхэл тул хариу үргэлж бүхэл байна.;रकम गोलो नै हुन्छ, त्यसैले उत्तर सधैं पूर्ण हुन्छ।;Mengdene er runde, så svarene blir alltid heltall.;Значення залишаються круглими, тому відповіді завжди цілі.;ପରିମାଣଗୁଡ଼ିକ ଗୋଲ ରହିବ, ତେଣୁ ଉତ୍ତର ସବୁବେଳେ ପୂର୍ଣ୍ଣ ସଂଖ୍ୟା ହେବ।;مىقدارلار يۇمىلاق بولىدۇ، شۇڭا جاۋابلار ھەمىشە پۈتۈن سان.;Miqdorlar dumaloq bo‘ladi, shuning uchun javoblar doim butun son.;مقدارها رُند می‌مانند، پس پاسخ‌ها همیشه عدد صحیح‌اند.;Wartości są okrągłe, więc wyniki są zawsze całkowite.;Os valores continuam redondos, por isso as respostas são sempre inteiras.;ਮਾਤਰਾਂ ਗੋਲ ਰਹਿੰਦੀਆਂ ਹਨ, ਇਸ ਲਈ ਜਵਾਬ ਹਮੇਸ਼ਾ ਪੂਰੇ ਹੁੰਦੇ ਹਨ।;Valorile rămân rotunde, așa că răspunsurile sunt mereu întregi.;Значения остаются круглыми, поэтому ответы всегда целые.;Brojevi ostaju okrugli, pa su rezultati uvek celi.;ප්‍රමාණ වටකුරු නිසා පිළිතුරු හැමවිටම පූර්ණ අංක වේ.;Hodnoty zostávajú okrúhle, takže výsledky sú vždy celé.;Količine ostanejo okrogle, zato so rezultati vedno cela števila.;Las cantidades son redondas, así que las respuestas siempre son enteras.;Kiasi hubaki kamili, kwa hiyo majibu huwa nambari nzima.;ප්‍රමාණ වටකුරු නිසා පිළිතුරු හැමවිටම පූර්ණ අංක වේ.;அளவுகள் முழு பத்துகளாக இருப்பதால் விடைகள் எப்போதும் முழு எண்கள்.;จำนวนต่าง ๆ ลงตัว คำตอบจึงเป็นจำนวนเต็มเสมอ;གྲངས་རྣམས་ཧྲིལ་གྲངས་ཡིན་པས་ལན་ཡང་ཧྲིལ་གྲངས་ཡིན།;Hodnoty zůstávají kulaté, takže výsledky jsou vždy celá čísla.;Miktarlar yuvarlak kalır, bu yüzden cevaplar hep tam sayıdır.;مقداریں گول رہیں گی، اس لیے جواب ہمیشہ صحیح عدد ہوگا۔;Các số lượng luôn tròn nên đáp án luôn là số nguyên.;Mae'r symiau'n aros yn grwn, felly mae'r atebion bob amser yn gyfan.;Лікі застаюцца круглымі, таму адказы заўсёды цэлыя.;Amanani ahlala eyindilinga, ngakho izimpendulo zihlala ziphelele.;Talen är jämna, så svaren är alltid heltal.
modeIntro.percentages.premium.title %lld;;"Heading. Short and punchy. Keep the placeholders exactly (%lld); the app fills them with numbers/text at runtime. You may reorder them to fit natural word order. English is 19 characters. Try to stay close to that.";Percentages to %lld;Procenten tot %lld;Persentasies tot %lld;Përqindje deri në %lld;መቶኛ እስከ %lld;النسب حتى %lld;Տոկոսներ մինչև %lld;%lld লৈ শতাংশ;%lld-ə qədər faizlər;Ehunekoak %lld arte;%lld পর্যন্ত শতকরা;%lld အထိ ရာခိုင်နှုန်း;Postoci do %lld;Проценти до %lld;Percentatges fins a %lld;百分数到 %lld;Procenter op til %lld;Prozente bis %lld;Protsendid kuni %lld;Prosent upp í %lld;Prosentit %lld asti;Pourcentages jusqu’à %lld;Porcentaxes ata %lld;პროცენტები %lld-მდე;Ποσοστά έως %lld;%lld સુધી ટકાવારી;אחוזים עד %lld;%lld तक प्रतिशत;Százalékok %lld-ig;Céatadáin go %lld;Prósentur upp í %lld;Persentase sampai %lld;Percentuali fino a %lld;%lldまでのパーセント;%lldರವರೆಗೆ ಶೇಕಡಾವಾರು;%lld-ге дейінгі пайыздар;ភាគរយដល់ %lld;%lld까지 백분율;Postoci do %lld;ເປີເຊັນເຖິງ %lld;Procenti līdz %lld;Procentai iki %lld;Проценти до %lld;Peratus hingga %lld;%lld വരെ ശതമാനങ്ങൾ;%lld पर्यंत टक्केवारी;%lld хүртэлх хувь;%lld सम्मका प्रतिशत;Prosent til %lld;Відсотки до %lld;%lld ପର୍ଯ୍ୟନ୍ତ ଶତକଡ଼ା;%lld گىچە پىرسەنت;%lld gacha foizlar;درصدها تا %lld;Procenty do %lld;Percentagens até %lld;%lld ਤੱਕ ਪ੍ਰਤੀਸ਼ਤ;Procente până la %lld;Проценты до %lld;Procenti do %lld;%lld දක්වා ප්‍රතිශත;Percentá do %lld;Odstotki do %lld;Porcentajes hasta %lld;Asilimia hadi %lld;%lld දක්වා ප්‍රතිශත;%lld வரை சதவீதங்கள்;เปอร์เซ็นต์ถึง %lld;%lld བར་གྱི་བརྒྱ་ཆ;Procenta do %lld;%lld'ye kadar yüzdeler;%lld تک فی صد;Phần trăm đến %lld;Canrannau hyd at %lld;Працэнты да %lld;Amaphesenti kuze kufike ku-%lld;Procent till %lld
modeIntro.percentages.random %@;;"Short bullet on the pre-game card. Keep it concise. Keep the placeholders exactly (%@); the app fills them with numbers/text at runtime. You may reorder them to fit natural word order. |pipes| mark bold text (1 pair(s) here). Wrap the matching word(s) in your language in |pipes|, do not translate the pipes away. English is 64 characters. Try to stay close to that.";You always calculate %@, and the answer can also be a |decimal|.;Je neemt steeds %@ en de uitkomst kan ook een |kommagetal| zijn.;Jy bereken altyd %@, en die antwoord kan ook ’n |desimaal| wees.;Gjithmonë llogarit %@ dhe përgjigjja mund të jetë edhe |dhjetore|.;ሁልጊዜ %@ን ታሰላለህ፣ መልሱም |አስርዮሽ| ሊሆን ይችላል።;تحسب دائمًا %@، وقد تكون الإجابة |عددًا عشريًا|.;Միշտ հաշվում ես %@, իսկ պատասխանը կարող է նաև |տասնորդական| լինել։;সদায় %@ উলিওৱা, উত্তৰ এটা |দশমিক|ও হ’ব পাৰে।;Həmişə %@ hesablayırsan və cavab |onluq ədəd| də ola bilər.;Beti %@ kalkulatuko duzu, eta erantzuna |hamartarra| ere izan daiteke.;তুমি সব সময় %@ হিসাব করবে, আর উত্তর |দশমিক|ও হতে পারে।;%@ ကို အမြဲတွက်မယ်၊ အဖြေက |ဒသမကိန်း| လည်း ဖြစ်နိုင်တယ်။;Uvijek računaš %@, a rezultat može biti i |decimalni broj|.;Винаги изчисляваш %@, а отговорът може да е и |десетично число|.;Sempre calcules %@, i el resultat també pot ser un |decimal|.;每次计算 %@，答案也可能是 |小数|。;Du beregner altid %@, og svaret kan også være et |decimaltal|.;Du berechnest immer %@. Das Ergebnis kann auch eine |Dezimalzahl| sein.;Arvutad alati %@ ning vastus võib olla ka |kümnendarv|.;Tú roknar altíð %@, og svarið kann eisini vera eitt |desimaltal|.;Lasket aina %@, ja vastaus voi olla myös |desimaaliluku|.;Tu calcules toujours %@ et la réponse peut aussi être un |nombre décimal|.;Sempre calculas %@ e a resposta tamén pode ser un |decimal|.;ყოველთვის გამოთვლი %@-ს და პასუხი შეიძლება |ათწილადიც| იყოს.;Υπολογίζεις πάντα %@ και η απάντηση μπορεί να είναι |δεκαδικός|.;તમે હંમેશા %@ ગણશો અને જવાબ |દશાંશ| પણ હોઈ શકે.;תמיד מחשבים %@, והתשובה יכולה להיות גם |עשרונית|.;तुम हमेशा %@ निकालोगे और उत्तर |दशमलव| भी हो सकता है।;Mindig %@ értékét számolod ki, az eredmény pedig |tizedes szám| is lehet.;Ríomhann tú %@ i gcónaí, agus féadfaidh an freagra a bheith ina |dheachúil| freisin.;Þú reiknar alltaf %@ og svarið má líka vera |tugabrot|.;Kamu selalu menghitung %@, dan jawabannya juga bisa berupa |desimal|.;Calcola sempre %@ e il risultato può essere anche un |decimale|.;いつも%@を計算し、答えが|小数|になることもあるよ。;ಯಾವಾಗಲೂ %@ ಲೆಕ್ಕ ಹಾಕು, ಉತ್ತರವು |ದಶಮಾಂಶ| ಕೂಡ ಆಗಬಹುದು.;Әрдайым %@ есептейсің, жауабы |ондық сан| да болуы мүмкін.;អ្នកតែងតែគណនា %@ ហើយចម្លើយក៏អាចជា |ទសភាគ|។;항상 %@을 계산하고 답이 |소수|일 수도 있어요.;Uvijek računaš %@, a rezultat može biti i |decimalni broj|.;ເຈົ້າຄຳນວນ %@ ສະເໝີ ແລະ ຄຳຕອບອາດເປັນ |ທົດສະນິຍົມ|.;Tu vienmēr aprēķini %@, un atbilde var būt arī |decimālskaitlis|.;Visada skaičiuosi %@, o atsakymas gali būti ir |dešimtainis|.;Секогаш пресметуваш %@, а одговорот може да биде и |децимален број|.;Kamu sentiasa kira %@, dan jawapannya juga boleh jadi |perpuluhan|.;"എപ്പോഴും %@ കണക്കാക്കൂ; ഉത്തരം ഒരു |ദശാംശം| ആകാം.";तू नेहमी %@ काढशील आणि उत्तर |दशांश|ही असू शकते.;Үргэлж %@-г олно. Хариу нь |аравтын бутархай| байж болно.;तिमी सधैं %@ निकाल्छौ, र उत्तर |दशमलव| पनि हुन सक्छ।;Du regner alltid ut %@, og svaret kan også være et |desimaltall|.;Ти завжди обчислюєш %@, а відповідь може бути й |десятковим числом|.;ତୁମେ ସବୁବେଳେ %@ ହିସାବ କରିବ, ଏବଂ ଉତ୍ତର ଏକ |ଦଶମିକ| ମଧ୍ୟ ହୋଇପାରେ।;ھەمىشە %@ نى ھېسابلايسەن، جاۋاب |ئونلۇق سان| بولسىمۇ بولىدۇ.;Har safar %@ ni hisoblaysan, javob |o‘nli son| ham bo‘lishi mumkin.;همیشه %@ را حساب می‌کنی و پاسخ می‌تواند |اعشاری| هم باشد.;Zawsze obliczasz %@, a wynik może być też |dziesiętny|.;Calculas sempre %@, e a resposta também pode ser um |decimal|.;ਤੁਸੀਂ ਹਮੇਸ਼ਾ %@ ਕੱਢੋਗੇ ਅਤੇ ਜਵਾਬ |ਦਸ਼ਮਲਵ| ਵੀ ਹੋ ਸਕਦਾ ਹੈ।;Calculezi mereu %@, iar răspunsul poate fi și |zecimal|.;Ты всегда находишь %@, а ответ может быть |десятичным|.;Uvek računaš %@, a rezultat može biti i |decimalni broj|.;ඔබ හැමවිටම %@ ගණනය කරයි, පිළිතුර |දශමයක්| විය හැක.;Vždy vypočítaš %@ a výsledok môže byť aj |desatinné číslo|.;Vedno izračunaš %@, rezultat pa je lahko tudi |decimalno število|.;Siempre calculas %@ y la respuesta también puede ser un |decimal|.;Daima unahesabu %@, na jibu linaweza pia kuwa |desimali|.;ඔබ හැමවිටම %@ ගණනය කරයි, පිළිතුර |දශමයක්| විය හැක.;"எப்போதும் %@ ஐக் கணக்கிடு; விடை ஒரு |தசம எண்ணாகவும்| இருக்கலாம்.";คำนวณ %@ เสมอ และคำตอบอาจเป็น |ทศนิยม|;ཁྱེད་ཀྱིས་རྟག་ཏུ་ %@ རྩིས་ཤིང་། ལན་ |གྲངས་ཆུང་| ཡང་ཡིན་ཆོག;Vždy počítáš %@ a výsledkem může být i |desetinné číslo|.;Her zaman %@ hesaplarsın ve cevap bir |ondalık sayı| da olabilir.;آپ ہمیشہ %@ نکالیں گے، اور جواب |اعشاری| بھی ہو سکتا ہے۔;Bạn luôn tính %@ và đáp án cũng có thể là |số thập phân|.;Rwyt ti bob amser yn cyfrifo %@, a gall yr ateb fod yn |rhif degol| hefyd.;Ты заўсёды вылічаеш %@, а адказ можа быць |дзесятковым|.;Njalo ubala u-%@, futhi impendulo ingaba |idesimali|.;Du räknar alltid ut %@, och svaret kan också vara ett |decimaltal|.
modeIntro.percentages.title %@;;"Heading. Short and punchy. Keep the placeholders exactly (%@); the app fills them with numbers/text at runtime. You may reorder them to fit natural word order. English is 12 characters. Try to stay close to that.";Calculate %@;%@ rekenen;Bereken %@;Llogarit %@;%@ን አስላ;احسب %@;Հաշվել %@;%@ গণনা;%@ hesabla;Kalkulatu %@;%@ হিসাব করো;%@ တွက်ရန်;Izračunaj %@;Изчисли %@;Calcula %@;计算 %@;Beregn %@;%@ berechnen;Arvuta %@;Rokna %@;Laske %@;Calculer %@;Calcula %@;გამოთვალე %@;Υπολόγισε %@;%@ ગણો;חישוב %@;%@ निकालो;Számold ki: %@;Ríomh %@;Reiknaðu %@;Hitung %@;Calcola %@;%@を計算;%@ ಲೆಕ್ಕ ಹಾಕು;%@ есепте;គណនា %@;%@ 계산;Izračunaj %@;ຄຳນວນ %@;Aprēķini %@;Skaičiuok %@;Пресметај %@;Kira %@;%@ കണക്കാക്കൂ;%@ काढ;%@-г бодох;%@ निकाल;Regn ut %@;Обчислити %@;%@ ହିସାବ କର;%@ نى ھېسابلا;%@ ni hisobla;%@ را حساب کن;Oblicz %@;Calcular %@;%@ ਕੱਢੋ;Calculează %@;Вычисли %@;Izračunaj %@;%@ ගණනය කරන්න;Vypočítaj %@;Izračunaj %@;Calcular %@;Hesabu %@;%@ ගණනය කරන්න;%@ கணக்கிடு;คำนวณ %@;%@ རྩིས;Vypočítej %@;%@ hesapla;%@ نکالیں;Tính %@;Cyfrifo %@;Вылічыць %@;Bala %@;Räkna ut %@
modeIntro.percentagesMix.b1;;Short bullet on the pre-game card. Keep it concise. English is 34 characters. Try to stay close to that.;Work out a percentage of a number.;Reken een percentage van een getal uit.;Bereken ’n persentasie van ’n getal.;Llogarit një përqindje të një numri.;የአንድን ቁጥር መቶኛ አስላ።;احسب نسبة مئوية من عدد.;Հաշվիր թվի տոկոսը։;এটা সংখ্যাৰ শতাংশ উলিওৱা।;Bir ədədin faizini hesabla.;Kalkulatu zenbaki baten ehunekoa.;একটি সংখ্যার শতকরা হিসাব করো।;ဂဏန်းတစ်ခုရဲ့ ရာခိုင်နှုန်းကို တွက်ပါ။;Izračunaj postotak nekog broja.;Намери процент от число.;Calcula un percentatge d’un nombre.;算出一个数的百分数。;Beregn en procentdel af et tal.;Berechne einen Prozentsatz einer Zahl.;Arvuta protsent arvust.;Rokna eitt prosent av einum tali.;Laske prosenttiosuus luvusta.;Calcule un pourcentage d’un nombre.;Calcula unha porcentaxe dun número.;გამოთვალე რიცხვის პროცენტი.;Υπολόγισε ένα ποσοστό ενός αριθμού.;કોઈ સંખ્યાની ટકાવારી ગણો.;חשבו אחוז מתוך מספר.;किसी संख्या का प्रतिशत निकालो।;Számold ki egy szám százalékát.;Ríomh céatadán d’uimhir.;Reiknaðu prósentu af tölu.;Hitung persentase dari sebuah angka.;Calcola la percentuale di un numero.;ある数の何パーセントかを計算しよう。;ಒಂದು ಸಂಖ್ಯೆಯ ಶೇಕಡಾವಾರು ಲೆಕ್ಕ ಹಾಕು.;Санның пайызын есепте.;គណនាភាគរយនៃចំនួនមួយ។;어떤 수의 백분율을 구해요.;Izračunaj postotak broja.;ຫາເປີເຊັນໜຶ່ງຂອງຈຳນວນ.;Aprēķini procentus no skaitļa.;Apskaičiuok skaičiaus procentą.;Пресметај процент од број.;Kira peratus daripada satu nombor.;ഒരു സംഖ്യയുടെ ശതമാനം കണ്ടുപിടിക്കൂ.;एका संख्येची टक्केवारी काढ.;Тооны хувийг ол.;कुनै सङ्ख्याको प्रतिशत निकाल।;Regn ut en prosentandel av et tall.;Обчисли відсоток від числа.;ଗୋଟିଏ ସଂଖ୍ୟାର ଶତକଡ଼ା ହିସାବ କର।;بىر ساننىڭ پىرسەنتىنى ھېسابلا.;Sonning foizini top.;درصدی از یک عدد را حساب کن.;Oblicz procent z liczby.;Calcula uma percentagem de um número.;ਕਿਸੇ ਗਿਣਤੀ ਦਾ ਪ੍ਰਤੀਸ਼ਤ ਕੱਢੋ।;Calculează un procent dintr-un număr.;Найди процент от числа.;Izračunaj procenat nekog broja.;අංකයක ප්‍රතිශතයක් ගණනය කරන්න.;Vypočítaj percento z čísla.;Izračunaj odstotek števila.;Calcula un porcentaje de un número.;Hesabu asilimia ya nambari.;අංකයක ප්‍රතිශතයක් ගණනය කරන්න.;ஒரு எண்ணின் சதவீதத்தைக் கணக்கிடு.;หาเปอร์เซ็นต์ของจำนวนหนึ่ง;གྲངས་ཤིག་གི་བརྒྱ་ཆ་རྩིས།;Vypočítej procento z čísla.;Bir sayının yüzdesini bul.;کسی عدد کا فی صد نکالیں۔;Tính phần trăm của một số.;Cyfrifa ganran o rif.;Знайдзі працэнт ад ліку.;Bala iphesenti lenombolo.;Räkna ut en procentandel av ett tal.
modeIntro.percentagesMix.b2;;Short bullet on the pre-game card. Keep it concise. English is 42 characters. Try to stay close to that.;Convert between percentages and fractions.;Zet percentages en breuken in elkaar om.;Skakel persentasies en breuke na mekaar om.;Kthe përqindjet në thyesa dhe anasjelltas.;መቶኛን ወደ ክፍልፋይ፣ ክፍልፋይንም ወደ መቶኛ ቀይር።;حوّل بين النسب المئوية والكسور.;Տոկոսները փոխարկիր կոտորակների և հակառակը։;শতাংশ আৰু ভগ্নাংশ ইটোক সিটোলৈ ৰূপান্তৰ কৰা।;Faizləri kəsrlərə, kəsrləri faizlərə çevir.;Bihurtu ehunekoak zatiki eta zatikiak ehuneko.;শতকরা ও ভগ্নাংশ একে অন্যটিতে বদলাও।;ရာခိုင်နှုန်းနဲ့ အပိုင်းကိန်းကို အပြန်အလှန် ပြောင်းပါ။;Pretvaraj postotke u razlomke i obrnuto.;Преобразувай проценти в дроби и обратно.;Converteix percentatges en fraccions i a l’inrevés.;在百分数和分数之间转换。;Lav procenter om til brøker og omvendt.;Wandle Prozente in Brüche um und umgekehrt.;Teisenda protsente murdudeks ja murde protsentideks.;Broyt millum prosent og brot.;Muunna prosentteja murtoluvuiksi ja takaisin.;Transforme des pourcentages en fractions et inversement.;Converte porcentaxes en fraccións e fraccións en porcentaxes.;გადაიყვანე პროცენტები წილადებად და პირიქით.;Μετέτρεψε ποσοστά σε κλάσματα και το αντίστροφο.;ટકાવારી અને અપૂર્ણાંકને એકબીજામાં ફેરવો.;המירו בין אחוזים לשברים.;प्रतिशत और भिन्न को एक-दूसरे में बदलो।;Válts át százalékok és törtek között.;Tiontaigh idir céatadáin agus codáin.;Breyttu á milli prósenta og brota.;Ubah persentase menjadi pecahan dan sebaliknya.;Trasforma percentuali in frazioni e viceversa.;パーセントと分数をたがいに直そう。;ಶೇಕಡಾವಾರು ಮತ್ತು ಭಿನ್ನರಾಶಿಗಳನ್ನು ಪರಸ್ಪರ ಬದಲಿಸು.;Пайыздар мен бөлшектерді бір-біріне айналдыр.;បម្លែងរវាងភាគរយ និងប្រភាគ។;백분율과 분수를 서로 바꿔요.;Pretvaraj postotke u razlomke i obrnuto.;ປ່ຽນໄປມາລະຫວ່າງເປີເຊັນ ແລະ ເສດສ່ວນ.;Pārvērt procentus daļskaitļos un otrādi.;Keisk procentus į trupmenas ir atvirkščiai.;Претворај проценти во дропки и обратно.;Tukar antara peratus dan pecahan.;ശതമാനങ്ങളും ഭിന്നങ്ങളും തമ്മിൽ മാറ്റൂ.;टक्केवारी आणि अपूर्णांक एकमेकांत बदला.;Хувь ба бутархайг хооронд нь хөрвүүл.;प्रतिशत र भिन्नलाई एकअर्कामा बदल।;Gjør om mellom prosent og brøker.;Перетворюй відсотки на дроби й навпаки.;ଶତକଡ଼ା ଓ ଭଗ୍ନାଂଶକୁ ପରସ୍ପର ବଦଳାଅ।;پىرسەنت بىلەن كەسىرنى ئۆزئارا ئايلاندۇر.;Foizlarni kasrlarga, kasrlarni foizlarga aylantir.;درصدها و کسرها را به هم تبدیل کن.;Zamieniaj procenty na ułamki i odwrotnie.;Converte percentagens em frações e frações em percentagens.;ਪ੍ਰਤੀਸ਼ਤ ਅਤੇ ਭਿੰਨਾਂ ਨੂੰ ਇੱਕ-ਦੂਜੇ ਵਿੱਚ ਬਦਲੋ।;Transformă procentele în fracții și invers.;Переводи проценты в дроби и обратно.;Pretvaraj procente u razlomke i obrnuto.;ප්‍රතිශත සහ භාග එකිනෙකට හරවන්න.;Premeň percentá na zlomky a naopak.;Pretvarjaj med odstotki in ulomki.;Convierte porcentajes en fracciones y viceversa.;Badilisha asilimia kuwa sehemu na sehemu kuwa asilimia.;ප්‍රතිශත සහ භාග එකිනෙකට හරවන්න.;சதவீதங்களையும் பின்னங்களையும் ஒன்றிலிருந்து மற்றொன்றாக மாற்று.;แปลงเปอร์เซ็นต์กับเศษส่วน;བརྒྱ་ཆ་དང་ཆ་ཤས་ཕན་ཚུན་བསྒྱུར།;Převáděj procenta na zlomky a naopak.;Yüzdeleri kesirlere, kesirleri yüzdelere çevir.;فی صد اور کسروں کو ایک دوسرے میں بدلیں۔;Đổi qua lại giữa phần trăm và phân số.;Trosi rhwng canrannau a ffracsiynau.;Ператварай працэнты ў дробы і наадварот.;Guqula amaphesenti abe amaqhezu, namaqhezu abe amaphesenti.;Omvandla mellan procent och bråk.
modeIntro.percentagesMix.title;;Heading. Short and punchy. English is 17 characters. Try to stay close to that.;Percentages mixed;Procenten door elkaar;Persentasies gemeng;Përqindje të përziera;ድብልቅ መቶኛዎች;نسب مختلطة;Խառը տոկոսներ;মিশ্ৰ শতাংশ;Qarışıq faizlər;Ehuneko nahasiak;মিশ্র শতকরা;ရာခိုင်နှုန်း ရောစပ်;Miješani postoci;Смесени проценти;Percentatges mixtos;百分数混合;Blandede procenter;Prozente gemischt;Protsendid segamini;Blandað prosent;Prosentit sekaisin;Pourcentages mélangés;Porcentaxes mesturadas;შერეული პროცენტები;Μικτά ποσοστά;મિશ્ર ટકાવારી;אחוזים מעורבים;मिले-जुले प्रतिशत;Vegyes százalékok;Céatadáin mheasctha;Prósentur í bland;Persentase campuran;Percentuali miste;パーセントミックス;ಮಿಶ್ರ ಶೇಕಡಾವಾರು;Аралас пайыздар;ភាគរយចម្រុះ;백분율 섞기;Miješani postoci;ເປີເຊັນປະສົມ;Jaukti procenti;Mišrūs procentai;Мешани проценти;Peratus bercampur;കലർന്ന ശതമാനങ്ങൾ;मिश्र टक्केवारी;Холимог хувь;मिश्रित प्रतिशत;Blandet prosent;Відсотки впереміш;ମିଶ୍ରିତ ଶତକଡ଼ା;ئارىلاش پىرسەنتلەر;Aralash foizlar;درصدهای ترکیبی;Procenty mieszane;Percentagens misturadas;ਮਿਲੇ-ਜੁਲੇ ਪ੍ਰਤੀਸ਼ਤ;Procente amestecate;Проценты вперемешку;Mešani procenti;මිශ්‍ර ප්‍රතිශත;Percentá na mix;Mešani odstotki;Porcentajes mezclados;Asilimia mchanganyiko;මිශ්‍ර ප්‍රතිශත;கலந்த சதவீதங்கள்;เปอร์เซ็นต์คละกัน;བརྒྱ་ཆ་འདྲེས་མ;Smíšená procenta;Karışık yüzdeler;ملے جلے فی صد;Phần trăm hỗn hợp;Canrannau cymysg;Працэнты ўперамешку;Amaphesenti axubile;Blandad procent
modeIntro.subtraction.intro;;Short bullet on the pre-game card. Keep it concise. |pipes| mark bold text (1 pair(s) here). Wrap the matching word(s) in your language in |pipes|, do not translate the pipes away. English is 36 characters. Try to stay close to that.;You only get |subtraction| problems.;Je krijgt alleen sommen met |aftrekken|.;Jy kry net |aftrek|-somme.;Do të marrësh vetëm detyra me |zbritje|.;የምታገኘው የ|መቀነስ| ጥያቄዎችን ብቻ ነው።;ستحصل فقط على مسائل |الطرح|.;Դու ստանում ես միայն |հանման| առաջադրանքներ։;তুমি কেৱল |বিয়োগ|ৰ অংক পাবা।;Yalnız |çıxma| misalları gəlir.;|Kenketa| ariketak bakarrik izango dituzu.;তুমি শুধু |বিয়োগের| অঙ্ক পাবে।;|နုတ်ခြင်း| ပုစ္ဆာပဲ ရမယ်။;Dobijaš samo zadatke s |oduzimanjem|.;Получаваш задачи само с |изваждане|.;Només tindràs problemes de |resta|.;你只会遇到 |减法| 题。;Du får kun opgaver med |subtraktion|.;Du bekommst nur Aufgaben mit |Subtraktion|.;Saad ainult |lahutamisülesandeid|.;Tú fært bara uppgávur við |frádrátti|.;Saat vain |vähennyslaskuja|.;Tu n’auras que des calculs de |soustraction|.;Só terás contas de |resta|.;გექნება მხოლოდ |გამოკლების| ამოცანები.;Θα έχεις μόνο ασκήσεις |αφαίρεσης|.;તમને ફક્ત |બાદબાકીના| દાખલા મળશે.;תקבלו רק תרגילי |חיסור|.;तुम्हें केवल |घटाव| के सवाल मिलेंगे।;Csak |kivonási| feladatokat kapsz.;Ní fhaigheann tú ach ceisteanna |dealaithe|.;Þú færð aðeins dæmi í |frádrætti|.;Kamu hanya mendapat soal |pengurangan|.;Avrai solo esercizi di |sottrazione|.;|ひき算|の問題だけが出るよ。;ನಿನಗೆ |ಕಳೆಯುವಿಕೆ| ಲೆಕ್ಕಗಳು ಮಾತ್ರ ಬರುತ್ತವೆ.;Саған тек |азайту| есептері беріледі.;អ្នកនឹងទទួលបានតែលំហាត់ |ដក|។;|뺄셈| 문제만 나와요.;Dobivaš samo zadatke s |oduzimanjem|.;ເຈົ້າຈະໄດ້ສະເພາະໂຈດ |ລົບ|.;Te būs tikai |atņemšanas| uzdevumi.;Gausi tik |atimties| užduotis.;Ќе добиваш само задачи со |одземање|.;Kamu hanya dapat soalan |tolak|.;നിനക്ക് |കുറയ്ക്കൽ| കണക്കുകൾ മാത്രം കിട്ടും.;तुला फक्त |वजाबाकीची| उदाहरणे मिळतील.;Зөвхөн |хасах| бодлого бодно.;तिमीले |घटाउ| का प्रश्न मात्र पाउँछौ।;Du får bare oppgaver med |subtraksjon|.;Тут будуть лише завдання на |віднімання|.;ତୁମେ କେବଳ |ବିୟୋଗ| ପ୍ରଶ୍ନ ପାଇବ।;پەقەت |ئېلىش| مەسىلىلىرى كېلىدۇ.;Faqat |ayirish| misollari beriladi.;فقط تمرین‌های |تفریق| می‌بینی.;Dostajesz tylko zadania z |odejmowaniem|.;Só vais receber contas de |subtração|.;ਤੁਹਾਨੂੰ ਸਿਰਫ਼ |ਘਟਾਓ| ਦੇ ਸਵਾਲ ਮਿਲਣਗੇ।;Primești doar exerciții de |scădere|.;Будут только примеры на |вычитание|.;Dobijaš samo zadatke sa |oduzimanjem|.;ඔබට ලැබෙන්නේ |අඩු කිරීමේ| ගණන් පමණයි.;Dostaneš iba príklady na |odčítanie|.;Dobiš samo naloge z |odštevanjem|.;Solo tendrás ejercicios de |restas|.;Utapata maswali ya |kutoa| tu.;ඔබට ලැබෙන්නේ |අඩු කිරීමේ| ගණන් පමණයි.;|கழித்தல்| கணக்குகள் மட்டும் வரும்.;มีเฉพาะโจทย์ |การลบ|;ཁྱེད་ལ་ |འཐེན་རྩིས| ཁོ་ན་ཡོང་།;Dostaneš jen příklady na |odčítání|.;Yalnızca |çıkarma| soruları gelir.;آپ کو صرف |تفریق| کے سوال ملیں گے۔;Bạn chỉ nhận bài |phép trừ|.;Dim ond symiau |tynnu| gei di.;Будуць толькі прыклады на |адніманне|.;Uthola kuphela izibalo |zokususa|.;Du får bara tal med |subtraktion|.
modeIntro.subtraction.mixed %lld;;"Short bullet on the pre-game card. Keep it concise. Keep the placeholders exactly (%lld); the app fills them with numbers/text at runtime. You may reorder them to fit natural word order. |pipes| mark bold text (1 pair(s) here). Wrap the matching word(s) in your language in |pipes|, do not translate the pipes away. English is 48 characters. Try to stay close to that.";You subtract %lld |or less| from another number.;Je trekt steeds %lld |of lager| af van een ander getal.;Jy trek %lld |of minder| van ’n ander getal af.;I zbret %lld |ose më pak| një numri tjetër.;ከሌላ ቁጥር %lld |ወይም ያነሰ| ትቀንሳለህ።;تطرح %lld |أو أقل| من عدد آخر.;Մեկ այլ թվից հանում ես %lld |կամ պակաս|։;আন এটা সংখ্যাৰ পৰা %lld |বা কম| বিয়োগ কৰিবা।;Başqa ədəddən %lld |və ya az| çıxırsan.;%lld |edo gutxiago| kenduko diozu beste zenbaki bati.;অন্য একটি সংখ্যা থেকে %lld |বা কম| বিয়োগ করো।;အခြားဂဏန်းတစ်ခုထဲက %lld |သို့မဟုတ် အောက်| နုတ်မယ်။;Od drugog broja oduzimaš %lld |ili manje|.;Изваждаш %lld |или по-малко| от друго число.;Restes %lld |o menys| a un altre nombre.;从另一个数中减去 %lld |或更小| 的数。;Du trækker %lld |eller mindre| fra et andet tal.;Du ziehst %lld |oder weniger| von einer anderen Zahl ab.;Lahutad teisest arvust %lld |või vähem|.;Tú dregur %lld |ella minni| frá einum øðrum tali.;Vähennät toisesta luvusta enintään %lld |tai vähemmän|.;Tu soustrais %lld |ou moins| à un autre nombre.;Restas %lld |ou menos| a outro número.;სხვა რიცხვს აკლებ %lld-ს |ან ნაკლებს|.;Αφαιρείς %lld |ή λιγότερο| από έναν άλλο αριθμό.;તમે બીજા અંકમાંથી %lld |અથવા ઓછું| બાદ કરશો.;מחסרים %lld |או פחות| ממספר אחר.;तुम किसी संख्या में से %lld |या कम| घटाओगे।;Egy másik számból %lld-et |vagy kevesebbet| vonsz ki.;Baineann tú %lld |nó níos lú| ó uimhir eile.;Þú dregur %lld |eða minna| frá annarri tölu.;Kamu mengurangi angka lain dengan %lld |atau kurang|.;Sottrai %lld |o meno| da un altro numero.;ほかの数から%lld|以下|をひくよ。;ಇನ್ನೊಂದು ಸಂಖ್ಯೆಯಿಂದ %lld |ಅಥವಾ ಕಡಿಮೆ| ಕಳೆ.;Басқа саннан %lld |немесе одан аз| азайтасың.;អ្នកដក %lld |ឬតិចជាង| ពីចំនួនមួយទៀត។;다른 수에서 %lld |이하|를 빼요.;Od broja oduzimaš %lld |ili manje|.;ເຈົ້າລົບ %lld |ຫຼືຕ່ຳກວ່າ| ອອກຈາກອີກຈຳນວນໜຶ່ງ.;Tu atņem %lld |vai mazāk| no cita skaitļa.;Iš kito skaičiaus atimsi %lld |ar mažiau|.;Секогаш одземаш %lld |или помалку| од друг број.;Kamu tolak %lld |atau kurang| daripada nombor lain.;മറ്റൊരു സംഖ്യയിൽ നിന്ന് %lld |അല്ലെങ്കിൽ കുറവ്| കുറയ്ക്കൂ.;तू दुसऱ्या संख्येतून %lld |किंवा कमी| वजा करशील.;Өөр тооноос %lld |эсвэл бага| тоо хасна.;तिमी अर्को सङ्ख्याबाट %lld |वा कम| घटाउँछौ।;Du trekker %lld |eller mindre| fra et annet tall.;Ти віднімаєш %lld |або менше| від іншого числа.;ତୁମେ ଅନ୍ୟ ଏକ ସଂଖ୍ୟାରୁ %lld |କିମ୍ବା କମ୍| ବିୟୋଗ କରିବ।;باشقا بىر ساندىن %lld |ياكى تۆۋەن| ئالىسەن.;Boshqa sondan %lld |yoki kamroq| ayirasan.;هر بار %lld |یا کمتر| را از عددی دیگر کم می‌کنی.;Odejmujesz %lld |lub mniej| od innej liczby.;Subtrais %lld |ou menos| de outro número.;ਤੁਸੀਂ ਕਿਸੇ ਹੋਰ ਗਿਣਤੀ ਵਿੱਚੋਂ %lld |ਜਾਂ ਘੱਟ| ਘਟਾਓਗੇ।;Scazi %lld |sau mai puțin| dintr-un alt număr.;Ты вычитаешь %lld |или меньше| из другого числа.;Od drugog broja oduzimaš %lld |ili manje|.;ඔබ වෙනත් අංකයකින් %lld |හෝ අඩු| අඩු කරයි.;Od iného čísla odčítaš %lld |alebo menej|.;Od drugega števila odšteješ %lld |ali manj|.;Restas %lld |o menos| a otro número.;Unatoa %lld |au chini| kutoka nambari nyingine.;ඔබ වෙනත් අංකයකින් %lld |හෝ අඩු| අඩු කරයි.;மற்றொரு எண்ணிலிருந்து %lld |அல்லது குறைவாக| கழி.;ลบ %lld |หรือน้อยกว่า| ออกจากอีกจำนวน;གྲངས་གཞན་ཞིག་ནས་ %lld |ཡང་ན་དེ་ལས་ཆུང་| འཐེན།;Od jiného čísla odčítáš %lld |nebo méně|.;Başka bir sayıdan %lld |veya daha az| çıkarırsın.;آپ کسی عدد میں سے %lld |یا کم| منفی کریں گے۔;Bạn trừ %lld |hoặc ít hơn| khỏi một số khác.;Rwyt ti'n tynnu %lld |neu lai| o rif arall.;Ты аднімаеш %lld |ці менш| ад іншага ліку.;Ususa u-%lld |noma ngaphansi| kwenye inombolo.;Du tar bort %lld |eller mindre| från ett annat tal.
modeIntro.subtraction.order %lld;;"Short bullet on the pre-game card. Keep it concise. Keep the placeholders exactly (%lld); the app fills them with numbers/text at runtime. You may reorder them to fit natural word order. |pipes| mark bold text (1 pair(s) here). Wrap the matching word(s) in your language in |pipes|, do not translate the pipes away. English is 47 characters. Try to stay close to that.";You always subtract %lld in |descending order|.;Je trekt steeds %lld af in |aflopende volgorde|.;Jy trek altyd %lld in |dalende| volgorde af.;Gjithmonë zbret %lld në rend |zbritës|.;ሁልጊዜ %lldን በ|እየቀነሰ| ቅደም ተከተል ትቀንሳለህ።;تطرح دائمًا %lld بترتيب |تنازلي|.;Միշտ հանում ես %lld՝ |նվազման| հերթականությամբ։;তুমি সদায় %lld |অধঃক্ৰমত| বিয়োগ কৰিবা।;Həmişə %lld-i |azalan| sıra ilə çıxırsan.;Beti %lld kenduko duzu |beheranzko| ordenan.;তুমি সব সময় %lld |নিম্নক্রমে| বিয়োগ করবে।;%lld ကို |ကြီးမှငယ်| အစဉ်နဲ့ အမြဲနုတ်မယ်။;Uvijek oduzimaš %lld |silaznim| redom.;Винаги изваждаш %lld в |низходящ| ред.;Sempre restes %lld en ordre |descendent|.;每次减 %lld，按 |从大到小| 的顺序。;Du trækker altid %lld fra i |faldende| rækkefølge.;Du ziehst immer %lld in |absteigender| Reihenfolge ab.;Lahutad alati %lld |kahanevas| järjekorras.;Tú dregur altíð %lld frá í |minkandi| raðfylgju.;Vähennät aina %lld |laskevassa| järjestyksessä.;Tu soustrais toujours %lld dans l’ordre |décroissant|.;Sempre restas %lld en orde |descendente|.;ყოველთვის აკლებ %lld-ს |კლებად| რიგში.;Αφαιρείς πάντα %lld σε |φθίνουσα| σειρά.;તમે હંમેશા %lld ને |ઉતરતા| ક્રમમાં બાદ કરશો.;תמיד מחסרים %lld בסדר |יורד|.;तुम हमेशा %lld को |घटते| क्रम में घटाओगे।;Mindig %lld-et vonsz ki |csökkenő| sorrendben.;Baineann tú %lld i gcónaí in ord |íslitheach|.;Þú dregur alltaf %lld frá í |lækkandi| röð.;Kamu selalu mengurangi %lld dalam urutan |turun|.;Sottrai sempre %lld in ordine |decrescente|.;%lldずつ|大きい順|にひくよ。;ಯಾವಾಗಲೂ %lld ಅನ್ನು |ಇಳಿಕೆ| ಕ್ರಮದಲ್ಲಿ ಕಳೆ.;Әрдайым %lld санын |кему| ретімен азайтасың.;អ្នកតែងតែដក %lld តាមលំដាប់ |ចុះ|។;%lld씩 |내림차순|으로 빼요.;Uvijek oduzimaš %lld |silaznim| redom.;ເຈົ້າລົບ %lld ຕາມລຳດັບ |ຫຼຸດລົງ| ສະເໝີ.;Tu vienmēr atņem %lld |dilstošā| secībā.;Visada atimsi %lld |mažėjančia| tvarka.;Секогаш одземаш %lld по |опаѓачки| редослед.;Kamu sentiasa tolak %lld dalam urutan |menurun|.;%lld എപ്പോഴും |അവരോഹണ| ക്രമത്തിൽ കുറയ്ക്കൂ.;तू नेहमी %lld |उतरत्या| क्रमाने वजा करशील.;%lld-ыг үргэлж |буурах| дарааллаар хасна.;तिमी सधैं %lld लाई |घट्दो| क्रममा घटाउँछौ।;Du trekker alltid fra %lld i |synkende| rekkefølge.;Ти завжди віднімаєш %lld у |спадному| порядку.;ତୁମେ ସବୁବେଳେ |କମୁଥିବା| କ୍ରମରେ %lld ବିୟୋଗ କରିବ।;ھەمىشە %lld نى |تۆۋەنلەش| تەرتىپىدە ئالىسەن.;Har safar %lld ni |kamayish| tartibida ayirasan.;همیشه %lld را به ترتیب |نزولی| کم می‌کنی.;Zawsze odejmujesz %lld w kolejności |malejącej|.;Subtrais sempre %lld por ordem |decrescente|.;ਤੁਸੀਂ ਹਮੇਸ਼ਾ %lld ਨੂੰ |ਘਟਦੇ| ਕ੍ਰਮ ਵਿੱਚ ਘਟਾਓਗੇ।;Scazi mereu %lld în ordine |descrescătoare|.;Ты всегда вычитаешь %lld в |убывающем| порядке.;Uvek oduzimaš %lld |opadajućim| redom.;ඔබ හැමවිටම %lld |අවරෝහණ| පිළිවෙළට අඩු කරයි.;Vždy odčítaš %lld v |zostupnom| poradí.;Vedno odštevaš %lld v |padajočem| vrstnem redu.;Siempre restas %lld en orden |descendente|.;Daima unatoa %lld kwa mpangilio wa |kushuka|.;ඔබ හැමවිටම %lld |අවරෝහණ| පිළිවෙළට අඩු කරයි.;%lld ஐ எப்போதும் |இறங்குவரிசையில்| கழி.;ลบ %lld ตามลำดับ |จากมากไปน้อย|;ཁྱེད་ཀྱིས་རྟག་ཏུ་ %lld མར་འབབ་ཀྱི་ |གོ་རིམ| ནང་འཐེན།;Vždy odčítáš %lld v |sestupném| pořadí.;Her zaman %lld sayısını |azalan| sırayla çıkarırsın.;آپ ہمیشہ %lld کو |گھٹتی| ترتیب میں منفی کریں گے۔;Bạn luôn trừ %lld theo thứ tự |giảm dần|.;Rwyt ti bob amser yn tynnu %lld mewn trefn |ddisgynnol|.;Ты заўсёды аднімаеш %lld у |парадку змяншэння|.;Njalo ususa u-%lld ngokulandelana |okwehlayo|.;Du tar alltid bort %lld i |fallande| ordning.
modeIntro.subtraction.random %lld;;"Short bullet on the pre-game card. Keep it concise. Keep the placeholders exactly (%lld); the app fills them with numbers/text at runtime. You may reorder them to fit natural word order. |pipes| mark bold text (1 pair(s) here). Wrap the matching word(s) in your language in |pipes|, do not translate the pipes away. English is 48 characters. Try to stay close to that.";You always subtract %lld from a |random number|.;Je trekt steeds %lld af van een |willekeurig getal|.;Jy trek altyd %lld van ’n |lukrake| getal af.;Gjithmonë i zbret %lld një numri |të rastësishëm|.;ሁልጊዜ %lldን ከ|ዘፈቀደ| ቁጥር ትቀንሳለህ።;تطرح دائمًا %lld من عدد |عشوائي|.;Միշտ %lld ես հանում |պատահական| թվից։;তুমি সদায় এটা |যাদৃচ্ছিক| সংখ্যাৰ পৰা %lld বিয়োগ কৰিবা।;Həmişə %lld-i |təsadüfi| ədəddən çıxırsan.;Beti %lld kenduko diozu |ausazko| zenbaki bati.;তুমি সব সময় একটি |এলোমেলো| সংখ্যা থেকে %lld বিয়োগ করবে।;|ကျပန်း| ဂဏန်းတစ်ခုထဲက %lld အမြဲနုတ်မယ်။;Uvijek oduzimaš %lld od |nasumičnog| broja.;Винаги изваждаш %lld от |случайно| число.;Sempre restes %lld a un nombre |aleatori|.;每次从一个 |随机| 数中减去 %lld。;Du trækker altid %lld fra et |tilfældigt| tal.;Du ziehst immer %lld von einer |zufälligen| Zahl ab.;Lahutad alati %lld ühest |juhuslikust| arvust.;Tú dregur altíð %lld frá einum |tilvildarligum| tali.;Vähennät aina %lld |satunnaisesta| luvusta.;Tu soustrais toujours %lld à un nombre |aléatoire|.;Sempre restas %lld a un número |aleatorio|.;ყოველთვის აკლებ %lld-ს |შემთხვევით| რიცხვს.;Αφαιρείς πάντα %lld από έναν |τυχαίο| αριθμό.;તમે હંમેશા કોઈ |અવ્યવસ્થિત| અંકમાંથી %lld બાદ કરશો.;תמיד מחסרים %lld ממספר |אקראי|.;तुम हमेशा किसी |भी| संख्या में से %lld घटाओगे।;Mindig %lld-et vonsz ki egy |véletlen| számból.;Baineann tú %lld ó uimhir |randamach| i gcónaí.;Þú dregur alltaf %lld frá |handahófstölu|.;Kamu selalu mengurangi %lld dari angka |acak|.;Sottrai sempre %lld da un numero |casuale|.;|ランダム|な数から%lldをひくよ。;ಯಾವಾಗಲೂ |ಯಾದೃಚ್ಛಿಕ| ಸಂಖ್ಯೆಯಿಂದ %lld ಕಳೆ.;Әрдайым |кездейсоқ| саннан %lld азайтасың.;អ្នកតែងតែដក %lld ពីចំនួន |ចៃដន្យ| មួយ។;|무작위| 수에서 %lld를 빼요.;Uvijek oduzimaš %lld od |nasumičnog| broja.;ເຈົ້າລົບ %lld ອອກຈາກຈຳນວນ |ສຸ່ມ| ສະເໝີ.;Tu vienmēr atņem %lld no |nejauša| skaitļa.;Visada atimsi %lld iš |atsitiktinio| skaičiaus.;Секогаш одземаш %lld од |случаен| број.;Kamu sentiasa tolak %lld daripada nombor |rawak|.;ഒരു |ക്രമരഹിത| സംഖ്യയിൽ നിന്ന് %lld കുറയ്ക്കൂ.;तू नेहमी एका |यादृच्छिक| संख्येतून %lld वजा करशील.;%lld-ыг үргэлж |санамсаргүй| тооноос хасна.;तिमी सधैं एउटा |अनियमित| सङ्ख्याबाट %lld घटाउँछौ।;Du trekker alltid %lld fra et |tilfeldig| tall.;Ти завжди віднімаєш %lld від |випадкового| числа.;ତୁମେ ସବୁବେଳେ ଏକ |ଯାଦୃଚ୍ଛିକ| ସଂଖ୍ୟାରୁ %lld ବିୟୋଗ କରିବ।;ھەمىشە |ئىختىيارىي| ساندىن %lld ئالىسەن.;Har safar %lld ni |tasodifiy| sondan ayirasan.;همیشه %lld را از عددی |تصادفی| کم می‌کنی.;Zawsze odejmujesz %lld od |losowej| liczby.;Subtrais sempre %lld de um número |aleatório|.;ਤੁਸੀਂ ਹਮੇਸ਼ਾ ਇੱਕ |ਬੇਤਰਤੀਬ| ਗਿਣਤੀ ਵਿੱਚੋਂ %lld ਘਟਾਓਗੇ।;Scazi mereu %lld dintr-un număr |aleatoriu|.;Ты всегда вычитаешь %lld из |случайного| числа.;Uvek oduzimaš %lld od |nasumičnog| broja.;ඔබ හැමවිටම |අහඹු| අංකයකින් %lld අඩු කරයි.;Vždy odčítaš %lld od |náhodného| čísla.;Vedno odšteješ %lld od |naključnega| števila.;Siempre restas %lld a un número |aleatorio|.;Daima unatoa %lld kutoka nambari ya |nasibu|.;ඔබ හැමවිටම |අහඹු| අංකයකින් %lld අඩු කරයි.;ஒரு |சீரற்ற| எண்ணிலிருந்து %lld ஐக் கழி.;ลบ %lld ออกจากจำนวน |สุ่ม| เสมอ;ཁྱེད་ཀྱིས་རྟག་ཏུ་ |གང་བྱུང་| གྲངས་ཤིག་ནས་ %lld འཐེན།;Vždy odčítáš %lld od |náhodného| čísla.;Her zaman |rastgele| bir sayıdan %lld çıkarırsın.;آپ ہمیشہ کسی |بے ترتیب| عدد میں سے %lld منفی کریں گے۔;Bạn luôn trừ %lld khỏi một số |ngẫu nhiên|.;Rwyt ti bob amser yn tynnu %lld o rif |ar hap|.;Ты заўсёды аднімаеш %lld ад |выпадковага| ліку.;Njalo ususa u-%lld enombolweni |engahleliwe|.;Du tar alltid bort %lld från ett |slumpmässigt| tal.
modeIntro.subtraction.title %lld;;"Heading. Short and punchy. Keep the placeholders exactly (%lld); the app fills them with numbers/text at runtime. You may reorder them to fit natural word order. English is 18 characters. Try to stay close to that.";Subtraction · %lld;Aftrekken · %lld;Aftrek · %lld;Zbritje · %lld;መቀነስ · %lld;الطرح · %lld;Հանում · %lld;বিয়োগ · %lld;Çıxma · %lld;Kenketa · %lld;বিয়োগ · %lld;နုတ်ခြင်း · %lld;Oduzimanje · %lld;Изваждане · %lld;Resta · %lld;减法 · %lld;Subtraktion · %lld;Subtraktion · %lld;Lahutamine · %lld;Frádráttur · %lld;Vähennyslasku · %lld;Soustraction · %lld;Resta · %lld;გამოკლება · %lld;Αφαίρεση · %lld;બાદબાકી · %lld;חיסור · %lld;घटाव · %lld;Kivonás · %lld;Dealú · %lld;Frádráttur · %lld;Pengurangan · %lld;Sottrazione · %lld;ひき算・%lld;ಕಳೆಯುವಿಕೆ · %lld;Азайту · %lld;ដក · %lld;뺄셈 · %lld;Oduzimanje · %lld;ລົບ · %lld;Atņemšana · %lld;Atimtis · %lld;Одземање · %lld;Tolak · %lld;കുറയ്ക്കൽ · %lld;वजाबाकी · %lld;Хасах · %lld;घटाउ · %lld;Subtraksjon · %lld;Віднімання · %lld;ବିୟୋଗ · %lld;ئېلىش · %lld;Ayirish · %lld;تفریق · %lld;Odejmowanie · %lld;Subtração · %lld;ਘਟਾਓ · %lld;Scădere · %lld;Вычитание · %lld;Oduzimanje · %lld;අඩු කිරීම · %lld;Odčítanie · %lld;Odštevanje · %lld;Restas · %lld;Kutoa · %lld;අඩු කිරීම · %lld;கழித்தல் · %lld;การลบ · %lld;འཐེན་རྩིས · %lld;Odčítání · %lld;Çıkarma · %lld;تفریق · %lld;Phép trừ · %lld;Tynnu · %lld;Адніманне · %lld;Ukususa · %lld;Subtraktion · %lld
modeIntro.subtractionMix.b2 %lld;;"Short bullet on the pre-game card. Keep it concise. Keep the placeholders exactly (%lld); the app fills them with numbers/text at runtime. You may reorder them to fit natural word order. English is 33 characters. Try to stay close to that.";The first number is at most %lld.;Het eerste getal is maximaal %lld.;Die eerste getal is hoogstens %lld.;Numri i parë është maksimumi %lld.;የመጀመሪያው ቁጥር ከ%lld አይበልጥም።;العدد الأول لا يتجاوز %lld.;Առաջին թիվը առավելագույնը %lld է։;প্ৰথম সংখ্যাটো সৰ্বাধিক %lld।;Birinci ədəd ən çox %lld-dir.;Lehen zenbakia gehienez %lld da.;প্রথম সংখ্যা সর্বোচ্চ %lld।;ပထမဂဏန်းက အများဆုံး %lld ပါ။;Prvi broj je najviše %lld.;Първото число е най-много %lld.;El primer nombre és com a màxim %lld.;第一个数最大为 %lld。;Det første tal er højst %lld.;Die erste Zahl ist höchstens %lld.;Esimene arv on kuni %lld.;Fyrsta talið er í mesta lagi %lld.;Ensimmäinen luku on enintään %lld.;Le premier nombre est au maximum %lld.;O primeiro número é como máximo %lld.;პირველი რიცხვი მაქსიმუმ %lld-ია.;Ο πρώτος αριθμός είναι έως %lld.;પહેલો અંક વધુમાં વધુ %lld છે.;המספר הראשון הוא לכל היותר %lld.;पहली संख्या अधिकतम %lld होगी।;Az első szám legfeljebb %lld.;Is é %lld an chéad uimhir is mó.;Fyrri talan er í mesta lagi %lld.;Angka pertama paling besar %lld.;Il primo numero è al massimo %lld.;最初の数は最大%lldです。;ಮೊದಲ ಸಂಖ್ಯೆ ಗರಿಷ್ಠ %lld.;Бірінші сан ең көбі %lld.;ចំនួនទីមួយមិនលើសពី %lld។;첫 번째 수는 최대 %lld예요.;Prvi broj je najviše %lld.;ຈຳນວນທຳອິດສູງສຸດແມ່ນ %lld.;Pirmais skaitlis nav lielāks par %lld.;Pirmasis skaičius bus ne didesnis nei %lld.;Првиот број е најмногу %lld.;Nombor pertama paling banyak %lld.;ആദ്യ സംഖ്യ പരമാവധി %lld ആണ്.;पहिली संख्या जास्तीत जास्त %lld आहे.;Эхний тоо хамгийн ихдээ %lld.;पहिलो सङ्ख्या बढीमा %lld हुन्छ।;Det første tallet er høyst %lld.;Перше число не більше за %lld.;ପ୍ରଥମ ସଂଖ୍ୟା ସର୍ବାଧିକ %lld।;بىرىنچى سان ئەڭ كۆپ %lld.;Birinchi son ko‘pi bilan %lld.;عدد اول حداکثر %lld است.;Pierwsza liczba to najwyżej %lld.;O primeiro número é, no máximo, %lld.;ਪਹਿਲੀ ਗਿਣਤੀ ਵੱਧ ਤੋਂ ਵੱਧ %lld ਹੈ।;Primul număr este cel mult %lld.;Первое число не больше %lld.;Prvi broj je najviše %lld.;පළමු අංකය වැඩිම %lldයි.;Prvé číslo je najviac %lld.;Prvo število je največ %lld.;El primer número es como máximo %lld.;Nambari ya kwanza ni hadi %lld.;පළමු අංකය වැඩිම %lldයි.;முதல் எண் அதிகபட்சம் %lld.;จำนวนแรกไม่เกิน %lld;གྲངས་དང་པོ་མང་ཤོས་ %lld ཡིན།;První číslo je nejvýše %lld.;İlk sayı en fazla %lld olur.;پہلا عدد زیادہ سے زیادہ %lld ہوگا۔;Số đầu tiên không quá %lld.;Y rhif cyntaf yw %lld ar y mwyaf.;Першы лік не большы за %lld.;Inombolo yokuqala ayidluli ku-%lld.;Det första talet är högst %lld.
modeIntro.subtractionMix.belowZero.b2;;Short bullet on the pre-game card. Keep it concise. English is 29 characters. Try to stay close to that.;The answer may go below zero.;De uitkomst mag onder nul komen.;Die antwoord mag onder nul wees.;Përgjigjja mund të jetë nën zero.;መልሱ ከዜሮ በታች ሊሆን ይችላል።;قد تكون الإجابة أقل من صفر.;Պատասխանը կարող է զրոյից փոքր լինել։;উত্তৰ শূন্যৰ তললৈ যাব পাৰে।;Cavab sıfırdan kiçik ola bilər.;Emaitza zero azpitik joan daiteke.;উত্তর শূন্যের নিচেও যেতে পারে।;အဖြေက သုညအောက် ရောက်နိုင်တယ်။;Rezultat može biti manji od nule.;Отговорът може да е под нулата.;El resultat pot ser inferior a zero.;答案可以小于零。;Svaret må gerne være under nul.;Das Ergebnis darf kleiner als null sein.;Vastus võib minna alla nulli.;Svarið kann fara niður um null.;Vastaus voi mennä alle nollan.;La réponse peut être inférieure à zéro.;A resposta pode ser menor ca cero.;პასუხი შეიძლება ნულზე ნაკლები იყოს.;Η απάντηση μπορεί να είναι κάτω από το μηδέν.;જવાબ શૂન્યથી ઓછો હોઈ શકે.;התשובה יכולה להיות מתחת לאפס.;उत्तर शून्य से कम हो सकता है।;Az eredmény nulla alá is mehet.;Féadfaidh an freagra dul faoi bhun náid.;Svarið má fara niður fyrir núll.;Jawabannya boleh kurang dari nol.;Il risultato può scendere sotto zero.;答えが0より小さくなることもあるよ。;ಉತ್ತರ ಶೂನ್ಯಕ್ಕಿಂತ ಕಡಿಮೆಯಾಗಬಹುದು.;Жауап нөлден төмен болуы мүмкін.;ចម្លើយអាចតិចជាងសូន្យ។;답이 0보다 작을 수도 있어요.;Rezultat može biti manji od nule.;ຄຳຕອບອາດຕ່ຳກວ່າສູນ.;Atbilde drīkst būt zem nulles.;Atsakymas gali būti mažesnis už nulį.;Одговорот може да биде под нула.;Jawapan boleh kurang daripada sifar.;ഉത്തരം പൂജ്യത്തിന് താഴെയാകാം.;उत्तर शून्यापेक्षा कमी असू शकते.;Хариу тэгээс бага байж болно.;उत्तर शून्यभन्दा तल जान सक्छ।;Svaret kan bli mindre enn null.;Відповідь може бути меншою за нуль.;ଉତ୍ତର ଶୂନ୍ୟରୁ କମ୍ ହୋଇପାରେ।;جاۋاب نۆلدىن تۆۋەن بولسىمۇ بولىدۇ.;Javob noldan kichik bo‘lishi mumkin.;پاسخ می‌تواند کمتر از صفر شود.;Wynik może być mniejszy od zera.;A resposta pode ficar abaixo de zero.;ਜਵਾਬ ਸਿਫ਼ਰ ਤੋਂ ਹੇਠਾਂ ਜਾ ਸਕਦਾ ਹੈ।;Răspunsul poate fi mai mic decât zero.;Ответ может быть меньше нуля.;Rezultat može biti manji od nule.;පිළිතුර බිංදුවට වඩා අඩු විය හැක.;Výsledok môže byť menší ako nula.;Rezultat je lahko manjši od nič.;La respuesta puede ser menor que cero.;Jibu linaweza kuwa chini ya sifuri.;පිළිතුර බිංදුවට වඩා අඩු විය හැක.;விடை பூஜ்ஜியத்திற்குக் கீழே செல்லலாம்.;คำตอบอาจต่ำกว่าศูนย์;ལན་ཀླད་ཀོར་ལས་ཆུང་ཆོག;Výsledek může být menší než nula.;Cevap sıfırın altına düşebilir.;جواب صفر سے کم ہو سکتا ہے۔;Đáp án có thể nhỏ hơn 0.;Gall yr ateb fynd yn is na sero.;Адказ можа быць меншы за нуль.;Impendulo ingehla ngaphansi kuka-zero.;Svaret kan bli mindre än noll.
modeIntro.subtractionMix.belowZero.title;;Heading. Short and punchy. English is 10 characters. Try to stay close to that.;Below zero;Onder nul;Onder nul;Nën zero;ከዜሮ በታች;أقل من صفر;Զրոյից ցածր;শূন্যৰ তলত;Sıfırdan aşağı;Zero azpitik;শূন্যের নিচে;သုညအောက်;Ispod nule;Под нулата;Sota zero;小于零;Under nul;Unter null;Alla nulli;Undir null;Alle nollan;Sous zéro;Baixo cero;ნულზე ნაკლები;Κάτω από το μηδέν;શૂન્યથી નીચે;מתחת לאפס;शून्य से नीचे;Nulla alatt;Faoi bhun náid;Undir núlli;Di bawah nol;Sotto zero;0より小さい数;ಶೂನ್ಯಕ್ಕಿಂತ ಕಡಿಮೆ;Нөлден төмен;ក្រោមសូន្យ;0보다 작게;Ispod nule;ຕ່ຳກວ່າສູນ;Zem nulles;Žemiau nulio;Под нула;Bawah sifar;പൂജ്യത്തിന് താഴെ;शून्याखाली;Тэгээс доош;शून्यभन्दा तल;Under null;Нижче нуля;ଶୂନ୍ୟରୁ କମ୍;نۆلدىن تۆۋەن;Noldan past;زیر صفر;Poniżej zera;Abaixo de zero;ਸਿਫ਼ਰ ਤੋਂ ਹੇਠਾਂ;Sub zero;Ниже нуля;Ispod nule;බිංදුවට පහළ;Pod nulou;Pod ničlo;Bajo cero;Chini ya sifuri;බිංදුවට පහළ;பூஜ்ஜியத்திற்குக் கீழே;ต่ำกว่าศูนย์;ཀླད་ཀོར་ལས་ཆུང་།;Pod nulou;Sıfırın altı;صفر سے کم;Dưới 0;Is na sero;Ніжэй за нуль;Ngaphansi kuka-zero;Under noll
modeIntro.subtractionMix.title %lld;;"Heading. Short and punchy. Keep the placeholders exactly (%lld); the app fills them with numbers/text at runtime. You may reorder them to fit natural word order. English is 19 characters. Try to stay close to that.";Subtract up to %lld;Aftrekken tot %lld;Trek af tot %lld;Zbritje deri në %lld;እስከ %lld ቀንስ;الطرح حتى %lld;Հանում մինչև %lld;%lld লৈ বিয়োগ;%lld-ə qədər çıx;Kendu %lld arte;%lld পর্যন্ত বিয়োগ;%lld အထိ နုတ်ခြင်း;Oduzimanje do %lld;Изваждане до %lld;Resta fins a %lld;减到 %lld;Træk fra op til %lld;Subtrahieren bis %lld;Lahutamine kuni %lld;Drag frá upp í %lld;Vähennyslasku %lld asti;Soustraire jusqu’à %lld;Restar ata %lld;გამოკლება %lld-მდე;Αφαίρεση έως %lld;%lld સુધી બાદબાકી;חיסור עד %lld;%lld तक घटाव;Kivonás %lld-ig;Dealú go %lld;Dragðu frá upp í %lld;Kurangi sampai %lld;Sottrazioni fino a %lld;%lldまでのひき算;%lldರವರೆಗೆ ಕಳೆ;%lld-ге дейін азайту;ដកដល់ %lld;%lld까지 뺄셈;Oduzimanje do %lld;ລົບເຖິງ %lld;Atņem līdz %lld;Atimtis iki %lld;Одземање до %lld;Tolak hingga %lld;%lld വരെ കുറയ്ക്കൽ;%lld पर्यंत वजाबाकी;%lld хүртэл хасах;%lld सम्म घटाउ;Trekk fra til %lld;Віднімання до %lld;%lld ପର୍ଯ୍ୟନ୍ତ ବିୟୋଗ;%lld گىچە ئېلىش;%lld gacha ayirish;تفریق تا %lld;Odejmowanie do %lld;Subtrair até %lld;%lld ਤੱਕ ਘਟਾਓ;Scăderi până la %lld;Вычитание до %lld;Oduzimanje do %lld;%lld දක්වා අඩු කරන්න;Odčítanie do %lld;Odštevaj do %lld;Restar hasta %lld;Toa hadi %lld;%lld දක්වා අඩු කරන්න;%lld வரை கழித்தல்;ลบไม่เกิน %lld;%lld བར་འཐེན།;Odčítání do %lld;%lld'ye kadar çıkar;%lld تک تفریق;Trừ đến %lld;Tynnu hyd at %lld;Адніманне да %lld;Susa kuze kufike ku-%lld;Subtrahera upp till %lld
modeIntro.subtractionMix.twoNumbers;;Short bullet on the pre-game card. Keep it concise. English is 29 characters. Try to stay close to that.;Keep subtracting two numbers.;Trek steeds twee getallen van elkaar af.;Trek elke keer twee getalle van mekaar af.;Vazhdo të zbresësh dy numra.;ሁለት ቁጥሮችን መቀነስህን ቀጥል።;اطرح عددين في كل مرة.;Շարունակ հանիր երկու թվերը։;দুটা সংখ্যা বিয়োগ কৰি যোৱা।;İki ədədi bir-birindən çıx.;Bi zenbaki kentzen jarraitu.;দুটি সংখ্যা বারবার বিয়োগ করো।;ဂဏန်းနှစ်ခုကို ဆက်နုတ်ပါ။;Stalno oduzimaj dva broja.;Изваждай по две числа.;Continua restant dos nombres.;不断用一个数减去另一个数。;Træk to tal fra hinanden igen og igen.;Subtrahiere immer zwei Zahlen.;Lahuta aina kaks arvu.;Drag tvey tøl frá hvørjum øðrum.;Vähennä aina kaksi lukua toisistaan.;Soustrais toujours deux nombres.;Segue restando dous números.;ყოველ ჯერზე ერთი რიცხვი მეორეს გამოაკელი.;Αφαίρεσε ξανά και ξανά δύο αριθμούς.;બે અંકોને બાદ કરતા રહો.;חסרו בכל פעם שני מספרים.;दो संख्याओं को घटाते रहो।;Mindig két számot vonj ki egymásból.;Lean ort ag baint uimhir amháin ó uimhir eile.;Dragðu alltaf eina tölu frá annarri.;Terus kurangkan dua angka.;Sottrai sempre due numeri.;2つの数をひいていこう。;ಎರಡು ಸಂಖ್ಯೆಗಳನ್ನು ಮತ್ತೆ ಮತ್ತೆ ಕಳೆ.;Екі санды бір-бірінен азайта бер.;ដកចំនួនពីរពីគ្នាបន្តបន្ទាប់។;두 수를 계속 빼요.;Stalno oduzimaj dva broja.;ລົບສອງຈຳນວນຕໍ່ໄປ.;Turpini atņemt vienu skaitli no otra.;Vis atimk vieną skaičių iš kito.;Постојано одземај два броја.;Terus tolak dua nombor.;രണ്ട് സംഖ്യകൾ കുറച്ചുകൊണ്ടിരിക്കുക.;दोन संख्यांची वजाबाकी करत राहा.;Хоёр тоог хооронд нь хасаарай.;दुई सङ्ख्या घटाइराख।;Trekk to tall fra hverandre om gangen.;Віднімай одне число від іншого.;ଦୁଇଟି ସଂଖ୍ୟାକୁ ବିୟୋଗ କରି ଚାଲ।;ئىككى ساننى داۋاملىق بىر-بىرىدىن ئال.;Ikki sonni bir-biridan ayir.;دو عدد را از هم کم کن.;Odejmuj od siebie dwie liczby.;Continua a subtrair dois números.;ਦੋ ਗਿਣਤੀਆਂ ਨੂੰ ਘਟਾਉਂਦੇ ਰਹੋ।;Scade mereu două numere.;Вычитай одно число из другого.;Oduzimaj po dva broja.;අංක දෙක බැගින් අඩු කරන්න.;Stále odčítavaj dve čísla.;Odštevaj po dve števili.;Sigue restando dos números.;Endelea kutoa nambari mbili.;අංක දෙක බැගින් අඩු කරන්න.;இரண்டு எண்களை தொடர்ந்து கழி.;ลบสองจำนวนออกจากกัน;གྲངས་གཉིས་ཕན་ཚུན་འཐེན།;Stále odčítej dvě čísla.;İki sayıyı çıkarmaya devam et.;دو اعداد کو منفی کرتے رہیں۔;Trừ hai số cho nhau.;Dalia ati i dynnu un rhif o'r llall.;Аднімай адзін лік ад другога.;Qhubeka ususa izinombolo ezimbili.;Subtrahera två tal.
modeIntro.super.b2 %lld;;"Short bullet on the pre-game card. Keep it concise. Keep the placeholders exactly (%lld); the app fills them with numbers/text at runtime. You may reorder them to fit natural word order. |pipes| mark bold text (1 pair(s) here). Wrap the matching word(s) in your language in |pipes|, do not translate the pipes away. English is 74 characters. Try to stay close to that.";The difficulty can increase up to |level %lld| for each selected category.;De moeilijkheid kan oplopen tot |level %lld| van elk geselecteerd onderdeel.;Die moeilikheid kan tot |vlak %lld| vir elke gekose afdeling styg.;Vështirësia mund të rritet deri në |nivelin %lld| për çdo kategori të zgjedhur.;ለእያንዳንዱ የተመረጠ ዓይነት አስቸጋሪነቱ እስከ |ደረጃ %lld| ሊጨምር ይችላል።;قد ترتفع الصعوبة حتى |المستوى %lld| لكل فئة مختارة.;Յուրաքանչյուր ընտրված բաժնի դժվարությունը կարող է հասնել մինչև |%lld մակարդակ|։;বাছনি কৰা প্ৰতিটো ভাগত কঠিনতা |লেভেল %lld| লৈ বাঢ়িব পাৰে।;Hər seçilmiş bölmədə çətinlik |%lld-ci səviyyəyə| qədər arta bilər.;Zailtasuna hautatutako atal bakoitzeko |%lld. mailara| igo daiteke.;প্রতিটি বাছাই করা বিষয়ে কঠিনতা |লেভেল %lld| পর্যন্ত বাড়তে পারে।;ရွေးထားတဲ့ အမျိုးအစားတစ်ခုစီမှာ ခက်ခဲမှုက |အဆင့် %lld| အထိ တိုးနိုင်တယ်။;Težina može rasti do |nivoa %lld| za svaku izabranu kategoriju.;Трудността може да стигне до |ниво %lld| за всяка избрана категория.;La dificultat pot pujar fins al |nivell %lld| de cada categoria triada.;每个所选类型的难度最高可到 |第 %lld 关|。;Sværhedsgraden kan stige til |bane %lld| i hver valgt kategori.;Die Schwierigkeit kann in jedem gewählten Bereich bis |Level %lld| steigen.;Iga valitud teema raskus võib tõusta kuni |tasemeni %lld|.;Torleikastøðið kann vaksa upp í |stig %lld| fyri hvønn valdan bólk.;Vaikeus voi nousta jokaisessa valitussa aiheessa |tasolle %lld|.;La difficulté peut monter jusqu’au |niveau %lld| pour chaque catégorie choisie.;A dificultade pode subir ata o |nivel %lld| en cada categoría escollida.;სირთულე თითოეულ არჩეულ კატეგორიაში შეიძლება |%lld დონემდე| გაიზარდოს.;Η δυσκολία μπορεί να φτάσει έως το |επίπεδο %lld| για κάθε επιλεγμένη κατηγορία.;દરેક પસંદ કરેલા વિષયમાં મુશ્કેલી |લેવલ %lld| સુધી વધી શકે.;רמת הקושי יכולה לעלות עד |שלב %lld| בכל נושא שנבחר.;हर चुनी श्रेणी की कठिनाई |स्तर %lld| तक बढ़ सकती है।;A nehézség minden kiválasztott témában legfeljebb a(z) |%lld. szintig| nőhet.;Féadfaidh an deacracht ardú go |leibhéal %lld| i ngach catagóir roghnaithe.;Erfiðleikinn getur aukist upp í |borð %lld| í hverjum völdum flokki.;Tingkat kesulitan bisa naik hingga |level %lld| untuk setiap kategori yang dipilih.;La difficoltà può salire fino al |livello %lld| per ogni categoria scelta.;えらんだしゅるいごとに、むずかしさは|レベル%lld|まで上がります。;ಆಯ್ದ ಪ್ರತಿ ವಿಷಯದ ಕಷ್ಟವು |ಹಂತ %lld|ರವರೆಗೆ ಹೆಚ್ಚಬಹುದು.;Әр таңдалған бөлімнің қиындығы |%lld-деңгейге| дейін өсуі мүмкін.;កម្រិតលំបាកអាចឡើងដល់ |កម្រិត %lld| សម្រាប់ប្រភេទដែលបានជ្រើសនីមួយៗ។;선택한 각 항목은 |레벨 %lld|까지 어려워질 수 있어요.;Težina može rasti do |razine %lld| za svaku odabranu kategoriju.;ຄວາມຍາກອາດເພີ່ມເຖິງ |ດ່ານ %lld| ສຳລັບແຕ່ລະໝວດທີ່ເລືອກ.;Grūtība katrā izvēlētajā sadaļā var pieaugt līdz |%lld. līmenim|.;Kiekvienos pasirinktos temos sunkumas gali kilti iki |%lld lygio|.;Тежината може да се зголеми до |ниво %lld| за секоја избрана категорија.;Kesukaran boleh meningkat hingga |tahap %lld| bagi setiap kategori dipilih.;തിരഞ്ഞെടുത്ത ഓരോ വിഭാഗത്തിലും ബുദ്ധിമുട്ട് |ലെവൽ %lld| വരെ ഉയരാം.;प्रत्येक निवडलेल्या प्रकाराची कठीणपणा |स्तर %lld| पर्यंत वाढू शकतो.;Сонгосон төрөл бүрийн хэцүү байдал |%lld-р түвшин| хүртэл нэмэгдэнэ.;हरेक छानिएको भागको कठिनाइ |लेभल %lld| सम्म बढ्न सक्छ।;Vanskelighetsgraden kan øke til |nivå %lld| i hver valgt kategori.;Складність може зростати до |рівня %lld| для кожної вибраної категорії.;ବାଛିଥିବା ପ୍ରତ୍ୟେକ ବିଷୟର କଠିନତା |ଲେଭେଲ୍ %lld| ପର୍ଯ୍ୟନ୍ତ ବଢ଼ିପାରେ।;ھەر بىر تاللانغان تۈردە قىيىنلىق |%lld-دەرىجە|گىچە ئۆسەلەيدۇ.;Har bir tanlangan bo‘limda qiyinlik |%lld-bosqich|gacha oshishi mumkin.;سختی هر بخش انتخاب‌شده می‌تواند تا |مرحلهٔ %lld| بالا برود.;Trudność może wzrosnąć do |poziomu %lld| w każdej wybranej kategorii.;A dificuldade pode aumentar até ao |nível %lld| em cada categoria escolhida.;ਹਰ ਚੁਣੀ ਸ਼੍ਰੇਣੀ ਦੀ ਔਖਾਈ |ਲੈਵਲ %lld| ਤੱਕ ਵੱਧ ਸਕਦੀ ਹੈ।;Dificultatea poate crește până la |nivelul %lld| pentru fiecare categorie aleasă.;Сложность каждой выбранной темы может расти до |уровня %lld|.;Težina može da raste do |nivoa %lld| za svaku izabranu oblast.;තෝරාගත් එක් එක් වර්ගයේ අපහසුතාව |මට්ටම %lld| දක්වා වැඩි විය හැක.;Náročnosť môže pri každej vybratej kategórii stúpnuť až na |úroveň %lld|.;Težavnost se lahko za vsako izbrano področje poveča do |stopnje %lld|.;La dificultad puede subir hasta el |nivel %lld| en cada categoría elegida.;Ugumu unaweza kuongezeka hadi |kiwango cha %lld| kwa kila aina uliyochagua.;තෝරාගත් එක් එක් වර්ගයේ අපහසුතාව |මට්ටම %lld| දක්වා වැඩි විය හැක.;தேர்ந்தெடுத்த ஒவ்வொரு வகையிலும் கடினம் |நிலை %lld| வரை உயரலாம்.;ความยากเพิ่มได้ถึง |ด่าน %lld| ในแต่ละหมวดที่เลือก;བདམས་པའི་རིགས་རེའི་དཀའ་ཚད་ |རིམ་པ་ %lld| བར་འཕར་ཆོག;Obtížnost může u každé vybrané kategorie stoupnout až na |úroveň %lld|.;Her seçili bölümün zorluğu |%lld. seviyeye| kadar çıkabilir.;ہر منتخب قسم میں مشکل |لیول %lld| تک بڑھ سکتی ہے۔;Độ khó có thể tăng đến |cấp %lld| cho mỗi mục đã chọn.;Gall yr anhawster gynyddu hyd at |lefel %lld| ar gyfer pob categori a ddewiswyd.;Складанасць кожнай выбранай тэмы можа вырасці да |ўзроўню %lld|.;Ubunzima bungakhuphukela ku-|leveli %lld| esigabeni ngasinye esikhethiwe.;Svårigheten kan öka till |nivå %lld| för varje vald kategori.
modeIntro.superAll.b1;;Short bullet on the pre-game card. Keep it concise. English is 77 characters. Try to stay close to that.;Practice adding, subtracting, tables, fractions and percentages all mixed up.;Oefen optellen, aftrekken, tafels, breuken en procenten door elkaar.;Oefen optel, aftrek, maaltafels, breuke en persentasies deurmekaar.;Ushtro mbledhjen, zbritjen, tabelat, thyesat dhe përqindjet të përziera.;መደመር፣ መቀነስ፣ የማባዛት ሰንጠረዦች፣ ክፍልፋዮች እና መቶኛዎችን ደባልቀህ ተለማመድ።;تدرّب على الجمع والطرح والجداول والكسور والنسب معًا.;Փորձիր գումարում, հանում, աղյուսակներ, կոտորակներ և տոկոսներ՝ խառը։;যোগ, বিয়োগ, নামতা, ভগ্নাংশ আৰু শতাংশ মিহলাই অভ্যাস কৰা।;Toplama, çıxma, vurma cədvəlləri, kəsrlər və faizləri qarışıq məşq et.;Praktikatu batuketak, kenketak, taulak, zatikiak eta ehunekoak nahasita.;যোগ, বিয়োগ, নামতা, ভগ্নাংশ ও শতকরা মিলিয়ে অনুশীলন করো।;ပေါင်း၊ နုတ်၊ မြှောက်ကိန်းဇယား၊ အပိုင်းကိန်းနဲ့ ရာခိုင်နှုန်းတွေကို ရောစပ်လေ့ကျင့်ပါ။;Vježbaj sabiranje, oduzimanje, tablice, razlomke i postotke, sve pomiješano.;Упражнявай събиране, изваждане, таблици, дроби и проценти, разбъркани заедно.;Practica sumes, restes, taules, fraccions i percentatges, tot barrejat.;混合练习加法、减法、乘法表、分数和百分数。;Øv addition, subtraktion, tabeller, brøker og procenter blandet sammen.;Übe Addition, Subtraktion, Reihen, Brüche und Prozente bunt gemischt.;Harjuta läbisegi liitmist, lahutamist, korrutustabeleid, murde ja protsente.;Ven samlegging, frádrátt, tabellir, brot og prosent hvørt um annað.;Harjoittele yhteen- ja vähennyslaskua, kertotauluja, murtolukuja ja prosentteja sekaisin.;Entraîne-toi avec des additions, soustractions, tables, fractions et pourcentages mélangés.;Practica sumas, restas, táboas, fraccións e porcentaxes mesturadas.;ივარჯიშე მიმატებაში, გამოკლებაში, ტაბულებში, წილადებსა და პროცენტებში — ყველაფერი არეულად.;Εξασκήσου σε πρόσθεση, αφαίρεση, προπαίδεια, κλάσματα και ποσοστά, όλα μαζί.;સરવાળો, બાદબાકી, પાડા, અપૂર્ણાંક અને ટકાવારી બધું મિશ્ર કરીને અભ્યાસ કરો.;תרגלו חיבור, חיסור, לוחות כפל, שברים ואחוזים בערבוביה.;जोड़, घटाव, पहाड़े, भिन्न और प्रतिशत सब मिलाकर अभ्यास करो।;Gyakorold vegyesen az összeadást, kivonást, szorzótáblákat, törteket és százalékokat.;Cleachtaigh suimiú, dealú, táblaí, codáin agus céatadáin measctha le chéile.;Æfðu samlagningu, frádrátt, margföldun, brot og prósentur í bland.;Latih penjumlahan, pengurangan, perkalian, pecahan, dan persentase secara campur.;Allenati con addizioni, sottrazioni, tabelline, frazioni e percentuali tutte insieme.;たし算、ひき算、九九、分数、パーセントをまぜてれんしゅうしよう。;ಕೂಡಿಸುವಿಕೆ, ಕಳೆಯುವಿಕೆ, ಪಟ್ಟಿಗಳು, ಭಿನ್ನರಾಶಿಗಳು ಮತ್ತು ಶೇಕಡಾವಾರನ್ನು ಮಿಶ್ರವಾಗಿ ಅಭ್ಯಾಸ ಮಾಡು.;Қосу, азайту, көбейту кестесі, бөлшектер мен пайыздарды араластырып жаттық.;ហាត់បូក ដក តារាងគុណ ប្រភាគ និងភាគរយលាយគ្នា។;덧셈, 뺄셈, 구구단, 분수, 백분율을 모두 섞어 연습해요.;Vježbaj zbrajanje, oduzimanje, tablice, razlomke i postotke, sve pomiješano.;ຝຶກບວກ, ລົບ, ສູດຄູນ, ເສດສ່ວນ ແລະ ເປີເຊັນປະສົມກັນ.;Trenē saskaitīšanu, atņemšanu, reizināšanu, daļskaitļus un procentus jauktā secībā.;Treniruok sudėtį, atimtį, daugybos lenteles, trupmenas ir procentus – viską kartu.;Вежбај измешани задачи со собирање, одземање, таблици, дропки и проценти.;Latih tambah, tolak, sifir, pecahan dan peratus secara campur.;കൂട്ടൽ, കുറയ്ക്കൽ, ഗുണനപ്പട്ടികകൾ, ഭിന്നങ്ങൾ, ശതമാനങ്ങൾ എല്ലാം കലർത്തി പരിശീലിക്കൂ.;बेरीज, वजाबाकी, पाढे, अपूर्णांक आणि टक्केवारी सगळे मिसळून सराव कर.;Нэмэх, хасах, хүрд, бутархай, хувийг хольж давт.;जोड, घटाउ, गुणन तालिका, भिन्न र प्रतिशत मिसाएर अभ्यास गर।;Øv på addisjon, subtraksjon, gangetabeller, brøker og prosent i en miks.;Тренуй додавання, віднімання, таблиці, дроби й відсотки впереміш.;ଯୋଗ, ବିୟୋଗ, ନାମତା, ଭଗ୍ନାଂଶ ଓ ଶତକଡ଼ାକୁ ମିଶାଇ ଅଭ୍ୟାସ କର।;قوشۇش، ئېلىش، كۆپەيتىش جەدۋىلى، كەسىر ۋە پىرسەنتنى ئارىلاشتۇرۇپ مەشىق قىل.;Qo‘shish, ayirish, ko‘paytirish jadvallari, kasrlar va foizlarni aralash mashq qil.;جمع، تفریق، جدول ضرب، کسر و درصد را با هم تمرین کن.;Ćwicz razem dodawanie, odejmowanie, tabliczkę, ułamki i procenty.;Pratica adição, subtração, tabuadas, frações e percentagens, tudo misturado.;ਜੋੜ, ਘਟਾਓ, ਪਹਾੜੇ, ਭਿੰਨਾਂ ਅਤੇ ਪ੍ਰਤੀਸ਼ਤ ਸਭ ਮਿਲਾ ਕੇ ਅਭਿਆਸ ਕਰੋ।;Exersează adunări, scăderi, înmulțiri, fracții și procente, toate amestecate.;Тренируй сложение, вычитание, таблицы, дроби и проценты вперемешку.;Vežbaj sabiranje, oduzimanje, tablice, razlomke i procente, sve pomešano.;එකතු කිරීම, අඩු කිරීම, ගුණන වගු, භාග සහ ප්‍රතිශත මිශ්‍රව පුහුණු වන්න.;Trénuj sčítanie, odčítanie, násobilku, zlomky a percentá v jednom mixe.;Vadi seštevanje, odštevanje, poštevanko, ulomke in odstotke, vse pomešano.;Practica sumas, restas, tablas, fracciones y porcentajes, todo mezclado.;Fanya mazoezi ya kujumlisha, kutoa, majedwali, sehemu na asilimia kwa mchanganyiko.;එකතු කිරීම, අඩු කිරීම, ගුණන වගු, භාග සහ ප්‍රතිශත මිශ්‍රව පුහුණු වන්න.;கூட்டல், கழித்தல், வாய்ப்பாடுகள், பின்னங்கள், சதவீதங்கள் அனைத்தையும் கலந்து பயிற்சி செய்.;ฝึกบวก ลบ สูตรคูณ เศษส่วน และเปอร์เซ็นต์แบบคละกัน;སྣོན། འཐེན། སྒྱུར། ཆ་ཤས་དང་བརྒྱ་ཆ་ཚང་མ་འདྲེས་ནས་སྦྱོངས།;Procvičuj sčítání, odčítání, násobilku, zlomky a procenta dohromady.;Toplama, çıkarma, çarpım tabloları, kesirler ve yüzdeleri karışık çalış.;جمع، تفریق، پہاڑے، کسریں اور فی صد ملا کر مشق کریں۔;Luyện cộng, trừ, bảng nhân, phân số và phần trăm lẫn nhau.;Ymarfer adio, tynnu, tablau, ffracsiynau a chanrannau i gyd yn gymysg.;Трэніруй складанне, адніманне, табліцы, дробы і працэнты ўперамешку.;Zijwayeze ukuhlanganisa, ukususa, amathebula, amaqhezu namaphesenti kuxubile.;Öva på addition, subtraktion, tabeller, bråk och procent blandat.
modeIntro.superAll.title %lld;;"Heading. Short and punchy. Keep the placeholders exactly (%lld); the app fills them with numbers/text at runtime. You may reorder them to fit natural word order. English is 13 characters. Try to stay close to that.";Supermix %lld;Supermix %lld;Supermengsel %lld;Supermix %lld;ሱፐርሚክስ %lld;المزيج الكبير %lld;Սուպերխառնուրդ %lld;ছুপাৰমিক্স %lld;Superqarışıq %lld;Supermix %lld;সুপারমিক্স %lld;စူပါပေါင်းစပ် %lld;Supermiks %lld;Супермикс %lld;Supermix %lld;超级混合 %lld;Supermix %lld;Supermix %lld;Supermix %lld;Superbland %lld;Supermix %lld;Supermix %lld;Supermix %lld;სუპერმიქსი %lld;Σούπερ μίξη %lld;સુપરમિક્સ %lld;סופרמיקס %lld;सुपरमिक्स %lld;Szupermix %lld;Sármheascán %lld;Ofurblanda %lld;Supermix %lld;Supermix %lld;スーパーミックス%lld;ಸೂಪರ್‌ಮಿಕ್ಸ್ %lld;Супераралас %lld;លាយធំ %lld;슈퍼믹스 %lld;Supermiks %lld;ຊຸບເປີມິກ %lld;Supermikss %lld;Supermix %lld;Супермикс %lld;Supermix %lld;സൂപ്പർമിക്സ് %lld;सुपरमिक्स %lld;Супермикс %lld;सुपरमिक्स %lld;Supermiks %lld;Супермікс %lld;ସୁପରମିକ୍ସ %lld;دەرىجىدىن تاشقىرى ئارىلاش %lld;Supermix %lld;ترکیب ویژه %lld;Supermix %lld;Supermix %lld;ਸੁਪਰਮਿਕਸ %lld;Supermix %lld;Супермикс %lld;Supermiks %lld;සුපිරි මිශ්‍රණය %lld;Supermix %lld;Supermešanica %lld;Supermix %lld;Mchanganyiko %lld;සුපිරි මිශ්‍රණය %lld;சூப்பர் கலவை %lld;ซูเปอร์มิกซ์ %lld;རྩིས་འདྲེས་ཆེན་མོ་ %lld;Supermix %lld;Süper karışım %lld;سپر مکس %lld;Siêu trộn %lld;Supermix %lld;Супермікс %lld;Ingxube enkulu %lld;Supermix %lld
modeIntro.superBasic.b1;;Short bullet on the pre-game card. Keep it concise. English is 45 characters. Try to stay close to that.;Practice adding and subtracting all mixed up.;Oefen optellen en aftrekken door elkaar.;Oefen optel en aftrek deurmekaar.;Ushtro mbledhjen dhe zbritjen të përziera.;መደመርና መቀነስን ደባልቀህ ተለማመድ።;تدرّب على الجمع والطرح معًا.;Փորձիր գումարում և հանում՝ խառը։;যোগ আৰু বিয়োগ মিহলাই অভ্যাস কৰা।;Toplama və çıxmanı qarışıq məşq et.;Praktikatu batuketak eta kenketak nahasita.;যোগ ও বিয়োগ মিলিয়ে অনুশীলন করো।;ပေါင်းနဲ့ နုတ်ကို ရောစပ်လေ့ကျင့်ပါ။;Vježbaj sabiranje i oduzimanje, sve pomiješano.;Упражнявай събиране и изваждане, разбъркани заедно.;Practica sumes i restes, tot barrejat.;混合练习加法和减法。;Øv addition og subtraktion blandet sammen.;Übe Addition und Subtraktion bunt gemischt.;Harjuta liitmist ja lahutamist läbisegi.;Ven samlegging og frádrátt hvørt um annað.;Harjoittele yhteen- ja vähennyslaskua sekaisin.;Entraîne-toi avec des additions et des soustractions mélangées.;Practica sumas e restas mesturadas.;ივარჯიშე მიმატებასა და გამოკლებაში — ყველაფერი არეულად.;Εξασκήσου σε πρόσθεση και αφαίρεση, όλα μαζί.;સરવાળો અને બાદબાકી મિશ્ર કરીને અભ્યાસ કરો.;תרגלו חיבור וחיסור בערבוביה.;जोड़ और घटाव मिलाकर अभ्यास करो।;Gyakorold vegyesen az összeadást és a kivonást.;Cleachtaigh suimiú agus dealú measctha le chéile.;Æfðu samlagningu og frádrátt í bland.;Latih penjumlahan dan pengurangan secara campur.;Allenati con addizioni e sottrazioni tutte insieme.;たし算とひき算をまぜてれんしゅうしよう。;ಕೂಡಿಸುವಿಕೆ ಮತ್ತು ಕಳೆಯುವಿಕೆಯನ್ನು ಮಿಶ್ರವಾಗಿ ಅಭ್ಯಾಸ ಮಾಡು.;Қосу мен азайтуды араластырып жаттық.;ហាត់បូក និងដកលាយគ្នា។;덧셈과 뺄셈을 섞어 연습해요.;Vježbaj zbrajanje i oduzimanje, sve pomiješano.;ຝຶກບວກ ແລະ ລົບປະສົມກັນ.;Trenē saskaitīšanu un atņemšanu jauktā secībā.;Treniruok sudėtį ir atimtį kartu.;Вежбај измешани задачи со собирање и одземање.;Latih tambah dan tolak secara campur.;കൂട്ടലും കുറയ്ക്കലും കലർത്തി പരിശീലിക്കൂ.;बेरीज आणि वजाबाकी मिसळून सराव कर.;Нэмэх, хасахыг хольж давт.;जोड र घटाउ मिसाएर अभ्यास गर।;Øv på addisjon og subtraksjon i en miks.;Тренуй додавання й віднімання впереміш.;ଯୋଗ ଓ ବିୟୋଗକୁ ମିଶାଇ ଅଭ୍ୟାସ କର।;قوشۇش ۋە ئېلىشنى ئارىلاشتۇرۇپ مەشىق قىل.;Qo‘shish va ayirishni aralash mashq qil.;جمع و تفریق را با هم تمرین کن.;Ćwicz razem dodawanie i odejmowanie.;Pratica adição e subtração, tudo misturado.;ਜੋੜ ਅਤੇ ਘਟਾਓ ਮਿਲਾ ਕੇ ਅਭਿਆਸ ਕਰੋ।;Exersează adunări și scăderi amestecate.;Тренируй сложение и вычитание вперемешку.;Vežbaj sabiranje i oduzimanje, sve pomešano.;එකතු කිරීම සහ අඩු කිරීම මිශ්‍රව පුහුණු වන්න.;Trénuj sčítanie a odčítanie v jednom mixe.;Vadi seštevanje in odštevanje, vse pomešano.;Practica sumas y restas mezcladas.;Fanya mazoezi ya kujumlisha na kutoa kwa mchanganyiko.;එකතු කිරීම සහ අඩු කිරීම මිශ්‍රව පුහුණු වන්න.;கூட்டலையும் கழித்தலையும் கலந்து பயிற்சி செய்.;ฝึกบวกและลบแบบคละกัน;སྣོན་རྩིས་དང་འཐེན་རྩིས་འདྲེས་ནས་སྦྱོངས།;Procvičuj sčítání a odčítání dohromady.;Toplama ve çıkarmayı karışık çalış.;جمع اور تفریق ملا کر مشق کریں۔;Luyện cộng và trừ lẫn nhau.;Ymarfer adio a thynnu yn gymysg.;Трэніруй складанне і адніманне ўперамешку.;Zijwayeze ukuhlanganisa nokususa kuxubile.;Öva på addition och subtraktion blandat.
modeIntro.superBasic.title %lld;;"Heading. Short and punchy. Keep the placeholders exactly (%lld); the app fills them with numbers/text at runtime. You may reorder them to fit natural word order. English is 13 characters. Try to stay close to that.";Supermix %lld;Supermix %lld;Supermengsel %lld;Supermix %lld;ሱፐርሚክስ %lld;المزيج الكبير %lld;Սուպերխառնուրդ %lld;ছুপাৰমিক্স %lld;Superqarışıq %lld;Supermix %lld;সুপারমিক্স %lld;စူပါပေါင်းစပ် %lld;Supermiks %lld;Супермикс %lld;Supermix %lld;超级混合 %lld;Supermix %lld;Supermix %lld;Supermix %lld;Superbland %lld;Supermix %lld;Supermix %lld;Supermix %lld;სუპერმიქსი %lld;Σούπερ μίξη %lld;સુપરમિક્સ %lld;סופרמיקס %lld;सुपरमिक्स %lld;Szupermix %lld;Sármheascán %lld;Ofurblanda %lld;Supermix %lld;Supermix %lld;スーパーミックス%lld;ಸೂಪರ್‌ಮಿಕ್ಸ್ %lld;Супераралас %lld;លាយធំ %lld;슈퍼믹스 %lld;Supermiks %lld;ຊຸບເປີມິກ %lld;Supermikss %lld;Supermix %lld;Супермикс %lld;Supermix %lld;സൂപ്പർമിക്സ് %lld;सुपरमिक्स %lld;Супермикс %lld;सुपरमिक्स %lld;Supermiks %lld;Супермікс %lld;ସୁପରମିକ୍ସ %lld;دەرىجىدىن تاشقىرى ئارىلاش %lld;Supermix %lld;ترکیب ویژه %lld;Supermix %lld;Supermix %lld;ਸੁਪਰਮਿਕਸ %lld;Supermix %lld;Супермикс %lld;Supermiks %lld;සුපිරි මිශ්‍රණය %lld;Supermix %lld;Supermešanica %lld;Supermix %lld;Mchanganyiko %lld;සුපිරි මිශ්‍රණය %lld;சூப்பர் கலவை %lld;ซูเปอร์มิกซ์ %lld;རྩིས་འདྲེས་ཆེན་མོ་ %lld;Supermix %lld;Süper karışım %lld;سپر مکس %lld;Siêu trộn %lld;Supermix %lld;Супермікс %lld;Ingxube enkulu %lld;Supermix %lld
modeIntro.superFraction.b1;;Short bullet on the pre-game card. Keep it concise. English is 64 characters. Try to stay close to that.;Practice adding, subtracting, tables and fractions all mixed up.;Oefen optellen, aftrekken, tafels en breuken door elkaar.;Oefen optel, aftrek, maaltafels en breuke deurmekaar.;Ushtro mbledhjen, zbritjen, tabelat dhe thyesat të përziera.;መደመር፣ መቀነስ፣ የማባዛት ሰንጠረዦች እና ክፍልፋዮችን ደባልቀህ ተለማመድ።;تدرّب على الجمع والطرح والجداول والكسور معًا.;Փորձիր գումարում, հանում, աղյուսակներ և կոտորակներ՝ խառը։;যোগ, বিয়োগ, নামতা আৰু ভগ্নাংশ মিহলাই অভ্যাস কৰা।;Toplama, çıxma, vurma cədvəlləri və kəsrləri qarışıq məşq et.;Praktikatu batuketak, kenketak, taulak eta zatikiak nahasita.;যোগ, বিয়োগ, নামতা ও ভগ্নাংশ মিলিয়ে অনুশীলন করো।;ပေါင်း၊ နုတ်၊ မြှောက်ကိန်းဇယားနဲ့ အပိုင်းကိန်းကို ရောစပ်လေ့ကျင့်ပါ။;Vježbaj sabiranje, oduzimanje, tablice i razlomke, sve pomiješano.;Упражнявай събиране, изваждане, таблици и дроби, разбъркани заедно.;Practica sumes, restes, taules i fraccions, tot barrejat.;混合练习加法、减法、乘法表和分数。;Øv addition, subtraktion, tabeller og brøker blandet sammen.;Übe Addition, Subtraktion, Reihen und Brüche bunt gemischt.;Harjuta läbisegi liitmist, lahutamist, korrutustabeleid ja murde.;Ven samlegging, frádrátt, tabellir og brot hvørt um annað.;Harjoittele yhteen- ja vähennyslaskua, kertotauluja ja murtolukuja sekaisin.;Entraîne-toi avec des additions, soustractions, tables et fractions mélangées.;Practica sumas, restas, táboas e fraccións mesturadas.;ივარჯიშე მიმატებაში, გამოკლებაში, ტაბულებსა და წილადებში — ყველაფერი არეულად.;Εξασκήσου σε πρόσθεση, αφαίρεση, προπαίδεια και κλάσματα, όλα μαζί.;સરવાળો, બાદબાકી, પાડા અને અપૂર્ણાંક મિશ્ર કરીને અભ્યાસ કરો.;תרגלו חיבור, חיסור, לוחות כפל ושברים בערבוביה.;जोड़, घटाव, पहाड़े और भिन्न मिलाकर अभ्यास करो।;Gyakorold vegyesen az összeadást, kivonást, szorzótáblákat és törteket.;Cleachtaigh suimiú, dealú, táblaí agus codáin measctha le chéile.;Æfðu samlagningu, frádrátt, margföldun og brot í bland.;Latih penjumlahan, pengurangan, perkalian, dan pecahan secara campur.;Allenati con addizioni, sottrazioni, tabelline e frazioni tutte insieme.;たし算、ひき算、九九、分数をまぜてれんしゅうしよう。;ಕೂಡಿಸುವಿಕೆ, ಕಳೆಯುವಿಕೆ, ಪಟ್ಟಿಗಳು ಮತ್ತು ಭಿನ್ನರಾಶಿಗಳನ್ನು ಮಿಶ್ರವಾಗಿ ಅಭ್ಯಾಸ ಮಾಡು.;Қосу, азайту, көбейту кестесі мен бөлшектерді араластырып жаттық.;ហាត់បូក ដក តារាងគុណ និងប្រភាគលាយគ្នា។;덧셈, 뺄셈, 구구단, 분수를 섞어 연습해요.;Vježbaj zbrajanje, oduzimanje, tablice i razlomke, sve pomiješano.;ຝຶກບວກ, ລົບ, ສູດຄູນ ແລະ ເສດສ່ວນປະສົມກັນ.;Trenē saskaitīšanu, atņemšanu, reizināšanu un daļskaitļus jauktā secībā.;Treniruok sudėtį, atimtį, daugybos lenteles ir trupmenas kartu.;Вежбај измешани задачи со собирање, одземање, таблици и дропки.;Latih tambah, tolak, sifir dan pecahan secara campur.;കൂട്ടൽ, കുറയ്ക്കൽ, ഗുണനപ്പട്ടികകൾ, ഭിന്നങ്ങൾ എല്ലാം കലർത്തി പരിശീലിക്കൂ.;बेरीज, वजाबाकी, पाढे आणि अपूर्णांक मिसळून सराव कर.;Нэмэх, хасах, хүрд, бутархайг хольж давт.;जोड, घटाउ, गुणन तालिका र भिन्न मिसाएर अभ्यास गर।;Øv på addisjon, subtraksjon, gangetabeller og brøker i en miks.;Тренуй додавання, віднімання, таблиці й дроби впереміш.;ଯୋଗ, ବିୟୋଗ, ନାମତା ଓ ଭଗ୍ନାଂଶକୁ ମିଶାଇ ଅଭ୍ୟାସ କର।;قوشۇش، ئېلىش، كۆپەيتىش جەدۋىلى ۋە كەسىرنى ئارىلاشتۇرۇپ مەشىق قىل.;Qo‘shish, ayirish, ko‘paytirish jadvallari va kasrlarni aralash mashq qil.;جمع، تفریق، جدول ضرب و کسر را با هم تمرین کن.;Ćwicz razem dodawanie, odejmowanie, tabliczkę i ułamki.;Pratica adição, subtração, tabuadas e frações, tudo misturado.;ਜੋੜ, ਘਟਾਓ, ਪਹਾੜੇ ਅਤੇ ਭਿੰਨਾਂ ਮਿਲਾ ਕੇ ਅਭਿਆਸ ਕਰੋ।;Exersează adunări, scăderi, înmulțiri și fracții amestecate.;Тренируй сложение, вычитание, таблицы и дроби вперемешку.;Vežbaj sabiranje, oduzimanje, tablice i razlomke, sve pomešano.;එකතු කිරීම, අඩු කිරීම, ගුණන වගු සහ භාග මිශ්‍රව පුහුණු වන්න.;Trénuj sčítanie, odčítanie, násobilku a zlomky v jednom mixe.;Vadi seštevanje, odštevanje, poštevanko in ulomke, vse pomešano.;Practica sumas, restas, tablas y fracciones, todo mezclado.;Fanya mazoezi ya kujumlisha, kutoa, majedwali na sehemu kwa mchanganyiko.;එකතු කිරීම, අඩු කිරීම, ගුණන වගු සහ භාග මිශ්‍රව පුහුණු වන්න.;கூட்டல், கழித்தல், வாய்ப்பாடுகள், பின்னங்கள் அனைத்தையும் கலந்து பயிற்சி செய்.;ฝึกบวก ลบ สูตรคูณ และเศษส่วนแบบคละกัน;སྣོན། འཐེན། སྒྱུར་དང་ཆ་ཤས་འདྲེས་ནས་སྦྱོངས།;Procvičuj sčítání, odčítání, násobilku a zlomky dohromady.;Toplama, çıkarma, çarpım tabloları ve kesirleri karışık çalış.;جمع، تفریق، پہاڑے اور کسریں ملا کر مشق کریں۔;Luyện cộng, trừ, bảng nhân và phân số lẫn nhau.;Ymarfer adio, tynnu, tablau a ffracsiynau yn gymysg.;Трэніруй складанне, адніманне, табліцы і дробы ўперамешку.;Zijwayeze ukuhlanganisa, ukususa, amathebula namaqhezu kuxubile.;Öva på addition, subtraktion, tabeller och bråk blandat.
modeIntro.superFraction.title %lld;;"Heading. Short and punchy. Keep the placeholders exactly (%lld); the app fills them with numbers/text at runtime. You may reorder them to fit natural word order. English is 13 characters. Try to stay close to that.";Supermix %lld;Supermix %lld;Supermengsel %lld;Supermix %lld;ሱፐርሚክስ %lld;المزيج الكبير %lld;Սուպերխառնուրդ %lld;ছুপাৰমিক্স %lld;Superqarışıq %lld;Supermix %lld;সুপারমিক্স %lld;စူပါပေါင်းစပ် %lld;Supermiks %lld;Супермикс %lld;Supermix %lld;超级混合 %lld;Supermix %lld;Supermix %lld;Supermix %lld;Superbland %lld;Supermix %lld;Supermix %lld;Supermix %lld;სუპერმიქსი %lld;Σούπερ μίξη %lld;સુપરમિક્સ %lld;סופרמיקס %lld;सुपरमिक्स %lld;Szupermix %lld;Sármheascán %lld;Ofurblanda %lld;Supermix %lld;Supermix %lld;スーパーミックス%lld;ಸೂಪರ್‌ಮಿಕ್ಸ್ %lld;Супераралас %lld;លាយធំ %lld;슈퍼믹스 %lld;Supermiks %lld;ຊຸບເປີມິກ %lld;Supermikss %lld;Supermix %lld;Супермикс %lld;Supermix %lld;സൂപ്പർമിക്സ് %lld;सुपरमिक्स %lld;Супермикс %lld;सुपरमिक्स %lld;Supermiks %lld;Супермікс %lld;ସୁପରମିକ୍ସ %lld;دەرىجىدىن تاشقىرى ئارىلاش %lld;Supermix %lld;ترکیب ویژه %lld;Supermix %lld;Supermix %lld;ਸੁਪਰਮਿਕਸ %lld;Supermix %lld;Супермикс %lld;Supermiks %lld;සුපිරි මිශ්‍රණය %lld;Supermix %lld;Supermešanica %lld;Supermix %lld;Mchanganyiko %lld;සුපිරි මිශ්‍රණය %lld;சூப்பர் கலவை %lld;ซูเปอร์มิกซ์ %lld;རྩིས་འདྲེས་ཆེན་མོ་ %lld;Supermix %lld;Süper karışım %lld;سپر مکس %lld;Siêu trộn %lld;Supermix %lld;Супермікс %lld;Ingxube enkulu %lld;Supermix %lld
modeIntro.superTimes.b1;;Short bullet on the pre-game card. Keep it concise. English is 53 characters. Try to stay close to that.;Practice adding, subtracting and tables all mixed up.;Oefen optellen, aftrekken en tafels door elkaar.;Oefen optel, aftrek en maaltafels deurmekaar.;Ushtro mbledhjen, zbritjen dhe tabelat të përziera.;መደመር፣ መቀነስ እና የማባዛት ሰንጠረዦችን ደባልቀህ ተለማመድ።;تدرّب على الجمع والطرح والجداول معًا.;Փորձիր գումարում, հանում և աղյուսակներ՝ խառը։;যোগ, বিয়োগ আৰু নামতা মিহলাই অভ্যাস কৰা।;Toplama, çıxma və vurma cədvəllərini qarışıq məşq et.;Praktikatu batuketak, kenketak eta taulak nahasita.;যোগ, বিয়োগ ও নামতা মিলিয়ে অনুশীলন করো।;ပေါင်း၊ နုတ်နဲ့ မြှောက်ကိန်းဇယားကို ရောစပ်လေ့ကျင့်ပါ။;Vježbaj sabiranje, oduzimanje i tablice, sve pomiješano.;Упражнявай събиране, изваждане и таблици, разбъркани заедно.;Practica sumes, restes i taules, tot barrejat.;混合练习加法、减法和乘法表。;Øv addition, subtraktion og tabeller blandet sammen.;Übe Addition, Subtraktion und Reihen bunt gemischt.;Harjuta läbisegi liitmist, lahutamist ja korrutustabeleid.;Ven samlegging, frádrátt og tabellir hvørt um annað.;Harjoittele yhteen- ja vähennyslaskua sekä kertotauluja sekaisin.;Entraîne-toi avec des additions, soustractions et tables mélangées.;Practica sumas, restas e táboas mesturadas.;ივარჯიშე მიმატებაში, გამოკლებასა და ტაბულებში — ყველაფერი არეულად.;Εξασκήσου σε πρόσθεση, αφαίρεση και προπαίδεια, όλα μαζί.;સરવાળો, બાદબાકી અને પાડા મિશ્ર કરીને અભ્યાસ કરો.;תרגלו חיבור, חיסור ולוחות כפל בערבוביה.;जोड़, घटाव और पहाड़े मिलाकर अभ्यास करो।;Gyakorold vegyesen az összeadást, kivonást és a szorzótáblákat.;Cleachtaigh suimiú, dealú agus táblaí measctha le chéile.;Æfðu samlagningu, frádrátt og margföldun í bland.;Latih penjumlahan, pengurangan, dan perkalian secara campur.;Allenati con addizioni, sottrazioni e tabelline tutte insieme.;たし算、ひき算、九九をまぜてれんしゅうしよう。;ಕೂಡಿಸುವಿಕೆ, ಕಳೆಯುವಿಕೆ ಮತ್ತು ಪಟ್ಟಿಗಳನ್ನು ಮಿಶ್ರವಾಗಿ ಅಭ್ಯಾಸ ಮಾಡು.;Қосу, азайту және көбейту кестесін араластырып жаттық.;ហាត់បូក ដក និងតារាងគុណលាយគ្នា។;덧셈, 뺄셈, 구구단을 섞어 연습해요.;Vježbaj zbrajanje, oduzimanje i tablice, sve pomiješano.;ຝຶກບວກ, ລົບ ແລະ ສູດຄູນປະສົມກັນ.;Trenē saskaitīšanu, atņemšanu un reizināšanu jauktā secībā.;Treniruok sudėtį, atimtį ir daugybos lenteles kartu.;Вежбај измешани задачи со собирање, одземање и таблици.;Latih tambah, tolak dan sifir secara campur.;കൂട്ടൽ, കുറയ്ക്കൽ, ഗുണനപ്പട്ടികകൾ എല്ലാം കലർത്തി പരിശീലിക്കൂ.;बेरीज, वजाबाकी आणि पाढे मिसळून सराव कर.;Нэмэх, хасах, хүрдийг хольж давт.;जोड, घटाउ र गुणन तालिका मिसाएर अभ्यास गर।;Øv på addisjon, subtraksjon og gangetabeller i en miks.;Тренуй додавання, віднімання й таблиці впереміш.;ଯୋଗ, ବିୟୋଗ ଓ ନାମତାକୁ ମିଶାଇ ଅଭ୍ୟାସ କର।;قوشۇش، ئېلىش ۋە كۆپەيتىش جەدۋىلىنى ئارىلاشتۇرۇپ مەشىق قىل.;Qo‘shish, ayirish va ko‘paytirish jadvallarini aralash mashq qil.;جمع، تفریق و جدول ضرب را با هم تمرین کن.;Ćwicz razem dodawanie, odejmowanie i tabliczkę.;Pratica adição, subtração e tabuadas, tudo misturado.;ਜੋੜ, ਘਟਾਓ ਅਤੇ ਪਹਾੜੇ ਮਿਲਾ ਕੇ ਅਭਿਆਸ ਕਰੋ।;Exersează adunări, scăderi și înmulțiri amestecate.;Тренируй сложение, вычитание и таблицы вперемешку.;Vežbaj sabiranje, oduzimanje i tablice, sve pomešano.;එකතු කිරීම, අඩු කිරීම සහ ගුණන වගු මිශ්‍රව පුහුණු වන්න.;Trénuj sčítanie, odčítanie a násobilku v jednom mixe.;Vadi seštevanje, odštevanje in poštevanko, vse pomešano.;Practica sumas, restas y tablas, todo mezclado.;Fanya mazoezi ya kujumlisha, kutoa na majedwali kwa mchanganyiko.;එකතු කිරීම, අඩු කිරීම සහ ගුණන වගු මිශ්‍රව පුහුණු වන්න.;கூட்டல், கழித்தல், வாய்ப்பாடுகள் அனைத்தையும் கலந்து பயிற்சி செய்.;ฝึกบวก ลบ และสูตรคูณแบบคละกัน;སྣོན། འཐེན་དང་སྒྱུར་རྩིས་འདྲེས་ནས་སྦྱོངས།;Procvičuj sčítání, odčítání a násobilku dohromady.;Toplama, çıkarma ve çarpım tablolarını karışık çalış.;جمع، تفریق اور پہاڑے ملا کر مشق کریں۔;Luyện cộng, trừ và bảng nhân lẫn nhau.;Ymarfer adio, tynnu a thablau yn gymysg.;Трэніруй складанне, адніманне і табліцы ўперамешку.;Zijwayeze ukuhlanganisa, ukususa namathebula kuxubile.;Öva på addition, subtraktion och tabeller blandat.
modeIntro.superTimes.title %lld;;"Heading. Short and punchy. Keep the placeholders exactly (%lld); the app fills them with numbers/text at runtime. You may reorder them to fit natural word order. English is 13 characters. Try to stay close to that.";Supermix %lld;Supermix %lld;Supermengsel %lld;Supermix %lld;ሱፐርሚክስ %lld;المزيج الكبير %lld;Սուպերխառնուրդ %lld;ছুপাৰমিক্স %lld;Superqarışıq %lld;Supermix %lld;সুপারমিক্স %lld;စူပါပေါင်းစပ် %lld;Supermiks %lld;Супермикс %lld;Supermix %lld;超级混合 %lld;Supermix %lld;Supermix %lld;Supermix %lld;Superbland %lld;Supermix %lld;Supermix %lld;Supermix %lld;სუპერმიქსი %lld;Σούπερ μίξη %lld;સુપરમિક્સ %lld;סופרמיקס %lld;सुपरमिक्स %lld;Szupermix %lld;Sármheascán %lld;Ofurblanda %lld;Supermix %lld;Supermix %lld;スーパーミックス%lld;ಸೂಪರ್‌ಮಿಕ್ಸ್ %lld;Супераралас %lld;លាយធំ %lld;슈퍼믹스 %lld;Supermiks %lld;ຊຸບເປີມິກ %lld;Supermikss %lld;Supermix %lld;Супермикс %lld;Supermix %lld;സൂപ്പർമിക്സ് %lld;सुपरमिक्स %lld;Супермикс %lld;सुपरमिक्स %lld;Supermiks %lld;Супермікс %lld;ସୁପରମିକ୍ସ %lld;دەرىجىدىن تاشقىرى ئارىلاش %lld;Supermix %lld;ترکیب ویژه %lld;Supermix %lld;Supermix %lld;ਸੁਪਰਮਿਕਸ %lld;Supermix %lld;Супермикс %lld;Supermiks %lld;සුපිරි මිශ්‍රණය %lld;Supermix %lld;Supermešanica %lld;Supermix %lld;Mchanganyiko %lld;සුපිරි මිශ්‍රණය %lld;சூப்பர் கலவை %lld;ซูเปอร์มิกซ์ %lld;རྩིས་འདྲེས་ཆེན་མོ་ %lld;Supermix %lld;Süper karışım %lld;سپر مکس %lld;Siêu trộn %lld;Supermix %lld;Супермікс %lld;Ingxube enkulu %lld;Supermix %lld
modeIntro.tables.intro;;Short bullet on the pre-game card. Keep it concise. |pipes| mark bold text (1 pair(s) here). Wrap the matching word(s) in your language in |pipes|, do not translate the pipes away. English is 39 characters. Try to stay close to that.;You only get |multiplication| problems.;Je krijgt alleen sommen met |vermenigvuldigen|.;Jy kry net |vermenigvuldig|-somme.;Do të marrësh vetëm detyra me |shumëzim|.;የምታገኘው የ|ማባዛት| ጥያቄዎችን ብቻ ነው።;ستحصل فقط على مسائل |الضرب|.;Դու ստանում ես միայն |բազմապատկման| առաջադրանքներ։;তুমি কেৱল |পূৰণ|ৰ অংক পাবা।;Yalnız |vurma| misalları gəlir.;|Biderketa| ariketak bakarrik izango dituzu.;তুমি শুধু |গুণের| অঙ্ক পাবে।;|မြှောက်ခြင်း| ပုစ္ဆာပဲ ရမယ်။;Dobijaš samo zadatke s |množenjem|.;Получаваш задачи само с |умножение|.;Només tindràs problemes de |multiplicació|.;你只会遇到 |乘法| 题。;Du får kun opgaver med |multiplikation|.;Du bekommst nur Aufgaben mit |Multiplikation|.;Saad ainult |korrutamisülesandeid|.;Tú fært bara uppgávur við |falding|.;Saat vain |kertolaskuja|.;Tu n’auras que des calculs de |multiplication|.;Só terás contas de |multiplicación|.;გექნება მხოლოდ |გამრავლების| ამოცანები.;Θα έχεις μόνο ασκήσεις |πολλαπλασιασμού|.;તમને ફક્ત |ગુણાકારના| દાખલા મળશે.;תקבלו רק תרגילי |כפל|.;तुम्हें केवल |गुणा| के सवाल मिलेंगे।;Csak |szorzási| feladatokat kapsz.;Ní fhaigheann tú ach ceisteanna |iolraithe|.;Þú færð aðeins dæmi í |margföldun|.;Kamu hanya mendapat soal |perkalian|.;Avrai solo esercizi di |moltiplicazione|.;|かけ算|の問題だけが出るよ。;ನಿನಗೆ |ಗುಣಾಕಾರ| ಲೆಕ್ಕಗಳು ಮಾತ್ರ ಬರುತ್ತವೆ.;Саған тек |көбейту| есептері беріледі.;អ្នកនឹងទទួលបានតែលំហាត់ |គុណ|។;|곱셈| 문제만 나와요.;Dobivaš samo zadatke s |množenjem|.;ເຈົ້າຈະໄດ້ສະເພາະໂຈດ |ຄູນ|.;Te būs tikai |reizināšanas| uzdevumi.;Gausi tik |daugybos| užduotis.;Ќе добиваш само задачи со |множење|.;Kamu hanya dapat soalan |darab|.;നിനക്ക് |ഗുണനം| കണക്കുകൾ മാത്രം കിട്ടും.;तुला फक्त |गुणाकाराची| उदाहरणे मिळतील.;Зөвхөн |үржүүлэх| бодлого бодно.;तिमीले |गुणन| का प्रश्न मात्र पाउँछौ।;Du får bare oppgaver med |multiplikasjon|.;Тут будуть лише завдання на |множення|.;ତୁମେ କେବଳ |ଗୁଣ| ପ୍ରଶ୍ନ ପାଇବ।;پەقەت |كۆپەيتىش| مەسىلىلىرى كېلىدۇ.;Faqat |ko‘paytirish| misollari beriladi.;فقط تمرین‌های |ضرب| می‌بینی.;Dostajesz tylko zadania z |mnożeniem|.;Só vais receber contas de |multiplicação|.;ਤੁਹਾਨੂੰ ਸਿਰਫ਼ |ਗੁਣਾ| ਦੇ ਸਵਾਲ ਮਿਲਣਗੇ।;Primești doar exerciții de |înmulțire|.;Будут только примеры на |умножение|.;Dobijaš samo zadatke sa |množenjem|.;ඔබට ලැබෙන්නේ |ගුණ කිරීමේ| ගණන් පමණයි.;Dostaneš iba príklady na |násobenie|.;Dobiš samo naloge z |množenjem|.;Solo tendrás ejercicios de |multiplicación|.;Utapata maswali ya |kuzidisha| tu.;ඔබට ලැබෙන්නේ |ගුණ කිරීමේ| ගණන් පමණයි.;|பெருக்கல்| கணக்குகள் மட்டும் வரும்.;มีเฉพาะโจทย์ |การคูณ|;ཁྱེད་ལ་ |སྒྱུར་རྩིས| ཁོ་ན་ཡོང་།;Dostaneš jen příklady na |násobení|.;Yalnızca |çarpma| soruları gelir.;آپ کو صرف |ضرب| کے سوال ملیں گے۔;Bạn chỉ nhận bài |phép nhân|.;Dim ond symiau |lluosi| gei di.;Будуць толькі прыклады на |множанне|.;Uthola kuphela izibalo |zokuphindaphinda|.;Du får bara tal med |multiplikation|.
modeIntro.tables.mixed %lld;;"Short bullet on the pre-game card. Keep it concise. Keep the placeholders exactly (%lld); the app fills them with numbers/text at runtime. You may reorder them to fit natural word order. |pipes| mark bold text (1 pair(s) here). Wrap the matching word(s) in your language in |pipes|, do not translate the pipes away. English is 53 characters. Try to stay close to that.";You get all times tables |up to %lld| mixed together.;Je krijgt alle tafels |tot en met %lld| door elkaar.;Jy kry al die maaltafels |tot en met %lld| deurmekaar.;Do të marrësh të gjitha tabelat |deri në %lld| të përziera.;እስከ |%lld| ያሉ ሁሉም የማባዛት ሰንጠረዦች ተደባልቀው ይመጣሉ።;ستحصل على كل الجداول |حتى %lld| بشكل مختلط.;Դու ստանում ես բոլոր աղյուսակները՝ խառը, |մինչև %lld|։;|%lld লৈকে| সকলো নামতা মিহলাই পাবা।;|%lld-ə qədər| bütün vurma cədvəlləri qarışıq gəlir.;|%lld arteko| taula guztiak nahasita izango dituzu.;|%lld পর্যন্ত| সব নামতা মিলিয়ে পাবে।;|%lld အထိ| မြှောက်ကိန်းဇယားအားလုံး ရောပြီး ရမယ်။;Dobijaš sve tablice |do %lld|, pomiješane.;Получаваш всички таблици |до %lld|, разбъркани заедно.;Tindràs totes les taules |fins a %lld|, barrejades.;混合练习 |到 %lld 为止| 的所有乘法表。;Du får alle tabeller |op til %lld| blandet sammen.;Du bekommst alle Einmaleinsreihen |bis %lld| bunt gemischt.;Saad läbisegi kõik korrutustabelid |kuni %lld-ni|.;Tú fært allar tabellir |upp í %lld| blandaðar.;Saat kaikki kertotaulut |%lld:ään asti| sekaisin.;Tu auras toutes les tables |jusqu’à %lld|, mélangées.;Terás mesturadas todas as táboas |ata %lld|.;გექნება ყველა ტაბულა |%lld-მდე|, არეულად.;Θα έχεις όλες τις προπαίδειες |έως το %lld| ανακατεμένες.;તમને બધા પાડા |%lld સુધી| મિશ્ર મળશે.;תקבלו את כל לוחות הכפל |עד %lld| בערבוביה.;तुम्हें |%lld तक| के सभी पहाड़े मिले-जुले मिलेंगे।;Az összes szorzótáblát |%lld-ig| vegyesen kapod.;Faigheann tú na táblaí go léir |suas go %lld| measctha le chéile.;Þú færð allar margföldunartöflur |upp í %lld| í bland.;Kamu mendapat semua perkalian |sampai %lld| secara campur.;Avrai tutte le tabelline |fino al %lld| mescolate.;|%lldのだんまで|の九九がまざって出るよ。;|%lldರವರೆಗೆ| ಎಲ್ಲಾ ಗುಣಾಕಾರ ಪಟ್ಟಿಗಳು ಮಿಶ್ರವಾಗಿ ಬರುತ್ತವೆ.;|%lld-ге дейінгі| барлық көбейту кестелері араласып беріледі.;អ្នកទទួលបានតារាងគុណទាំងអស់ |រហូតដល់ %lld| លាយគ្នា។;|%lld단까지| 모두 섞여 나와요.;Dobivaš pomiješane sve tablice |do %lld|.;ເຈົ້າຈະໄດ້ສູດຄູນທັງໝົດ |ເຖິງ %lld| ປະສົມກັນ.;Te būs visas reizināšanas tabulas |līdz %lld| jauktā secībā.;Gausi visas daugybos lenteles |iki %lld| sumaišytas.;Ќе ги добиваш измешано сите таблици |до %lld|.;Kamu dapat semua sifir |hingga %lld| secara campur.;|%lld വരെ| എല്ലാ ഗുണനപ്പട്ടികകളും കലർത്തി കിട്ടും.;तुला |%lld पर्यंतचे| सगळे पाढे मिसळून मिळतील.;|%lld хүртэлх| бүх хүрд холилдож орно.;तिमीले |%lld सम्मका| सबै गुणन तालिका मिसाएर पाउँछौ।;Du får alle gangetabellene |opptil %lld| i en miks.;Усі таблиці |до %lld| будуть упереміш.;ତୁମେ |%lld ପର୍ଯ୍ୟନ୍ତ| ସବୁ ନାମତା ମିଶାଇ ପାଇବ।;|%lld گىچە| بولغان بارلىق كۆپەيتىش جەدۋەللىرى ئارىلاش كېلىدۇ.;Barcha ko‘paytirish jadvallari |%lld gacha| aralash beriladi.;همهٔ جدول‌ها را |تا %lld| به‌صورت ترکیبی می‌بینی.;Dostajesz pomieszane tabliczki mnożenia |do %lld|.;Recebes todas as tabuadas |até %lld|, misturadas.;ਤੁਹਾਨੂੰ |%lld ਤੱਕ| ਦੇ ਸਾਰੇ ਪਹਾੜੇ ਮਿਲੇ-ਜੁਲੇ ਮਿਲਣਗੇ।;Primești toate tablele înmulțirii |până la %lld|, amestecate.;Все таблицы |до %lld| будут вперемешку.;Dobijaš sve tablice |do %lld|, pomešane.;|%lld දක්වා| සියලු ගුණන වගු මිශ්‍රව ලැබේ.;Dostaneš všetky násobilky |do %lld| pomiešané.;Dobiš vse poštevanke |do %lld|, pomešane.;Tendrás mezcladas todas las tablas |hasta la del %lld|.;Utapata majedwali yote |hadi %lld| kwa mchanganyiko.;|%lld දක්වා| සියලු ගුණන වගු මිශ්‍රව ලැබේ.;|%lld வரை| உள்ள எல்லா வாய்ப்பாடுகளும் கலந்து வரும்.;รวมสูตรคูณทั้งหมด |ถึงแม่ %lld| แบบคละกัน;|%lld བར་གྱི་| སྒྱུར་རྩིས་ཚང་མ་འདྲེས་ནས་ཡོང་།;Dostaneš promíchanou násobilku |až do %lld|.;|%lld'ye kadar| tüm çarpım tabloları karışık gelir.;آپ کو |%lld تک| تمام پہاڑے ملا کر ملیں گے۔;Bạn nhận tất cả bảng nhân |đến %lld| trộn lẫn.;Gei di'r holl dablau |hyd at %lld| yn gymysg.;Будуць усе табліцы |да %lld| уперамешку.;Uthola wonke amathebula |kuze kufike ku-%lld| exubile.;Du får alla tabeller |upp till %lld| blandade.
modeIntro.tables.multiplyBy;;Short bullet on the pre-game card. Keep it concise. |pipes| mark bold text (1 pair(s) here). Wrap the matching word(s) in your language in |pipes|, do not translate the pipes away. English is 41 characters. Try to stay close to that.;Each table times a number from |1 to 12|.;Elke tafel keer een getal van |1 tot 12|.;Elke tafel maal ’n getal van |1 tot 12|.;Çdo tabelë shumëzohet me një numër nga |1 deri në 12|.;እያንዳንዱ ሰንጠረዥ ከ|1 እስከ 12| ባለ ቁጥር ይባዛል።;كل جدول مضروب في عدد من |1 إلى 12|.;Յուրաքանչյուր աղյուսակը բազմապատկվում է |1-ից 12| թվով։;প্ৰতিটো নামতা |১ৰ পৰা ১২|লৈ এটা সংখ্যাৰে পূৰণ কৰা।;Hər cədvəl |1-dən 12-yə| qədər bir ədədə vurulur.;Taula bakoitza |1etik 12ra| bitarteko zenbaki batez.;প্রতিটি নামতা |১ থেকে ১২| পর্যন্ত সংখ্যা দিয়ে গুণ।;ဇယားတစ်ခုစီကို |1 မှ 12| အတွင်း ဂဏန်းတစ်ခုနဲ့ မြှောက်မယ်။;Svaka tablica puta broj od |1 do 12|.;Всяка таблица се умножава по число от |1 до 12|.;Cada taula multiplicada per un nombre de l’|1 al 12|.;每个乘法表都乘以 |1 到 12| 的数。;Hver tabel ganges med et tal fra |1 til 12|.;Jede Reihe mal eine Zahl von |1 bis 12|.;Iga tabel korrutatakse arvuga |1 kuni 12|.;Hvør tabell verður faldað við einum tali frá |1 til 12|.;Jokainen taulu kerrotaan luvulla |1–12|.;Chaque table multipliée par un nombre de |1 à 12|.;Cada táboa por un número do |1 ao 12|.;თითოეული ტაბულა გამრავლებული იქნება |1-დან 12-მდე| რიცხვზე.;Κάθε προπαίδεια επί έναν αριθμό από |1 έως 12|.;દરેક પાડાને |1 થી 12| સુધીના અંકથી ગુણો.;כל לוח כפול מספר מ־|1 עד 12|.;हर पहाड़े को |1 से 12| तक की संख्या से गुणा करो।;Minden szorzótábla egy |1 és 12 közötti| számmal.;Gach tábla faoi uimhir ó |1 go 12|.;Hver tafla er margfölduð með tölu frá |1 til 12|.;Setiap perkalian dikali angka dari |1 sampai 12|.;Ogni tabellina per un numero da |1 a 12|.;それぞれのだんに|1から12|までの数をかけるよ。;ಪ್ರತಿ ಪಟ್ಟಿಯನ್ನು |1ರಿಂದ 12|ರವರೆಗಿನ ಸಂಖ್ಯೆಯಿಂದ ಗುಣಿಸು.;Әр кесте |1-ден 12-ге дейінгі| санға көбейтіледі.;តារាងនីមួយៗគុណនឹងចំនួនពី |1 ដល់ 12|។;각 단에 |1부터 12|까지의 수를 곱해요.;Svaka tablica puta broj od |1 do 12|.;ແຕ່ລະສູດຄູນຄູນດ້ວຍຈຳນວນຈາກ |1 ຫາ 12|.;Katra tabula reizināta ar skaitli no |1 līdz 12|.;Kiekvieną lentelę dauginsi iš skaičiaus nuo |1 iki 12|.;Секоја таблица со број од |1 до 12|.;Setiap sifir didarab dengan nombor dari |1 hingga 12|.;ഓരോ പട്ടികയും |1 മുതൽ 12| വരെയുള്ള സംഖ്യ കൊണ്ട് ഗുണിക്കൂ.;प्रत्येक पाढ्याला |1 ते 12| मधल्या संख्येने गुण.;Хүрд бүрийг |1-ээс 12| хүртэлх тоогоор үржүүлнэ.;हरेक तालिकालाई |१ देखि १२| सम्मको सङ्ख्याले गुणा गर।;Hver tabell ganges med et tall fra |1 til 12|.;Кожна таблиця множиться на число від |1 до 12|.;ପ୍ରତ୍ୟେକ ନାମତାକୁ |1 ରୁ 12| ମଧ୍ୟରେ ଏକ ସଂଖ୍ୟାରେ ଗୁଣ କର।;ھەر بىر جەدۋەل |1 دىن 12 گىچە| بىر سانغا كۆپەيتىلىدۇ.;Har bir jadval |1 dan 12 gacha| bo‘lgan songa ko‘paytiriladi.;هر جدول ضرب‌در عددی از |۱ تا ۱۲|.;Każda tabliczka razy liczba od |1 do 12|.;Cada tabuada vezes um número de |1 a 12|.;ਹਰ ਪਹਾੜੇ ਨੂੰ |1 ਤੋਂ 12| ਤੱਕ ਦੀ ਗਿਣਤੀ ਨਾਲ ਗੁਣਾ ਕਰੋ।;Fiecare număr se înmulțește cu un număr de la |1 la 12|.;Каждая таблица умножается на число |от 1 до 12|.;Svaka tablica puta broj od |1 do 12|.;එක් එක් වගුව |1 සිට 12| දක්වා අංකයකින් ගුණ කරන්න.;Každá násobilka krát číslo od |1 do 12|.;Vsako število pomnožiš s številom od |1 do 12|.;Cada tabla por un número del |1 al 12|.;Kila jedwali mara nambari kutoka |1 hadi 12|.;එක් එක් වගුව |1 සිට 12| දක්වා අංකයකින් ගුණ කරන්න.;ஒவ்வொரு வாய்ப்பாடும் |1 முதல் 12| வரை உள்ள எண்ணால் பெருக்கப்படும்.;แต่ละแม่คูณด้วยเลขตั้งแต่ |1 ถึง 12|;སྒྱུར་རྩིས་རེར་ |1 ནས་ 12| བར་གྱི་གྲངས་ཤིག་སྒྱུར།;Každá násobilka krát číslo od |1 do 12|.;Her tablo |1 ile 12| arasındaki bir sayıyla çarpılır.;ہر پہاڑے کو |1 سے 12| تک کسی عدد سے ضرب دیں۔;Mỗi bảng nhân với một số từ |1 đến 12|.;Pob tabl wedi'i luosi â rhif o |1 i 12|.;Кожная табліца памнажаецца на лік |ад 1 да 12|.;Ithebula ngalinye liphindaphindwa ngenombolo esuka ku-|1 kuya ku-12|.;Varje tabell gånger ett tal från |1 till 12|.
modeIntro.tables.order %lld;;"Short bullet on the pre-game card. Keep it concise. Keep the placeholders exactly (%lld); the app fills them with numbers/text at runtime. You may reorder them to fit natural word order. |pipes| mark bold text (1 pair(s) here). Wrap the matching word(s) in your language in |pipes|, do not translate the pipes away. English is 50 characters. Try to stay close to that.";You get the %lld times table in |ascending order|.;Je krijgt de tafel van %lld in |oplopende volgorde|.;Jy kry die %lld-maaltafel in |stygende| volgorde.;Do të marrësh tabelën e %lld në rend |rritës|.;የ%lld ማባዛት ሰንጠረዥ በ|እየጨመረ| ቅደም ተከተል ይመጣል።;ستحصل على جدول %lld بترتيب |تصاعدي|.;%lld-ի աղյուսակը ստանում ես |աճման| հերթականությամբ։;%lldৰ নামতা |উৰ্ধ্বক্ৰমত| পাবা।;%lld vurma cədvəli |artan| sıra ilə gəlir.;%lldko taula |goranzko| ordenan izango duzu.;%lld-এর নামতা |ঊর্ধ্বক্রমে| পাবে।;%lld မြှောက်ကိန်းဇယားကို |ငယ်မှကြီး| အစဉ်နဲ့ ရမယ်။;Dobijaš tablicu broja %lld |uzlaznim| redom.;Получаваш таблицата по %lld във |възходящ| ред.;Tindràs la taula del %lld en ordre |ascendent|.;按 |从小到大| 的顺序练习 %lld 的乘法表。;Du får %lld-tabellen i |stigende| rækkefølge.;Du bekommst die %llder-Reihe in |aufsteigender| Reihenfolge.;Saad %lld korrutustabeli |kasvavas| järjekorras.;Tú fært %lld-tabellina í |vaksandi| raðfylgju.;Saat %lld:n kertotaulun |nousevassa| järjestyksessä.;Tu auras la table de %lld dans l’ordre |croissant|.;Terás a táboa do %lld en orde |ascendente|.;გექნება %lld-ის ტაბულა |ზრდად| რიგში.;Θα έχεις την προπαίδεια του %lld σε |αύξουσα| σειρά.;તમને %lld નો પાડો |ચઢતા| ક્રમમાં મળશે.;תקבלו את לוח הכפל של %lld בסדר |עולה|.;तुम्हें %lld का पहाड़ा |बढ़ते| क्रम में मिलेगा।;A(z) %lld-es szorzótáblát |növekvő| sorrendben kapod.;Faigheann tú tábla %lld in ord |ardaitheach|.;Þú færð %lld-töfluna í |hækkandi| röð.;Kamu mendapat perkalian %lld dalam urutan |naik|.;Avrai la tabellina del %lld in ordine |crescente|.;%lldのだんを|小さい順|にやるよ。;%lldರ ಪಟ್ಟಿಯು |ಏರಿಕೆ| ಕ್ರಮದಲ್ಲಿ ಬರುತ್ತದೆ.;%lld-дің көбейту кестесі |өсу| ретімен беріледі.;អ្នកទទួលបានតារាងគុណ %lld តាមលំដាប់ |ឡើង|។;%lld단이 |오름차순|으로 나와요.;Dobivaš tablicu broja %lld |uzlaznim| redom.;ເຈົ້າຈະໄດ້ສູດຄູນ %lld ຕາມລຳດັບ |ເພີ່ມຂຶ້ນ|.;Te būs %lld reizināšanas tabula |augošā| secībā.;Gausi %lld daugybos lentelę |didėjančia| tvarka.;Ќе ја добиваш таблицата со %lld по |растечки| редослед.;Kamu dapat sifir %lld dalam urutan |menaik|.;%lldന്റെ പട്ടിക |ആരോഹണ| ക്രമത്തിൽ കിട്ടും.;तुला %lld चा पाढा |चढत्या| क्रमाने मिळेल.;%lld-ын хүрдийг |өсөх| дарааллаар бодно.;तिमीले %lld को तालिका |बढ्दो| क्रममा पाउँछौ।;Du får %lld-gangen i |stigende| rekkefølge.;Таблиця множення на %lld у |зростаючому| порядку.;ତୁମେ %lld ନାମତାକୁ |ବଢ଼ୁଥିବା| କ୍ରମରେ ପାଇବ।;%lld نىڭ كۆپەيتىش جەدۋىلى |ئۆرلەش| تەرتىپىدە كېلىدۇ.;%lld lik jadval |o‘sish| tartibida beriladi.;جدول %lld را به ترتیب |صعودی| می‌بینی.;Dostajesz tabliczkę mnożenia przez %lld w kolejności |rosnącej|.;Recebes a tabuada do %lld por ordem |crescente|.;ਤੁਹਾਨੂੰ %lld ਦਾ ਪਹਾੜਾ |ਵੱਧਦੇ| ਕ੍ਰਮ ਵਿੱਚ ਮਿਲੇਗਾ।;Primești tabla lui %lld în ordine |crescătoare|.;Таблица на %lld в |возрастающем| порядке.;Dobijaš tablicu broja %lld |rastućim| redom.;%lld ගුණන වගුව |ආරෝහණ| පිළිවෙළට ලැබේ.;Násobilku %lld dostaneš vo |vzostupnom| poradí.;Poštevanko števila %lld dobiš v |naraščajočem| vrstnem redu.;Tendrás la tabla del %lld en orden |ascendente|.;Utapata jedwali la %lld kwa mpangilio wa |kupanda|.;%lld ගුණන වගුව |ආරෝහණ| පිළිවෙළට ලැබේ.;%lld ஆம் வாய்ப்பாடு |ஏறுவரிசையில்| வரும்.;สูตรคูณแม่ %lld ตามลำดับ |จากน้อยไปมาก|;%lld གི་སྒྱུར་རྩིས་ |གྱེན་འཕེལ| གོ་རིམ་ནང་ཡོང་།;Dostaneš násobilku %lld ve |vzestupném| pořadí.;%lld'ler çarpım tablosu |artan| sırayla gelir.;آپ کو %lld کا پہاڑا |بڑھتی| ترتیب میں ملے گا۔;Bạn nhận bảng nhân %lld theo thứ tự |tăng dần|.;Gei di dabl %lld mewn trefn |esgynnol|.;Табліца множання на %lld будзе ў |парадку ўзрастання|.;Uthola ithebula lika-%lld ngokulandelana |okukhuphukayo|.;Du får %lld:ans tabell i |stigande| ordning.
modeIntro.tables.random %lld;;"Short bullet on the pre-game card. Keep it concise. Keep the placeholders exactly (%lld); the app fills them with numbers/text at runtime. You may reorder them to fit natural word order. |pipes| mark bold text (1 pair(s) here). Wrap the matching word(s) in your language in |pipes|, do not translate the pipes away. English is 47 characters. Try to stay close to that.";You get the %lld times table in |random order|.;Je krijgt de tafel van %lld in |willekeurige volgorde|.;Jy kry die %lld-maaltafel in |lukrake| volgorde.;Do të marrësh tabelën e %lld në rend |të rastësishëm|.;የ%lld ማባዛት ሰንጠረዥ በ|ዘፈቀደ| ቅደም ተከተል ይመጣል።;ستحصل على جدول %lld بترتيب |عشوائي|.;%lld-ի աղյուսակը ստանում ես |պատահական| հերթականությամբ։;%lldৰ নামতা |যাদৃচ্ছিক| ক্ৰমত পাবা।;%lld vurma cədvəli |təsadüfi| sıra ilə gəlir.;%lldko taula |ausazko| ordenan izango duzu.;%lld-এর নামতা |এলোমেলো| ক্রমে পাবে।;%lld မြှောက်ကိန်းဇယားကို |ကျပန်း| အစဉ်နဲ့ ရမယ်။;Dobijaš tablicu broja %lld |nasumičnim| redom.;Получаваш таблицата по %lld в |случаен| ред.;Tindràs la taula del %lld en ordre |aleatori|.;按 |随机| 顺序练习 %lld 的乘法表。;Du får %lld-tabellen i |tilfældig| rækkefølge.;Du bekommst die %llder-Reihe in |zufälliger| Reihenfolge.;Saad %lld korrutustabeli |juhuslikus| järjekorras.;Tú fært %lld-tabellina í |tilvildarligari| raðfylgju.;Saat %lld:n kertotaulun |satunnaisessa| järjestyksessä.;Tu auras la table de %lld dans un ordre |aléatoire|.;Terás a táboa do %lld en orde |aleatoria|.;გექნება %lld-ის ტაბულა |შემთხვევით| რიგში.;Θα έχεις την προπαίδεια του %lld σε |τυχαία| σειρά.;તમને %lld નો પાડો |અવ્યવસ્થિત| ક્રમમાં મળશે.;תקבלו את לוח הכפל של %lld בסדר |אקראי|.;तुम्हें %lld का पहाड़ा |किसी भी| क्रम में मिलेगा।;A(z) %lld-es szorzótáblát |véletlen| sorrendben kapod.;Faigheann tú tábla %lld in ord |randamach|.;Þú færð %lld-töfluna í |handahófsröð|.;Kamu mendapat perkalian %lld dalam urutan |acak|.;Avrai la tabellina del %lld in ordine |casuale|.;%lldのだんを|ランダム|な順番でやるよ。;%lldರ ಪಟ್ಟಿಯು |ಯಾದೃಚ್ಛಿಕ| ಕ್ರಮದಲ್ಲಿ ಬರುತ್ತದೆ.;%lld-дің көбейту кестесі |кездейсоқ| ретпен беріледі.;អ្នកទទួលបានតារាងគុណ %lld តាមលំដាប់ |ចៃដន្យ|។;%lld단이 |무작위|로 나와요.;Dobivaš tablicu broja %lld |nasumičnim| redom.;ເຈົ້າຈະໄດ້ສູດຄູນ %lld ຕາມລຳດັບ |ສຸ່ມ|.;Te būs %lld reizināšanas tabula |nejaušā| secībā.;Gausi %lld daugybos lentelę |atsitiktine| tvarka.;Ќе ја добиваш таблицата со %lld по |случаен| редослед.;Kamu dapat sifir %lld dalam urutan |rawak|.;%lldന്റെ പട്ടിക |ക്രമരഹിത| ക്രമത്തിൽ കിട്ടും.;तुला %lld चा पाढा |यादृच्छिक| क्रमाने मिळेल.;%lld-ын хүрдийг |санамсаргүй| дарааллаар бодно.;तिमीले %lld को तालिका |अनियमित| क्रममा पाउँछौ।;Du får %lld-gangen i |tilfeldig| rekkefølge.;Таблиця множення на %lld у |випадковому| порядку.;ତୁମେ %lld ନାମତାକୁ |ଯାଦୃଚ୍ଛିକ| କ୍ରମରେ ପାଇବ।;%lld نىڭ كۆپەيتىش جەدۋىلى |ئىختىيارىي| تەرتىپتە كېلىدۇ.;%lld lik jadval |tasodifiy| tartibda beriladi.;جدول %lld را به ترتیب |تصادفی| می‌بینی.;Dostajesz tabliczkę mnożenia przez %lld w kolejności |losowej|.;Recebes a tabuada do %lld por ordem |aleatória|.;ਤੁਹਾਨੂੰ %lld ਦਾ ਪਹਾੜਾ |ਬੇਤਰਤੀਬ| ਕ੍ਰਮ ਵਿੱਚ ਮਿਲੇਗਾ।;Primești tabla lui %lld în ordine |aleatorie|.;Таблица на %lld в |случайном| порядке.;Dobijaš tablicu broja %lld |nasumičnim| redom.;%lld ගුණන වගුව |අහඹු| පිළිවෙළට ලැබේ.;Násobilku %lld dostaneš v |náhodnom| poradí.;Poštevanko števila %lld dobiš v |naključnem| vrstnem redu.;Tendrás la tabla del %lld en orden |aleatorio|.;Utapata jedwali la %lld kwa mpangilio wa |nasibu|.;%lld ගුණන වගුව |අහඹු| පිළිවෙළට ලැබේ.;%lld ஆம் வாய்ப்பாடு |சீரற்ற| வரிசையில் வரும்.;สูตรคูณแม่ %lld ตามลำดับ |สุ่ม|;%lld གི་སྒྱུར་རྩིས་ |གང་བྱུང་| གོ་རིམ་ནང་ཡོང་།;Dostaneš násobilku %lld v |náhodném| pořadí.;%lld'ler çarpım tablosu |rastgele| sırayla gelir.;آپ کو %lld کا پہاڑا |بے ترتیب| ملے گا۔;Bạn nhận bảng nhân %lld theo thứ tự |ngẫu nhiên|.;Gei di dabl %lld mewn trefn |ar hap|.;Табліца множання на %lld будзе ў |выпадковым| парадку.;Uthola ithebula lika-%lld ngokulandelana |okungahleliwe|.;Du får %lld:ans tabell i |slumpmässig| ordning.
modeIntro.tables.title %lld;;"Heading. Short and punchy. Keep the placeholders exactly (%lld); the app fills them with numbers/text at runtime. You may reorder them to fit natural word order. English is 13 characters. Try to stay close to that.";Table of %lld;Tafel van %lld;Tafel van %lld;Tabela e %lld;የ%lld ሰንጠረዥ;جدول %lld;%lld-ի աղյուսակ;%lldৰ নামতা;%lld vurma cədvəli;%lldko taula;%lld-এর নামতা;%lld မြှောက်ကိန်းဇယား;Tablica broja %lld;Таблица по %lld;Taula del %lld;%lld 的乘法表;%lld-tabellen;%llder-Reihe;%lld korrutustabel;%lld-tabellin;%lld:n kertotaulu;Table de %lld;Táboa do %lld;%lld-ის ტაბულა;Προπαίδεια του %lld;%lld નો પાડો;לוח הכפל של %lld;%lld का पहाड़ा;%lld-es szorzótábla;Tábla %lld;%lld-taflan;Perkalian %lld;Tabellina del %lld;%lldのだん;%lldರ ಪಟ್ಟಿ;%lld кестесі;តារាងគុណ %lld;%lld단;Tablica broja %lld;ສູດຄູນ %lld;%lld reizināšanas tabula;%lld daugybos lentelė;Таблица со %lld;Sifir %lld;%lldന്റെ പട്ടിക;%lld चा पाढा;%lld-ын хүрд;%lld को तालिका;%lld-gangen;Таблиця на %lld;%lldର ନାମତା;%lld نىڭ جەدۋىلى;%lld lik jadval;جدول %lld;Tabliczka %lld;Tabuada do %lld;%lld ਦਾ ਪਹਾੜਾ;Tabla lui %lld;Таблица на %lld;Tablica broja %lld;%lld ගුණන වගුව;Násobilka %lld;Poštevanka števila %lld;Tabla del %lld;Jedwali la %lld;%lld ගුණන වගුව;%lld ஆம் வாய்ப்பாடு;สูตรคูณแม่ %lld;%lld གི་སྒྱུར་རྩིས;Násobilka %lld;%lld'ler tablosu;%lld کا پہاڑا;Bảng nhân %lld;Tabl %lld;Табліца на %lld;Ithebula lika-%lld;%lld:ans tabell
modeIntro.tablesMix.b1 %lld %lld;;"Short bullet on the pre-game card. Keep it concise. Keep the placeholders exactly (%lld); the app fills them with numbers/text at runtime. You may reorder them to fit natural word order. English is 47 characters. Try to stay close to that.";Practice the tables from %lld to %lld mixed up.;Oefen de tafels van %lld tot en met %lld door elkaar.;Oefen die tafels van %lld tot en met %lld deurmekaar.;Ushtro tabelat nga %lld deri në %lld të përziera.;ከ%lld እስከ %lld ያሉ ሰንጠረዦችን ደባልቀህ ተለማመድ።;تدرّب على الجداول من %lld إلى %lld بشكل مختلط.;Խառը փորձիր %lld-ից %lld աղյուսակները։;%lldৰ পৰা %lldলৈ নামতা মিহলাই অভ্যাস কৰা।;%lld-dən %lld-ə qədər cədvəlləri qarışıq məşq et.;Praktikatu %lldtik %lldra bitarteko taulak nahasita.;%lld থেকে %lld পর্যন্ত নামতা মিলিয়ে অনুশীলন করো।;%lld မှ %lld အထိ ဇယားတွေကို ရောစပ်လေ့ကျင့်ပါ။;Vježbaj pomiješane tablice od %lld do %lld.;Упражнявай таблиците от %lld до %lld, разбъркани заедно.;Practica les taules del %lld al %lld, barrejades.;混合练习 %lld 到 %lld 的乘法表。;Øv tabellerne fra %lld til %lld blandet sammen.;Übe die Reihen von %lld bis %lld bunt gemischt.;Harjuta korrutustabeleid %lld kuni %lld läbisegi.;Ven tabellirnar frá %lld til %lld hvørt um annað.;Harjoittele kertotauluja %lld–%lld sekaisin.;Entraîne-toi avec les tables de %lld à %lld, mélangées.;Practica mesturadas as táboas do %lld ao %lld.;ივარჯიშე %lld-დან %lld-მდე ტაბულებში, არეულად.;Εξασκήσου στις προπαίδειες από %lld έως %lld, ανακατεμένες.;%lld થી %lld સુધીના પાડા મિશ્ર કરીને અભ્યાસ કરો.;תרגלו את לוחות הכפל מ־%lld עד %lld בערבוביה.;%lld से %lld तक के पहाड़ों का मिला-जुला अभ्यास करो।;Gyakorold vegyesen a szorzótáblákat %lld-től %lld-ig.;Cleachtaigh na táblaí ó %lld go %lld measctha le chéile.;Æfðu töflurnar frá %lld til %lld í bland.;Latih perkalian dari %lld sampai %lld secara campur.;Allenati con le tabelline dal %lld al %lld tutte insieme.;%lldから%lldのだんをまぜてれんしゅうしよう。;%lldರಿಂದ %lldರವರೆಗಿನ ಪಟ್ಟಿಗಳನ್ನು ಮಿಶ್ರವಾಗಿ ಅಭ್ಯಾಸ ಮಾಡು.;%lld-ден %lld-ге дейінгі кестелерді араластырып жаттық.;ហាត់តារាងគុណពី %lld ដល់ %lld លាយគ្នា។;%lld단부터 %lld단까지 섞어 연습해요.;Vježbaj pomiješane tablice od %lld do %lld.;ຝຶກສູດຄູນຈາກ %lld ຫາ %lld ປະສົມກັນ.;Trenē tabulas no %lld līdz %lld jauktā secībā.;Treniruok daugybos lenteles nuo %lld iki %lld sumaišytas.;Вежбај ги измешано таблиците од %lld до %lld.;Latih sifir dari %lld hingga %lld secara campur.;%lld മുതൽ %lld വരെയുള്ള പട്ടികകൾ കലർത്തി പരിശീലിക്കൂ.;%lld ते %lld पाढ्यांचा मिसळून सराव कर.;%lld-оос %lld хүртэлх хүрдийг хольж давт.;%lld देखि %lld सम्मका तालिका मिसाएर अभ्यास गर।;Øv på gangetabellene fra %lld til %lld i en miks.;Тренуй таблиці від %lld до %lld впереміш.;%lld ରୁ %lld ପର୍ଯ୍ୟନ୍ତ ନାମତାକୁ ମିଶାଇ ଅଭ୍ୟାସ କର।;%lld دىن %lld گىچە جەدۋەللەرنى ئارىلاشتۇرۇپ مەشىق قىل.;%lld dan %lld gacha jadvallarni aralash mashq qil.;جدول‌های %lld تا %lld را با هم تمرین کن.;Ćwicz pomieszane tabliczki od %lld do %lld.;Pratica as tabuadas do %lld ao %lld, todas misturadas.;%lld ਤੋਂ %lld ਤੱਕ ਦੇ ਪਹਾੜੇ ਮਿਲਾ ਕੇ ਅਭਿਆਸ ਕਰੋ।;Exersează amestecat tablele de la %lld la %lld.;Тренируй таблицы от %lld до %lld вперемешку.;Vežbaj pomešane tablice od %lld do %lld.;%lld සිට %lld දක්වා ගුණන වගු මිශ්‍රව පුහුණු වන්න.;Trénuj násobilky od %lld do %lld pomiešané.;Vadi poštevanke od %lld do %lld, vse pomešano.;Practica las tablas del %lld al %lld, mezcladas.;Fanya mazoezi ya majedwali kutoka %lld hadi %lld kwa mchanganyiko.;%lld සිට %lld දක්වා ගුණන වගු මිශ්‍රව පුහුණු වන්න.;%lld முதல் %lld வரை வாய்ப்பாடுகளை கலந்து பயிற்சி செய்.;ฝึกสูตรคูณแม่ %lld ถึง %lld แบบคละกัน;%lld ནས་ %lld བར་གྱི་སྒྱུར་རྩིས་འདྲེས་ནས་སྦྱོངས།;Procvičuj promíchanou násobilku od %lld do %lld.;%lld ile %lld arasındaki tabloları karışık çalış.;%lld سے %lld تک پہاڑوں کی ملی جلی مشق کریں۔;Luyện các bảng nhân từ %lld đến %lld lẫn nhau.;Ymarfer y tablau o %lld i %lld yn gymysg.;Трэніруй табліцы ад %lld да %lld уперамешку.;Zijwayeze amathebula kusuka ku-%lld kuya ku-%lld exubile.;Öva på tabellerna från %lld till %lld blandat.
modeIntro.tablesMix.title %lld %lld;;"Heading. Short and punchy. Keep the placeholders exactly (%lld); the app fills them with numbers/text at runtime. You may reorder them to fit natural word order. English is 16 characters. Try to stay close to that.";Tables %lld-%lld;Tafels %lld-%lld;Tafels %lld-%lld;Tabelat %lld-%lld;ሰንጠረዦች %lld-%lld;الجداول %lld-%lld;Աղյուսակներ %lld-%lld;নামতা %lld-%lld;Cədvəllər %lld-%lld;%lld-%lld taulak;নামতা %lld-%lld;ဇယား %lld-%lld;Tablice %lld-%lld;Таблици %lld-%lld;Taules %lld-%lld;乘法表 %lld-%lld;Tabeller %lld-%lld;Reihen %lld–%lld;Tabelid %lld–%lld;Tabellir %lld-%lld;Kertotaulut %lld–%lld;Tables %lld-%lld;Táboas %lld-%lld;ტაბულები %lld-%lld;Προπαίδειες %lld-%lld;પાડા %lld-%lld;לוחות %lld-%lld;पहाड़े %lld-%lld;Szorzótáblák %lld–%lld;Táblaí %lld-%lld;Töflur %lld-%lld;Perkalian %lld-%lld;Tabelline %lld-%lld;九九 %lld〜%lld;ಪಟ್ಟಿಗಳು %lld-%lld;%lld–%lld кестелері;តារាងគុណ %lld-%lld;%lld-%lld단;Tablice %lld-%lld;ສູດຄູນ %lld-%lld;Tabulas %lld–%lld;Lentelės %lld–%lld;Таблици %lld-%lld;Sifir %lld-%lld;പട്ടികകൾ %lld-%lld;पाढे %lld-%lld;Хүрд %lld-%lld;तालिका %lld-%lld;Gangetabeller %lld–%lld;Таблиці %lld–%lld;ନାମତା %lld-%lld;جەدۋەللەر %lld-%lld;%lld-%lld jadvallar;جدول‌های %lld-%lld;Tabliczki %lld-%lld;Tabuadas %lld-%lld;ਪਹਾੜੇ %lld-%lld;Tablele %lld-%lld;Таблицы %lld–%lld;Tablice %lld-%lld;ගුණන වගු %lld-%lld;Násobilky %lld–%lld;Poštevanke %lld–%lld;Tablas %lld-%lld;Majedwali %lld-%lld;ගුණන වගු %lld-%lld;வாய்ப்பாடுகள் %lld-%lld;สูตรคูณ %lld-%lld;སྒྱུར་རྩིས་ %lld-%lld;Násobilka %lld–%lld;Tablolar %lld-%lld;پہاڑے %lld-%lld;Bảng nhân %lld-%lld;Tablau %lld-%lld;Табліцы %lld-%lld;Amathebula %lld-%lld;Tabeller %lld–%lld
name.placeholder;;In-app text. English is 9 characters. Try to stay close to that.;Your name;Jouw naam;Jou naam;Emri yt;ስምህ;اسمك;Քո անունը;তোমাৰ নাম;Adın;Zure izena;তোমার নাম;မင်းနာမည်;Tvoje ime;Твоето име;El teu nom;你的名字;Dit navn;Dein Name;Sinu nimi;Títt navn;Nimesi;Ton prénom;O teu nome;შენი სახელი;Το όνομά σου;તમારું નામ;השם שלך;तुम्हारा नाम;A neved;D’ainm;Nafnið þitt;Namamu;Il tuo nome;なまえ;ನಿನ್ನ ಹೆಸರು;Атың;ឈ្មោះរបស់អ្នក;이름;Tvoje ime;ຊື່ຂອງເຈົ້າ;Tavs vārds;Tavo vardas;Твоето име;Nama kamu;നിന്റെ പേര്;तुझं नाव;Чиний нэр;तिम्रो नाम;Navnet ditt;Твоє ім’я;ତୁମ ନାମ;ئىسمىڭ;Isming;نام تو;Twoje imię;O teu nome;ਤੁਹਾਡਾ ਨਾਮ;Numele tău;Твоё имя;Tvoje ime;ඔබේ නම;Tvoje meno;Tvoje ime;Tu nombre;Jina lako;ඔබේ නම;உன் பெயர்;ชื่อของเธอ;ཁྱེད་ཀྱི་མིང་།;Tvé jméno;Adın;آپ کا نام;Tên của bạn;Dy enw;Тваё імя;Igama lakho;Ditt namn
name.whatsYourName;;In-app text. English is 17 characters. Try to stay close to that.;What's your name?;Hoe heet je?;Wat is jou naam?;Si quhesh?;ስምህ ማን ነው?;ما اسمك؟;Ինչպե՞ս ես կոչվում։;তোমাৰ নাম কি?;Adın nədir?;Nola duzu izena?;তোমার নাম কী?;မင်းနာမည် ဘာလဲ။;Kako se zoveš?;Как се казваш?;Com et dius?;你叫什么名字？;Hvad hedder du?;Wie heißt du?;Mis su nimi on?;Hvat eitur tú?;Mikä sinun nimesi on?;Comment t’appelles-tu ?;Como te chamas?;რა გქვია?;"Πώς σε λένε;";તમારું નામ શું છે?;איך קוראים לך?;तुम्हारा नाम क्या है?;Hogy hívnak?;Cad is ainm duit?;Hvað heitir þú?;Siapa namamu?;Come ti chiami?;きみのなまえは？;ನಿನ್ನ ಹೆಸರೇನು?;Атың кім?;អ្នកឈ្មោះអ្វី?;이름이 뭐예요?;Kako se zoveš?;ເຈົ້າຊື່ຫຍັງ?;Kā tevi sauc?;Koks tavo vardas?;Како се викаш?;Siapa nama kamu?;നിന്റെ പേരെന്താണ്?;तुझं नाव काय?;Чамайг хэн гэдэг вэ?;तिम्रो नाम के हो?;Hva heter du?;Як тебе звати?;ତୁମ ନାମ କ’ଣ?;ئىسمىڭ نېمە؟;Isming nima?;اسمت چیست؟;Jak masz na imię?;Como te chamas?;ਤੁਹਾਡਾ ਨਾਮ ਕੀ ਹੈ?;Cum te cheamă?;Как тебя зовут?;Kako se zoveš?;ඔබේ නම මොකක්ද?;Ako sa voláš?;Kako ti je ime?;¿Cómo te llamas?;Unaitwa nani?;ඔබේ නම මොකක්ද?;உன் பெயர் என்ன?;เธอชื่ออะไร?;ཁྱེད་ཀྱི་མིང་ལ་ག་རེ་ཟེར།;Jak se jmenuješ?;Adın ne?;آپ کا نام کیا ہے؟;Bạn tên gì?;Beth yw dy enw?;Як цябе завуць?;Ungubani igama lakho?;Vad heter du?
onboarding.level.advanced.subtitle;;Subheading. One short sentence. English is 30 characters. Try to stay close to that.;Different mixed sums together.;Verschillende mix-sommen door elkaar.;Verskillende somme deurmekaar.;Detyra të ndryshme të përziera.;የተለያዩ ድብልቅ ስሌቶች።;مسائل مختلطة مختلفة معًا.;Տարբեր խառը առաջադրանքներ միասին։;বেলেগ বেলেগ মিশ্ৰ অংক একেলগে।;Müxtəlif qarışıq misallar.;Nahasketa-ariketa desberdinak batera.;বিভিন্ন মিশ্র অঙ্ক একসঙ্গে।;ရောစပ်ပုစ္ဆာအမျိုးမျိုး။;Različiti miješani zadaci.;Различни смесени задачи.;Diferents operacions mixtes.;不同的混合题放在一起。;Forskellige blandede opgaver.;Verschiedene gemischte Aufgaben.;Erinevad segaülesanded koos.;Ymisk blandingsstykki hvørt um annað.;Erilaisia sekalaskuja.;Différents calculs mélangés.;Diferentes contas mesturadas.;სხვადასხვა შერეული ამოცანა ერთად.;Διαφορετικές μικτές ασκήσεις μαζί.;અલગ અલગ મિશ્ર દાખલા સાથે.;תרגילים מעורבים מסוגים שונים.;अलग-अलग मिली-जुली गणनाएँ।;Különböző vegyes feladatok együtt.;Suimeanna éagsúla measctha le chéile.;Mismunandi blönduð dæmi saman.;Berbagai soal campuran.;Diversi esercizi misti insieme.;いろいろなミックス問題。;ಬೇರೆ ಬೇರೆ ಮಿಶ್ರ ಲೆಕ್ಕಗಳು.;Әртүрлі аралас есептер.;លំហាត់ចម្រុះផ្សេងៗលាយគ្នា។;여러 가지 섞인 문제를 함께 풀어요.;Različiti miješani zadaci.;ໂຈດປະສົມຫຼາຍແບບຢູ່ນຳກັນ.;Dažādi jaukti uzdevumi kopā.;Įvairios mišrios užduotys kartu.;Различни мешани задачи.;Soalan campur yang berbeza.;വ്യത്യസ്ത മിക്സ് കണക്കുകൾ ഒരുമിച്ച്.;वेगवेगळी मिश्र उदाहरणे एकत्र.;Өөр өөр холимог бодлогууд.;विभिन्न मिश्रित हिसाब सँगै।;Forskjellige miksoppgaver sammen.;Різні змішані завдання впереміш.;ଭିନ୍ନ ମିଶ୍ରିତ ପ୍ରଶ୍ନ ଏକାଠି।;ئوخشىمىغان ئارىلاش مەسىلىلەر.;Turli aralash misollar birga.;تمرین‌های ترکیبی مختلف با هم.;Różne działania wymieszane razem.;Várias contas misturadas.;ਵੱਖ-ਵੱਖ ਮਿਲੇ-ਜੁਲੇ ਹਿਸਾਬ ਇਕੱਠੇ।;Exerciții mixte diferite, toate împreună.;Разные смешанные примеры.;Različiti mešani zadaci zajedno.;විවිධ මිශ්‍ර ගණන් එකට.;Rôzne zmiešané príklady.;Različne mešane naloge skupaj.;Distintos ejercicios mezclados.;Hesabu tofauti zilizochanganywa.;විවිධ මිශ්‍ර ගණන් එකට.;விதவிதமான கலவைக் கணக்குகள் ஒன்றாக.;โจทย์ผสมหลายแบบคละกัน;རྩིས་འདྲེས་མ་མི་འདྲ་བ་མཉམ་དུ།;Různé smíšené příklady dohromady.;Farklı karışık işlemler bir arada.;مختلف ملے جلے سوال۔;Các phép tính hỗn hợp khác nhau.;Gwahanol symiau cymysg gyda'i gilydd.;Розныя змешаныя прыклады.;Izibalo ezixubile ezahlukene.;Olika blandade tal.
onboarding.level.advanced.title;;Heading. Short and punchy. English is 19 characters. Try to stay close to that.;Pretty good already;Al aardig goed;Reeds baie goed;Tashmë mjaft mirë;አስቀድመህ ጥሩ ነህ;جيد جدًا بالفعل;Արդեն բավական լավ է;ইতিমধ্যে যথেষ্ট ভাল;Artıq yaxşısan;Dagoeneko nahiko ondo;ইতিমধ্যেই বেশ ভালো;တော်တော်ကောင်းနေပြီ;Već ti dobro ide;Вече доста добре;Ja ho fas força bé;已经很不错;Allerede ret god;Schon ziemlich gut;Juba päris tubli;Longu rættiliga dugnalig/ur;Osaat jo aika hyvin;Déjà plutôt doué;Xa bastante ben;უკვე საკმაოდ კარგად;Ήδη αρκετά καλός;પહેલેથી ઘણું સારું;כבר די טוב;पहले से काफी अच्छे;Már egész ügyes;Maith go leor cheana;Orðin(n) nokkuð góð(ur);Sudah cukup bagus;Già abbastanza bravo;もうけっこうできる;ಈಗಲೇ ಚೆನ್ನಾಗಿದ್ದೀಯ;Әжептәуір жақсы;ពូកែគួរសមហើយ;벌써 꽤 잘해요;Već ti dobro ide;ເກັ່ງພໍສົມຄວນແລ້ວ;Jau diezgan labi;Jau visai gerai;Веќе ти оди добро;Dah agak bagus;ഇതിനകം നന്നായി അറിയാം;आधीच बरं जमतंय;Аль хэдийн сайн;पहिल्यै राम्रो;Allerede ganske god;Уже досить добре;ଏବେଠାରୁ ବହୁତ ଭଲ;خېلى ياخشى;Ancha yaxshi;همین حالا هم خیلی خوبی;Już całkiem nieźle;Já és bastante bom;ਪਹਿਲਾਂ ਹੀ ਕਾਫ਼ੀ ਵਧੀਆ;Te descurci deja bine;Уже неплохо;Već ti ide dobro;දැනටමත් හොඳයි;Už ti to celkom ide;Že kar dobro;Ya se te da bastante bien;Tayari unafanya vizuri;දැනටමත් හොඳයි;ஏற்கனவே நன்றாக செய்கிறாய்;ทำได้ดีแล้ว;ད་ལྟ་ཡག་ཐག་ཆོད།;Už docela dobré;Şimdiden oldukça iyi;کافی اچھے ہیں;Đã khá giỏi rồi;Eitha da'n barod;Ужо даволі добра;Usuvele wenza kahle;Redan ganska bra
onboarding.level.beginner.subtitle;;Subheading. One short sentence. English is 28 characters. Try to stay close to that.;Practice with sums in order.;Oefenen met oplopende sommen.;Oefen somme in volgorde.;Ushtrohu me detyra në rend.;ስሌቶችን በቅደም ተከተል ተለማመድ።;تدرّب على المسائل بالترتيب.;Փորձիր հերթականությամբ տրված առաջադրանքներ։;ক্ৰমে থকা অংকৰে অভ্যাস কৰা।;Misalları sıra ilə məşq et.;Praktikatu ariketak ordenan.;ক্রমে থাকা অঙ্ক অনুশীলন করো।;အစဉ်လိုက် ပုစ္ဆာများကို လေ့ကျင့်ပါ။;Vježbaj zadatke redom.;Упражнявай задачи подред.;Practica operacions en ordre.;按顺序练习算式。;Øv opgaver i rækkefølge.;Übe Aufgaben der Reihe nach.;Harjuta ülesandeid järjekorras.;Ven roknistykki í raðfylgju.;Harjoittele laskuja järjestyksessä.;Entraîne-toi avec les calculs dans l’ordre.;Practica con contas en orde.;ივარჯიშე ამოცანებით თანმიმდევრობით.;Εξάσκηση με ασκήσεις στη σειρά.;ક્રમમાં દાખલાનો અભ્યાસ કરો.;מתאמנים על תרגילים לפי הסדר.;क्रम से सवालों का अभ्यास करो।;Gyakorlás sorrendben jövő feladatokkal.;Cleachtaigh suimeanna in ord.;Æfðu dæmi í röð.;Berlatih dengan soal berurutan.;Allenati con esercizi in ordine.;順番どおりの問題をれんしゅう。;ಕ್ರಮದ ಲೆಕ್ಕಗಳನ್ನು ಅಭ್ಯಾಸ ಮಾಡು.;Есептерді ретімен жаттық.;ហាត់លំហាត់តាមលំដាប់។;순서대로 나오는 문제를 연습해요.;Vježbaj zadatke po redu.;ຝຶກໂຈດຕາມລຳດັບ.;Trenējies ar uzdevumiem secībā.;Treniruokis su užduotimis iš eilės.;Вежбај задачи по редослед.;Berlatih dengan soalan ikut urutan.;ക്രമത്തിലുള്ള കണക്കുകൾ പരിശീലിക്കൂ.;क्रमाने उदाहरणांचा सराव कर.;Бодлогуудыг дарааллаар давт.;क्रमका हिसाब अभ्यास गर।;Øv på oppgaver i rekkefølge.;Тренуй завдання по порядку.;କ୍ରମରେ ଥିବା ପ୍ରଶ୍ନ ଅଭ୍ୟାସ କର।;تەرتىپلىك مەسىلىلەرنى مەشىق قىل.;Misollarni tartib bilan mashq qil.;تمرین با سؤال‌های مرتب.;Ćwicz działania po kolei.;Pratica contas por ordem.;ਕ੍ਰਮਵਾਰ ਹਿਸਾਬਾਂ ਦਾ ਅਭਿਆਸ ਕਰੋ।;Exersează cu exerciții în ordine.;Примеры по порядку.;Vežbaj zadatke po redu.;පිළිවෙළට ගණන් පුහුණු වන්න.;Trénuj príklady v poradí.;Vadi naloge po vrsti.;Practica con ejercicios en orden.;Fanya mazoezi kwa hesabu zilizopangwa.;පිළිවෙළට ගණන් පුහුණු වන්න.;வரிசையான கணக்குகளுடன் பயிற்சி செய்.;ฝึกโจทย์ตามลำดับ;གོ་རིམ་ལྟར་གྱི་རྩིས་སྦྱོངས།;Procvičuj příklady v pořadí.;Sıralı işlemlerle çalış.;ترتیب وار سوالوں کی مشق کریں۔;Luyện các phép tính theo thứ tự.;Ymarfer gyda symiau mewn trefn.;Трэніруй прыклады па парадку.;Zijwayeze izibalo ngokulandelana.;Öva på tal i ordning.
onboarding.level.beginner.title;;Heading. Short and punchy. English is 12 characters. Try to stay close to that.;Just started;Net begonnen;Pas begin;Sapo ke filluar;አሁን ጀምረሃል;بدأت للتو;Հենց նոր եմ սկսել;এতিয়াহে আৰম্ভ;Yeni başlamısan;Hasi berria;সবে শুরু;စတင်ခါစ;Tek si počeo/la;Току-що започнах;Acabes de començar;刚刚开始;Lige begyndt;Gerade angefangen;Alles alustasid;Júst byrjað;Olet vasta aloittanut;Je débute;Acabo de comezar;ახლახან დავიწყე;Μόλις ξεκίνησα;હમણાં જ શરૂઆત;רק התחלתי;अभी शुरू किया;Most kezdtem;Díreach tosaithe;Nýbyrjuð/n;Baru mulai;Hai appena iniziato;はじめたばかり;ಈಗಷ್ಟೇ ಆರಂಭಿಸಿದೆ;Жаңа бастадың;ទើបចាប់ផ្តើម;이제 막 시작했어요;Tek počinješ;ຫາກໍເລີ່ມ;Tikko sāki;Ką tik pradėjau;Само што почнав;Baru mula;ഇപ്പോൾ തുടങ്ങിയതാണ്;आत्ताच सुरुवात;Дөнгөж эхэлсэн;भर्खर सुरु;Nettopp begynt;Щойно почав;ଏବେ ଆରମ୍ଭ କଲ;ئەمدى باشلىدىم;Endi boshlading;تازه شروع کرده‌ام;Dopiero zaczynam;Acabaste de começar;ਹੁਣੇ ਸ਼ੁਰੂ ਕੀਤਾ;Abia ai început;Только начал;Tek si počeo/la;දැන් පටන් ගත්තා;Práve začínaš;Šele začenjam;Acabas de empezar;Umeanza tu;දැන් පටන් ගත්තා;இப்போதுதான் தொடங்கினாய்;เพิ่งเริ่ม;ད་ག་རང་འགོ་ཚུགས།;Právě začínáš;Yeni başladım;ابھی شروع کیا;Mới bắt đầu;Newydd ddechrau;Толькі пачынаю;Usanda kuqala;Har just börjat
onboarding.level.intermediate.subtitle;;Subheading. One short sentence. English is 21 characters. Try to stay close to that.;Sums in random order.;Sommen in willekeurige volgorde.;Somme in lukrake volgorde.;Detyra në rend të rastësishëm.;ስሌቶች በዘፈቀደ ቅደም ተከተል።;مسائل بترتيب عشوائي.;Առաջադրանքներ՝ պատահական հերթականությամբ։;যাদৃচ্ছিক ক্ৰমৰ অংক।;Misallar təsadüfi sıra ilə.;Ariketak ausazko ordenan.;এলোমেলো ক্রমে অঙ্ক।;ကျပန်းအစဉ်နဲ့ ပုစ္ဆာများ။;Zadaci nasumičnim redom.;Задачи в случаен ред.;Operacions en ordre aleatori.;随机顺序的算式。;Opgaver i tilfældig rækkefølge.;Aufgaben in zufälliger Reihenfolge.;Ülesanded juhuslikus järjekorras.;Roknistykki í tilvildarligari raðfylgju.;Laskut satunnaisessa järjestyksessä.;Calculs dans un ordre aléatoire.;Contas en orde aleatoria.;ამოცანები შემთხვევითი რიგით.;Ασκήσεις σε τυχαία σειρά.;અવ્યવસ્થિત ક્રમમાં દાખલા.;תרגילים בסדר אקראי.;किसी भी क्रम में सवाल।;Feladatok véletlen sorrendben.;Suimeanna in ord randamach.;Dæmi í handahófsröð.;Soal dalam urutan acak.;Esercizi in ordine casuale.;ランダムな順番の問題。;ಯಾದೃಚ್ಛಿಕ ಕ್ರಮದ ಲೆಕ್ಕಗಳು.;Есептер кездейсоқ ретпен.;លំហាត់តាមលំដាប់ចៃដន្យ។;문제가 무작위로 나와요.;Zadaci nasumičnim redom.;ໂຈດຕາມລຳດັບສຸ່ມ.;Uzdevumi nejaušā secībā.;Užduotys atsitiktine tvarka.;Задачи по случаен редослед.;Soalan dalam urutan rawak.;ക്രമരഹിത കണക്കുകൾ.;यादृच्छिक क्रमात उदाहरणे.;Бодлогууд санамсаргүй дараалалтай.;अनियमित क्रमका हिसाब।;Oppgaver i tilfeldig rekkefølge.;Завдання у випадковому порядку.;ଯାଦୃଚ୍ଛିକ କ୍ରମରେ ପ୍ରଶ୍ନ।;مەسىلىلەر ئىختىيارىي تەرتىپتە.;Misollar tasodifiy tartibda.;سؤال‌ها با ترتیب تصادفی.;Działania w losowej kolejności.;Contas por ordem aleatória.;ਬੇਤਰਤੀਬ ਕ੍ਰਮ ਵਿੱਚ ਹਿਸਾਬ।;Exerciții în ordine aleatorie.;Примеры в случайном порядке.;Zadaci nasumičnim redom.;අහඹු පිළිවෙළේ ගණන්.;Príklady v náhodnom poradí.;Naloge v naključnem vrstnem redu.;Ejercicios en orden aleatorio.;Hesabu kwa mpangilio wa nasibu.;අහඹු පිළිවෙළේ ගණන්.;சீரற்ற வரிசையில் கணக்குகள்.;โจทย์ตามลำดับสุ่ม;གོ་རིམ་གང་བྱུང་གི་རྩིས།;Příklady v náhodném pořadí.;İşlemler rastgele sırada.;بے ترتیب سوال۔;Các phép tính theo thứ tự ngẫu nhiên.;Symiau mewn trefn ar hap.;Прыклады ў выпадковым парадку.;Izibalo ngokulandelana okungahleliwe.;Tal i slumpmässig ordning.
onboarding.level.intermediate.title;;Heading. Short and punchy. English is 21 characters. Try to stay close to that.;Some practice already;Al wat geoefend;Al ’n bietjie geoefen;Ke bërë pak ushtrime;ትንሽ ተለማምደሃል;تمرّنت قليلًا;Արդեն մի քիչ փորձել եմ;ইতিমধ্যে অলপ অভ্যাস;Bir az məşq etmisən;Dagoeneko praktikatu duzu;আগেও কিছু অনুশীলন;နည်းနည်း လေ့ကျင့်ပြီးပြီ;Već si malo vježbao/la;Вече съм упражнявал;Ja has practicat una mica;已经练过一些;Har øvet lidt;Schon etwas geübt;Oled juba harjutanud;Hevur vant eitt sindur;Olet jo harjoitellut;Déjà un peu entraîné;Xa practiquei algo;უკვე ცოტა ვივარჯიშე;Έχω κάνει λίγη εξάσκηση;થોડો અભ્યાસ કર્યો છે;כבר התאמנתי קצת;पहले थोड़ा अभ्यास किया;Már gyakoroltam;Roinnt cleachtaidh déanta;Búin(n) að æfa smá;Sudah pernah berlatih;Hai già fatto pratica;少しれんしゅうした;ಸ್ವಲ್ಪ ಅಭ್ಯಾಸವಾಗಿದೆ;Біраз жаттыққансың;បានហាត់ខ្លះហើយ;조금 연습했어요;Već imaš nešto vježbe;ຝຶກມາແລ້ວໜ້ອຍໜຶ່ງ;Jau nedaudz trenējies;Jau šiek tiek mokiausi;Веќе имам вежбано;Dah pernah berlatih;കുറച്ച് പരിശീലിച്ചിട്ടുണ്ട്;थोडा सराव झाला;Бага зэрэг давтсан;पहिल्यै केही अभ्यास;Har øvd litt;Уже трохи тренувався;କିଛି ଅଭ୍ୟାସ ହୋଇଛି;ئازراق مەشىق قىلغان;Biroz mashq qilgansan;کمی تمرین کرده‌ام;Już trochę umiem;Já praticaste um pouco;ਥੋੜ੍ਹਾ ਅਭਿਆਸ ਹੋ ਚੁੱਕਾ;Ai exersat deja puțin;Уже тренировался;Već si malo vežbao/la;ටිකක් පුහුණු වෙලා;Už máš niečo natrénované;Nekaj že znam;Ya has practicado un poco;Tayari umefanya mazoezi;ටිකක් පුහුණු වෙලා;ஏற்கனவே கொஞ்சம் பயிற்சி;ฝึกมาบ้างแล้ว;ཅུང་ཙམ་སྦྱངས་ཟིན།;Už máš něco natrénováno;Biraz çalıştım;کچھ مشق ہو چکی;Đã luyện một chút;Wedi ymarfer tipyn;Ужо крыху трэніраваўся;Usuvele uzijwayeze;Har övat lite
onboarding.level.subtitle %@;;"Subheading. One short sentence. Keep the placeholders exactly (%@); the app fills them with numbers/text at runtime. You may reorder them to fit natural word order. English is 31 characters. Try to stay close to that.";Choose a starting point for %@.;Kies een startpunt voor %@.;Kies ’n beginpunt vir %@.;Zgjidh një pikënisje për %@.;ለ%@ መጀመሪያ ነጥብ ምረጥ።;اختر نقطة بداية لـ %@.;Ընտրիր %@-ի մեկնարկային կետը։;%@ৰ আৰম্ভণিৰ ঠাই বাছা।;%@ üçün başlanğıc seç.;Aukeratu %@-rako abiapuntua.;%@-এর জন্য শুরুর জায়গা বেছে নাও।;%@ အတွက် စမှတ်ရွေးပါ။;Izaberi početni nivo za %@.;Избери начално ниво за %@.;Tria un punt de partida per a %@.;为 %@ 选择起点。;Vælg et startpunkt for %@.;Wähle einen Startpunkt für %@.;Vali teemale %@ algustase.;Vel eitt byrjanarstig fyri %@.;Valitse aloituskohta aiheelle %@.;Choisis un point de départ pour %@.;Escolle un punto de partida para %@.;აირჩიე საწყისი დონე %@-ისთვის.;Διάλεξε από πού θα ξεκινήσεις στο %@.;%@ માટે શરૂઆત પસંદ કરો.;בחרו נקודת התחלה עבור %@.;%@ के लिए शुरुआत चुनें।;Válassz kezdőpontot ehhez: %@.;Roghnaigh pointe tosaithe do %@.;Veldu byrjunarstað fyrir %@.;Pilih titik awal untuk %@.;Scegli da dove iniziare con %@.;%@のスタート地点をえらぼう。;%@ಗೆ ಆರಂಭದ ಹಂತ ಆರಿಸು.;%@ үшін бастау орнын таңда.;ជ្រើសចំណុចចាប់ផ្តើមសម្រាប់ %@។;%@의 시작점을 골라요.;Odaberi početnu razinu za %@.;ເລືອກຈຸດເລີ່ມສຳລັບ %@.;Izvēlies sākuma punktu tēmai %@.;Pasirink, nuo ko pradėti %@.;Избери почетна точка за %@.;Pilih titik mula untuk %@.;%@ ന് ഒരു തുടക്കസ്ഥാനം തിരഞ്ഞെടുക്കൂ.;%@ साठी सुरुवातीचा टप्पा निवड.;%@-д эхлэх цэгээ сонго.;%@ का लागि सुरुआत छान।;Velg et startpunkt for %@.;Обери початковий рівень для %@.;%@ ପାଇଁ ଆରମ୍ଭ ସ୍ଥାନ ବାଛ।;%@ ئۈچۈن باشلىنىش نۇقتىسىنى تاللا.;%@ uchun boshlang‘ich nuqtani tanla.;برای %@ یک نقطهٔ شروع انتخاب کن.;Wybierz poziom początkowy dla %@.;Escolhe onde começar em %@.;%@ ਲਈ ਸ਼ੁਰੂਆਤੀ ਥਾਂ ਚੁਣੋ।;Alege un punct de pornire pentru %@.;Выбери начальный уровень для %@.;Izaberi početak za %@.;%@ සඳහා ආරම්භක තැනක් තෝරන්න.;Vyber si, kde začneš s %@.;Izberi začetno točko za %@.;Elige un punto de partida para %@.;Chagua pa kuanzia kwa %@.;%@ සඳහා ආරම්භක තැනක් තෝරන්න.;%@ க்கான தொடக்க இடத்தைத் தேர்ந்தெடு.;เลือกจุดเริ่มต้นสำหรับ %@;%@ ལ་འགོ་འཛུགས་ས་འདེམས།;Vyber výchozí úroveň pro %@.;%@ için başlangıç noktası seç.;%@ کے لیے شروعاتی جگہ چنیں۔;Chọn điểm bắt đầu cho %@.;Dewis fan cychwyn ar gyfer %@.;Выберы пачатковы ўзровень для %@.;Khetha lapho uzoqala khona ku-%@.;Välj en startpunkt för %@.
onboarding.level.thisTopic;;Onboarding screen text. English is 10 characters. Try to stay close to that.;this topic;dit onderwerp;hierdie onderwerp;këtë temë;ይህ ርዕስ;هذا الموضوع;այս թեման;এই বিষয়;bu mövzu;gai hau;এই বিষয়;ဒီအကြောင်းအရာ;ovu temu;тази тема;aquest tema;这个主题;dette emne;dieses Thema;see teema;hetta evnið;tämä aihe;ce sujet;este tema;ეს თემა;αυτό το θέμα;આ વિષય;הנושא הזה;यह विषय;ez a téma;an t-ábhar seo;þetta efni;topik ini;questo argomento;このテーマ;ಈ ವಿಷಯ;осы тақырып;ប្រធានបទនេះ;이 주제;ovu temu;ຫົວຂໍ້ນີ້;šī tēma;šią temą;оваа тема;topik ini;ഈ വിഷയം;हा विषय;энэ сэдэв;यो विषय;dette emnet;ця тема;ଏହି ବିଷୟ;بۇ تېما;bu mavzu;این موضوع;ten temat;este tema;ਇਹ ਵਿਸ਼ਾ;acest subiect;эта тема;ovu temu;මේ මාතෘකාව;táto téma;to temo;este tema;mada hii;මේ මාතෘකාව;இந்தத் தலைப்பு;หัวข้อนี้;བརྗོད་གཞི་འདི།;toto téma;bu konu;یہ موضوع;chủ đề này;y pwnc hwn;гэтай тэмы;lesi sihloko;det här ämnet
onboarding.level.title;;Heading. Short and punchy. English is 33 characters. Try to stay close to that.;How good are you at this already?;Hoe goed ben je hier al in?;Hoe goed is jy al hiermee?;Sa mirë e njeh këtë?;ቀድሞውኑ ምን ያህል ጥሩ ነህ?;ما مدى إتقانك لهذا؟;Որքա՞ն լավ գիտես սա արդեն։;ইয়াত তুমি ইতিমধ্যে কিমান ভাল?;Bunu artıq nə qədər yaxşı bilirsən?;Zenbateraino moldatzen zara honekin?;এতে তুমি এখন কতটা ভালো?;ဒါကို ဘယ်လောက်တော်ပြီးပြီလဲ။;Koliko ovo već dobro znaš?;Колко си добър в това?;Com se’t dona això?;你已经有多熟练？;Hvor god er du allerede til det?;Wie gut kannst du das schon?;Kui hästi sa seda juba oskad?;Hvussu dugnalig/ur ert tú longu?;Kuinka hyvin osaat jo?;Quel est déjà ton niveau ?;Que tal se che dá isto?;უკვე რამდენად კარგად იცი?;"Πόσο καλός είσαι ήδη σε αυτό;";તમે આમાં પહેલેથી કેટલા સારા છો?;עד כמה אתם כבר טובים בזה?;इसमें तुम पहले से कितने अच्छे हो?;Mennyire vagy már ügyes ebben?;Cé chomh maith is atá tú air seo?;Hversu góð(ur) ertu í þessu?;Seberapa jago kamu sekarang?;Quanto sei già bravo?;もうどれくらいできる？;ಇದರಲ್ಲಿ ಈಗಾಗಲೇ ಎಷ್ಟು ಚೆನ್ನಾಗಿದ್ದೀಯ?;Мұны қаншалықты жақсы білесің?;អ្នកពូកែប៉ុណ្ណាហើយ?;이걸 얼마나 잘하나요?;Koliko ti ovo već dobro ide?;ຕອນນີ້ເຈົ້າເກັ່ງປານໃດ?;Cik labi tu to jau proti?;Kaip gerai tai jau moki?;Колку добро го знаеш ова?;Sejauh mana kamu dah pandai?;ഇത് നിനക്ക് ഇതിനകം എത്ര നന്നായി അറിയാം?;हे तुला आधीपासून किती जमतं?;Чи үүнийг хэр сайн мэдэх вэ?;यसमा तिमी कति राम्रो छौ?;Hvor god er du allerede?;Наскільки добре ти це вже вмієш?;ତୁମେ ଏଥିରେ କେତେ ଭଲ?;بۇنى قانچىلىك بىلىسەن؟;Buni qanchalik yaxshi bilasan?;الان چقدر در این موضوع خوبی؟;Jak dobrze już to umiesz?;Quão bom já és nisto?;ਤੁਸੀਂ ਇਸ ਵਿੱਚ ਪਹਿਲਾਂ ਹੀ ਕਿੰਨੇ ਚੰਗੇ ਹੋ?;Cât de bine te descurci deja?;Насколько хорошо ты это умеешь?;Koliko ti ovo već dobro ide?;මේක දැනටමත් කොච්චර හොඳට පුළුවන්ද?;Ako dobre ti to už ide?;Kako dobro ti to že gre?;¿Qué tal se te da esto?;Una ujuzi gani tayari?;මේක දැනටමත් කොච්චර හොඳට පුළුවන්ද?;இதில் உனக்கு ஏற்கனவே எவ்வளவு தெரியும்?;ตอนนี้เธอเก่งแค่ไหนแล้ว?;ཁྱེད་རང་འདི་ལ་ད་ལྟ་ག་ཚོད་མཁས་པོ་ཡོད།;Jak dobře to už umíš?;Bunda ne kadar iyisin?;آپ اس میں پہلے سے کتنے اچھے ہیں؟;Bạn đã giỏi phần này đến đâu?;Pa mor dda wyt ti ar hyn yn barod?;Наколькі добра ты гэта ўжо ўмееш?;Usuvele wazi kangakanani ngalokhu?;Hur bra är du redan på det här?
onboarding.name.subtitle;;Subheading. One short sentence. English is 36 characters. Try to stay close to that.;Let's get started. What's your name?;Laten we beginnen. Hoe heet je?;Kom ons begin. Wat is jou naam?;Le të fillojmë. Si quhesh?;እንጀምር። ስምህ ማን ነው?;لنبدأ. ما اسمك؟;Սկսենք։ Ինչպե՞ս ես կոչվում։;আৰম্ভ কৰোঁ আহা। তোমাৰ নাম কি?;Başlayaq. Adın nədir?;Has gaitezen. Nola duzu izena?;চলো শুরু করি। তোমার নাম কী?;စလိုက်ရအောင်။ မင်းနာမည် ဘာလဲ။;Počnimo. Kako se zoveš?;Да започваме. Как се казваш?;Comencem. Com et dius?;开始吧。你叫什么名字？;Lad os begynde. Hvad hedder du?;Los geht’s. Wie heißt du?;Hakkame pihta. Mis su nimi on?;Latið okkum byrja. Hvat eitur tú?;Aloitetaan! Mikä sinun nimesi on?;C’est parti ! Comment t’appelles-tu ?;Imos comezar. Como te chamas?;დავიწყოთ. რა გქვია?;"Ας ξεκινήσουμε. Πώς σε λένε;";ચાલો શરૂ કરીએ. તમારું નામ શું છે?;בואו נתחיל. איך קוראים לך?;चलो शुरू करें। तुम्हारा नाम क्या है?;Kezdjünk hozzá! Hogy hívnak?;Tosaímis. Cad is ainm duit?;Byrjum. Hvað heitir þú?;Ayo mulai. Siapa namamu?;Cominciamo! Come ti chiami?;さあ、はじめよう。きみのなまえは？;ಆರಂಭಿಸೋಣ. ನಿನ್ನ ಹೆಸರೇನು?;Бастайық. Атың кім?;ចាប់ផ្តើមគ្នា។ អ្នកឈ្មោះអ្វី?;시작해 볼까요? 이름이 뭐예요?;Krenimo. Kako se zoveš?;ມາເລີ່ມກັນ. ເຈົ້າຊື່ຫຍັງ?;Sāksim! Kā tevi sauc?;Pradėkime. Koks tavo vardas?;Да почнеме. Како се викаш?;Mari mula. Siapa nama kamu?;തുടങ്ങാം. നിന്റെ പേരെന്താണ്?;चला सुरू करूया. तुझं नाव काय?;Эхэлцгээе. Чамайг хэн гэдэг вэ?;सुरु गरौँ। तिम्रो नाम के हो?;La oss begynne. Hva heter du?;Почнімо! Як тебе звати?;ଚାଲ ଆରମ୍ଭ କରିବା। ତୁମ ନାମ କ’ଣ?;باشلايلى. ئىسمىڭ نېمە؟;Boshlaymiz. Isming nima?;شروع کنیم. اسمت چیست؟;Zaczynajmy. Jak masz na imię?;Vamos começar. Como te chamas?;ਆਓ ਸ਼ੁਰੂ ਕਰੀਏ। ਤੁਹਾਡਾ ਨਾਮ ਕੀ ਹੈ?;Să începem. Cum te cheamă?;Давай начнём. Как тебя зовут?;Počnimo. Kako se zoveš?;අපි පටන් ගමු. ඔබේ නම මොකක්ද?;Poďme na to. Ako sa voláš?;Začnimo. Kako ti je ime?;Empecemos. ¿Cómo te llamas?;Tuanze. Unaitwa nani?;අපි පටන් ගමු. ඔබේ නම මොකක්ද?;தொடங்கலாம். உன் பெயர் என்ன?;มาเริ่มกันเลย เธอชื่ออะไร?;ད་འགོ་འཛུགས། ཁྱེད་ཀྱི་མིང་ལ་ག་རེ་ཟེར།;Jdeme na to. Jak se jmenuješ?;Haydi başlayalım. Adın ne?;آئیں شروع کریں۔ آپ کا نام کیا ہے؟;Bắt đầu nhé. Bạn tên gì?;Dewch i ddechrau. Beth yw dy enw?;Пачнём! Як цябе завуць?;Asiqale. Ungubani igama lakho?;Nu börjar vi. Vad heter du?
onboarding.name.title;;Heading. Short and punchy. English is 35 characters. Try to stay close to that.;"Doing sums has
never been this fun!";"Sommen maken was
nog nooit zo leuk!";Somme maak was nog nooit so lekker nie!;Detyrat s’kanë qenë kurrë kaq zbavitëse!;ስሌት መሥራት ይህን ያህል አስደሳች ሆኖ አያውቅም!;لم تكن المسائل ممتعة هكذا من قبل!;Հաշվելը երբեք այսքան զվարճալի չի եղել։;অংক কৰা কেতিয়াও ইমান মজাৰ নাছিল!;Misal həll etmək heç belə əyləncəli olmayıb!;Kalkuluak egitea ez da inoiz hain dibertigarria izan!;অঙ্ক করা এত মজার কখনও ছিল না!;ပုစ္ဆာတွက်တာ ဒီလောက်ပျော်စရာ မရှိသေးဘူး!;Računanje nikad nije bilo ovako zabavno!;Смятането никога не е било толкова забавно!;Fer operacions mai havia estat tan divertit!;做算术从没这么好玩！;Det har aldrig været så sjovt at regne!;Rechnen hat noch nie so viel Spaß gemacht!;Arvutamine pole kunagi nii lõbus olnud!;Tað hevur ongantíð verið so stuttligt at rokna!;Laskeminen ei ole koskaan ollut näin hauskaa!;Faire des calculs n’a jamais été aussi amusant !;Facer contas nunca foi tan divertido!;ამოცანების ამოხსნა ასეთი სახალისო არასდროს ყოფილა!;Οι ασκήσεις δεν ήταν ποτέ τόσο διασκεδαστικές!;દાખલા ગણવા ક્યારેય એટલું મજેદાર નહોતું!;לפתור תרגילים מעולם לא היה כיף כל כך!;गणित इतना मज़ेदार कभी नहीं था!;A számolás még sosem volt ilyen jó móka!;Ní raibh suimeanna chomh spraíúil riamh!;Það hefur aldrei verið svona gaman að reikna!;Berhitung belum pernah seseru ini!;Fare i calcoli non è mai stato così divertente!;計算ってこんなに楽しい！;ಲೆಕ್ಕ ಮಾಡುವುದು ಇಷ್ಟು ಮಜವಾಗಿರಲಿಲ್ಲ!;Есеп шығару бұрын-соңды мұндай қызық болмаған!;គណនាលំហាត់មិនធ្លាប់សប្បាយបែបនេះទេ!;계산이 이렇게 재미있었던 적은 없어요!;Računanje nikad nije bilo zabavnije!;ເຮັດໂຈດບໍ່ເຄີຍມ່ວນຂະໜາດນີ້!;Rēķināt vēl nekad nav bijis tik jautri!;Skaičiuoti dar niekada nebuvo taip smagu!;Сметањето никогаш не било позабавно!;Mengira tak pernah seseronok ini!;കണക്കുകൾ ഇത്ര രസകരമായിട്ടില്ല!;गणित कधीच इतकं मजेदार नव्हतं!;Бодлого бодох ийм хөгжилтэй байгаагүй!;हिसाब गर्नु यति रमाइलो कहिल्यै थिएन!;Regning har aldri vært så gøy!;Рахувати ще ніколи не було так весело!;ଗଣିତ କରିବା ଏତେ ମଜା କେବେ ନଥିଲା!;ھېسابلاش بۇنچە قىزىقارلىق بولۇپ باقمىغان!;Misol yechish hech qachon bunchalik qiziq bo‘lmagan!;حل کردن سؤال‌ها هیچ‌وقت این‌قدر بامزه نبوده!;Liczenie jeszcze nigdy nie było tak fajne!;Fazer contas nunca foi tão divertido!;ਹਿਸਾਬ ਕਰਨਾ ਕਦੇ ਇੰਨਾ ਮਜ਼ੇਦਾਰ ਨਹੀਂ ਸੀ!;Calculele nu au fost niciodată atât de distractive!;Решать примеры ещё никогда не было так весело!;Računanje nikad nije bilo ovako zabavno!;ගණන් හදන එක මෙතරම් විනෝද වෙලා නැහැ!;Počítanie ešte nikdy nebolo také zábavné!;Računanje še nikoli ni bilo tako zabavno!;¡Hacer cuentas nunca fue tan divertido!;Kufanya hesabu hakujawahi kufurahisha hivi!;ගණන් හදන එක මෙතරම් විනෝද වෙලා නැහැ!;கணக்குப் போடுவது இவ்வளவு வேடிக்கையாக இருந்ததே இல்லை!;คิดเลขไม่เคยสนุกเท่านี้!;རྩིས་རྒྱག་པ་དེ་འདྲ་སྤྲོ་པོ་ནམ་ཡང་མ་བྱུང་!;Počítání ještě nikdy nebylo tak zábavné!;İşlem yapmak hiç bu kadar eğlenceli olmamıştı!;حساب کبھی اتنا مزے دار نہیں تھا!;Làm toán chưa bao giờ vui thế này!;Fu gwneud symiau erioed mor hwyl!;Рашаць прыклады яшчэ ніколі не было так весела!;Ukubala akukaze kube mnandi kanje!;Det har aldrig varit så kul att räkna!
onboarding.subject.subtitle;;Subheading. One short sentence. English is 29 characters. Try to stay close to that.;Choose a topic to start with.;Kies een onderwerp om mee te beginnen.;Kies ’n onderwerp om mee te begin.;Zgjidh një temë për të filluar.;ለመጀመር ርዕስ ምረጥ።;اختر موضوعًا لتبدأ به.;Ընտրիր թեմա՝ սկսելու համար։;আৰম্ভ কৰিবলৈ এটা বিষয় বাছা।;Başlamaq üçün mövzu seç.;Aukeratu hasteko gai bat.;শুরু করার জন্য একটি বিষয় বেছে নাও।;စဖို့ အကြောင်းအရာတစ်ခု ရွေးပါ။;Izaberi temu za početak.;Избери тема, с която да започнеш.;Tria un tema per començar.;选择一个主题开始。;Vælg et emne at starte med.;Wähle ein Thema zum Starten.;Vali alustamiseks teema.;Vel eitt evni at byrja við.;Valitse aihe, josta aloitat.;Choisis un sujet pour commencer.;Escolle un tema para comezar.;აირჩიე თემა დასაწყებად.;Διάλεξε ένα θέμα για να ξεκινήσεις.;શરૂ કરવા એક વિષય પસંદ કરો.;בחרו נושא להתחיל בו.;शुरू करने के लिए एक विषय चुनें।;Válassz egy témát a kezdéshez.;Roghnaigh ábhar le tosú.;Veldu efni til að byrja á.;Pilih topik untuk memulai.;Scegli un argomento da cui iniziare.;最初にやるテーマをえらぼう。;ಆರಂಭಿಸಲು ಒಂದು ವಿಷಯ ಆರಿಸು.;Бастайтын тақырыпты таңда.;ជ្រើសប្រធានបទមួយដើម្បីចាប់ផ្តើម។;먼저 배울 주제를 골라요.;Odaberi temu za početak.;ເລືອກຫົວຂໍ້ເພື່ອເລີ່ມ.;Izvēlies tēmu, ar ko sākt.;Pasirink temą, nuo kurios pradėsi.;Избери тема за почеток.;Pilih topik untuk mula.;തുടങ്ങാൻ ഒരു വിഷയം തിരഞ്ഞെടുക്കൂ.;सुरू करण्यासाठी विषय निवड.;Эхлэх сэдвээ сонго.;सुरु गर्न एउटा विषय छान।;Velg et emne å starte med.;Обери тему для початку.;ଆରମ୍ଭ କରିବାକୁ ଗୋଟିଏ ବିଷୟ ବାଛ।;باشلايدىغان تېمىنى تاللا.;Boshlash uchun mavzu tanla.;یک موضوع برای شروع انتخاب کن.;Wybierz temat na początek.;Escolhe um tema para começar.;ਸ਼ੁਰੂ ਕਰਨ ਲਈ ਇੱਕ ਵਿਸ਼ਾ ਚੁਣੋ।;Alege un subiect cu care să începi.;Выбери тему для начала.;Izaberi temu za početak.;පටන් ගන්න මාතෘකාවක් තෝරන්න.;Vyber si tému, ktorou začneš.;Za začetek izberi temo.;Elige un tema para empezar.;Chagua mada ya kuanzia.;පටන් ගන්න මාතෘකාවක් තෝරන්න.;தொடங்க ஒரு தலைப்பைத் தேர்ந்தெடு.;เลือกหัวข้อที่จะเริ่ม;འགོ་འཛུགས་སའི་བརྗོད་གཞི་འདེམས།;Vyber si téma, kterým začneš.;Başlamak için bir konu seç.;شروع کرنے کے لیے موضوع چنیں۔;Chọn một chủ đề để bắt đầu.;Dewis bwnc i ddechrau.;Выберы тэму, з якой пачнеш.;Khetha isihloko ozoqala ngaso.;Välj ett ämne att börja med.
onboarding.subject.title;;Heading. Short and punchy. English is 26 characters. Try to stay close to that.;What do you want to learn?;Wat wil je leren?;Wat wil jy leer?;Çfarë dëshiron të mësosh?;ምን መማር ትፈልጋለህ?;ماذا تريد أن تتعلم؟;Ի՞նչ ես ուզում սովորել։;তুমি কি শিকিব খোজা?;Nə öyrənmək istəyirsən?;Zer ikasi nahi duzu?;তুমি কী শিখতে চাও?;ဘာသင်ချင်လဲ။;Šta želiš naučiti?;Какво искаш да научиш?;Què vols aprendre?;你想学什么？;Hvad vil du lære?;Was möchtest du lernen?;Mida tahad õppida?;Hvat vilt tú læra?;Mitä haluat oppia?;Que veux-tu apprendre ?;Que queres aprender?;რის სწავლა გინდა?;"Τι θέλεις να μάθεις;";તમે શું શીખવા માંગો છો?;מה תרצו ללמוד?;तुम क्या सीखना चाहते हो?;Mit szeretnél megtanulni?;Cad ba mhaith leat a fhoghlaim?;Hvað viltu læra?;Apa yang ingin kamu pelajari?;Cosa vuoi imparare?;何を学びたい？;ನೀನು ಏನು ಕಲಿಯಲು ಬಯಸುತ್ತೀಯ?;Нені үйренгің келеді?;អ្នកចង់រៀនអ្វី?;무엇을 배우고 싶나요?;Što želiš naučiti?;ເຈົ້າຢາກຮຽນຫຍັງ?;Ko tu vēlies iemācīties?;Ko nori išmokti?;Што сакаш да научиш?;Apa yang kamu mahu belajar?;നിനക്ക് എന്താണ് പഠിക്കേണ്ടത്?;तुला काय शिकायचं आहे?;Юу сурмаар байна?;तिमी के सिक्न चाहन्छौ?;Hva vil du lære?;Що ти хочеш вивчати?;ତୁମେ କ’ଣ ଶିଖିବାକୁ ଚାହୁଁଛ?;نېمىنى ئۆگەنمەكچىسەن؟;Nimani o‘rganmoqchisan?;دوست داری چه چیزی یاد بگیری؟;Czego chcesz się nauczyć?;O que queres aprender?;ਤੁਸੀਂ ਕੀ ਸਿੱਖਣਾ ਚਾਹੁੰਦੇ ਹੋ?;Ce vrei să înveți?;Чему ты хочешь научиться?;Šta želiš da naučiš?;ඔබ ඉගෙනගන්න කැමති මොනවාද?;Čo sa chceš naučiť?;Kaj se želiš naučiti?;¿Qué quieres aprender?;Unataka kujifunza nini?;ඔබ ඉගෙනගන්න කැමති මොනවාද?;நீ என்ன கற்க விரும்புகிறாய்?;อยากเรียนอะไร?;ཁྱེད་ཀྱིས་ག་རེ་སྦྱོང་འདོད་དམ།;Co se chceš naučit?;Ne öğrenmek istiyorsun?;آپ کیا سیکھنا چاہتے ہیں؟;Bạn muốn học gì?;Beth wyt ti eisiau ei ddysgu?;Што ты хочаш вывучыць?;Ufuna ukufunda ini?;Vad vill du lära dig?
options.capAt30.info;;In-app text. English is 114 characters. Try to stay close to that.;Each level has a trophy goal of up to 50. If this option is on, the game finishes automatically when you reach it.;Elk level heeft een trofeedoel van maximaal 50. Als deze optie aanstaat, wordt het spel automatisch beëindigd zodra je dat haalt.;Elke vlak het ’n trofeedoel van hoogstens 50. As hierdie opsie aan is, eindig die spel vanself wanneer jy dit bereik.;Çdo nivel ka një objektiv deri në 50 trofe. Kur ky opsion është aktiv, loja mbaron vetë sapo ta arrish.;እያንዳንዱ ደረጃ እስከ 50 የሚደርስ የዋንጫ ግብ አለው። ይህ አማራጭ ከበራ፣ ግቡን ስትደርስ ጨዋታው በራሱ ይጠናቀቃል።;لكل مستوى هدف يصل إلى 50 كأسًا. عند تفعيل هذا الخيار، تنتهي اللعبة تلقائيًا عند بلوغه.;Յուրաքանչյուր մակարդակի գավաթների նպատակը մինչև 50 է։ Եթե այս ընտրանքը միացված է, խաղն ինքնաբերաբար ավարտվում է, երբ հասնում ես դրան։;প্ৰতিটো লেভেলত সৰ্বাধিক ৫০টা ট্ৰফীৰ লক্ষ্য আছে। এই বিকল্প চালু থাকিলে লক্ষ্য পোৱাৰ লগে লগে খেল নিজে শেষ হ’ব।;Hər səviyyənin ən çox 50 kuboklu hədəfi var. Bu seçim aktivdirsə, hədəfə çatanda oyun avtomatik bitir.;Maila bakoitzak gehienez 50 garaikurreko helburua du. Aukera hau piztuta badago, jokoa automatikoki amaituko da helburura iristean.;প্রতিটি লেভেলে সর্বোচ্চ ৫০টি ট্রফির লক্ষ্য আছে। এটি চালু থাকলে লক্ষ্য পূরণ করলেই খেলা নিজে থেকে শেষ হবে।;အဆင့်တိုင်းမှာ ဆုဖလားပန်းတိုင် အများဆုံး 50 ရှိတယ်။ ဒီရွေးချယ်မှုဖွင့်ထားရင် ပန်းတိုင်ရောက်တာနဲ့ ဂိမ်းအလိုအလျောက်ပြီးမယ်။;Svaki nivo ima cilj do 50 trofeja. Ako je ova opcija uključena, igra se automatski završava kad ga dostigneš.;Всяко ниво има цел до 50 трофея. Когато тази опция е включена, играта завършва автоматично, щом я достигнеш.;Cada nivell té un objectiu de fins a 50 trofeus. Si actives aquesta opció, el joc s’acaba automàticament quan l’assoleixes.;每关的奖杯目标最高为 50。开启后，达到目标时游戏会自动结束。;Hver bane har et pokalmål på op til 50. Når denne indstilling er slået til, slutter spillet automatisk, når du når målet.;Jedes Level hat ein Pokalziel von höchstens 50. Ist diese Option an, endet das Spiel automatisch, sobald du es erreichst.;Igal tasemel on kuni 50 karika eesmärk. Kui see valik on sees, lõpeb mäng eesmärgi täitumisel automaatselt.;Hvørt stig hevur eitt steypamál upp í 50. Er hetta tendrað, endar spælið sjálvt, tá tú røkkur málinum.;Jokaisella tasolla on enintään 50 pokaalin tavoite. Kun tämä asetus on päällä, peli päättyy automaattisesti saavuttaessasi tavoitteen.;Chaque niveau a un objectif allant jusqu’à 50 trophées. Si cette option est activée, la partie se termine automatiquement quand tu l’atteins.;Cada nivel ten un obxectivo de ata 50 trofeos. Se activas esta opción, o xogo remata automaticamente ao acadalo.;თითოეულ დონეზე თასების მიზანი მაქსიმუმ 50-ია. თუ ეს პარამეტრი ჩართულია, მიზნის მიღწევისას თამაში ავტომატურად დასრულდება.;Κάθε επίπεδο έχει στόχο έως 50 τρόπαια. Αν αυτή η επιλογή είναι ενεργή, το παιχνίδι τελειώνει αυτόματα όταν τον φτάσεις.;દરેક લેવલમાં વધુમાં વધુ 50 ટ્રોફીનું લક્ષ્ય છે. આ વિકલ્પ ચાલુ હોય તો લક્ષ્ય મળતાં રમત આપમેળે પૂરી થશે.;בכל שלב יש יעד של עד 50 גביעים. כשהאפשרות הזו פועלת, המשחק מסתיים אוטומטית כשמגיעים ליעד.;हर स्तर का ट्रॉफी लक्ष्य अधिकतम 50 है। यह विकल्प चालू हो तो लक्ष्य पाते ही खेल अपने-आप खत्म हो जाएगा।;Minden szinten legfeljebb 50 trófea a cél. Ha ezt bekapcsolod, a játék automatikusan véget ér, amikor eléred.;Tá sprioc suas le 50 trófaí ag gach leibhéal. Má tá an rogha seo ar siúl, críochnaíonn an cluiche go huathoibríoch nuair a bhaineann tú amach í.;Hvert borð hefur markmið upp á allt að 50 bikara. Þegar þetta er virkt lýkur leiknum sjálfkrafa þegar þú nærð því.;Setiap level memiliki target hingga 50 trofi. Jika opsi ini aktif, permainan otomatis selesai saat target tercapai.;Ogni livello ha un obiettivo massimo di 50 trofei. Se questa opzione è attiva, la partita finisce automaticamente quando lo raggiungi.;各レベルのトロフィー目標は最大50こです。オンにすると、目標に達したときゲームが自動で終わります。;ಪ್ರತಿ ಹಂತದ ಟ್ರೋಫಿ ಗುರಿ ಗರಿಷ್ಠ 50. ಈ ಆಯ್ಕೆ ಆನ್ ಇದ್ದರೆ, ಗುರಿ ತಲುಪಿದಾಗ ಆಟ ಸ್ವಯಂಚಾಲಿತವಾಗಿ ಮುಗಿಯುತ್ತದೆ.;Әр деңгейде 50-ге дейінгі жүлде мақсаты бар. Бұл баптау қосылса, мақсатқа жеткенде ойын автоматты түрде аяқталады.;កម្រិតនីមួយៗមានគោលដៅពានរហូតដល់ 50។ បើបើកជម្រើសនេះ ហ្គេមនឹងបញ្ចប់ដោយស្វ័យប្រវត្តិពេលអ្នកសម្រេចគោលដៅ។;각 레벨의 트로피 목표는 최대 50개예요. 이 옵션을 켜면 목표에 도달했을 때 게임이 자동으로 끝나요.;Svaka razina ima cilj do 50 pehara. Ako je ova opcija uključena, igra automatski završava kad ga dosegneš.;ແຕ່ລະດ່ານມີເປົ້າໝາຍສູງສຸດ 50 ຖ້ວຍ. ຖ້າເປີດຕົວເລືອກນີ້ ເກມຈະຈົບອັດຕະໂນມັດເມື່ອເຈົ້າຮອດເປົ້າໝາຍ.;Katrā līmenī trofeju mērķis ir līdz 50. Ja šī iespēja ir ieslēgta, spēle automātiski beidzas, kad to sasniedz.;Kiekviename lygyje galima siekti iki 50 trofėjų. Įjungus šią parinktį, pasiekus tikslą žaidimas baigsis automatiškai.;Секое ниво има цел до 50 трофеи. Кога оваа опција е вклучена, играта автоматски завршува штом ќе ја достигнеш.;Setiap tahap ada sasaran hingga 50 trofi. Jika pilihan ini hidup, permainan tamat automatik bila sasaran dicapai.;ഓരോ ലെവലിലും പരമാവധി 50 ട്രോഫികളുടെ ലക്ഷ്യമുണ്ട്. ഇത് ഓണാക്കിയാൽ ലക്ഷ്യം എത്തിയ ഉടൻ കളി തീരും.;प्रत्येक स्तराचे ट्रॉफी ध्येय जास्तीत जास्त 50 आहे. हा पर्याय सुरू असेल, तर ध्येय गाठल्यावर खेळ आपोआप संपेल.;Түвшин бүр 50 хүртэлх цомын зорилготой. Үүнийг асаавал зорилгодоо хүрэхэд тоглоом автоматаар дуусна.;हरेक लेभलमा बढीमा ५० ट्रफीको लक्ष्य हुन्छ। यो विकल्प चालु भए लक्ष्य पुगेपछि खेल आफैं सकिन्छ।;Hvert nivå har et trofémål på opptil 50. Når dette valget er på, avsluttes spillet automatisk når du når målet.;На кожному рівні можна здобути до 50 трофеїв. Якщо цю опцію ввімкнено, гра автоматично завершиться, коли ти досягнеш цілі.;ପ୍ରତ୍ୟେକ ଲେଭେଲ୍‌ରେ ସର୍ବାଧିକ 50 ଟ୍ରଫିର ଲକ୍ଷ୍ୟ ରହେ। ଏହି ବିକଳ୍ପ ଚାଲୁ ଥିଲେ, ଲକ୍ଷ୍ୟ ପୂରଣ କରିବାମାତ୍ରେ ଖେଳ ନିଜେ ଶେଷ ହେବ।;ھەر بىر دەرىجىنىڭ ئەڭ كۆپ 50 لوڭقىلىق نىشانى بار. بۇ تاللانما ئوچۇق بولسا، نىشانغا يەتكەندە ئويۇن ئاپتوماتىك ئاخىرلىشىدۇ.;Har bir bosqichda 50 tagacha sovrin maqsadi bor. Bu sozlama yoqilsa, maqsadga yetganingda o‘yin avtomatik tugaydi.;هر مرحله تا ۵۰ جام هدف دارد. اگر این گزینه روشن باشد، وقتی به هدف برسی بازی خودکار تمام می‌شود.;Każdy poziom ma cel do 50 pucharów. Gdy ta opcja jest włączona, gra kończy się automatycznie po jego osiągnięciu.;Cada nível tem uma meta de até 50 troféus. Com esta opção ligada, o jogo termina automaticamente quando a atinges.;ਹਰ ਲੈਵਲ ਵਿੱਚ ਵੱਧ ਤੋਂ ਵੱਧ 50 ਟ੍ਰਾਫੀਆਂ ਦਾ ਟੀਚਾ ਹੈ। ਇਹ ਚੋਣ ਚਾਲੂ ਹੋਵੇ ਤਾਂ ਟੀਚਾ ਪੂਰਾ ਹੁੰਦੇ ਹੀ ਖੇਡ ਆਪਣੇ ਆਪ ਮੁੱਕ ਜਾਂਦੀ ਹੈ।;Fiecare nivel are un obiectiv de până la 50 de trofee. Dacă această opțiune este activă, jocul se încheie automat când îl atingi.;На каждом уровне можно получить до 50 трофеев. Если включить эту настройку, игра завершится автоматически, когда цель будет достигнута.;Svaki nivo ima cilj do 50 trofeja. Kad je ova opcija uključena, igra se završava čim ga dostigneš.;එක් එක් මට්ටමේ කුසලාන ඉලක්කය 50 දක්වා වේ. මෙය ක්‍රියාත්මක නම් ඉලක්කයට ළඟා වූ විට ක්‍රීඩාව ස්වයංක්‍රීයව අවසන් වේ.;Každá úroveň má cieľ najviac 50 trofejí. Ak je táto možnosť zapnutá, hra sa po jeho dosiahnutí automaticky skončí.;Vsaka stopnja ima cilj do 50 pokalov. Ko je ta možnost vklopljena, se igra samodejno konča, ko ga dosežeš.;Cada nivel tiene un objetivo de hasta 50 trofeos. Si activas esta opción, el juego termina automáticamente al alcanzarlo.;Kila kiwango kina lengo la hadi vikombe 50. Chaguo hili likiwashwa, mchezo huisha moja kwa moja unapolifikia.;එක් එක් මට්ටමේ කුසලාන ඉලක්කය 50 දක්වා වේ. මෙය ක්‍රියාත්මක නම් ඉලක්කයට ළඟා වූ විට ක්‍රීඩාව ස්වයංක්‍රීයව අවසන් වේ.;ஒவ்வொரு நிலைக்கும் அதிகபட்சம் 50 கோப்பைகள் இலக்கு. இது இயக்கப்பட்டால், இலக்கை அடைந்ததும் விளையாட்டு தானாக முடியும்.;แต่ละด่านมีเป้าหมายสูงสุด 50 ถ้วย เมื่อเปิดตัวเลือกนี้ เกมจะจบเองเมื่อถึงเป้าหมาย;རིམ་པ་རེར་བྱ་དགའི་དམིགས་ཡུལ་50 བར་ཡོད། འདེམས་སྒྲིག་འདི་ཁ་ཕྱེ་ན། དམིགས་ཡུལ་སླེབས་མ་ཐག་རྩེད་མོ་རང་འགུལ་གྱིས་མཇུག་སྒྲིལ།;Každá úroveň má cíl až 50 trofejí. Když je tato možnost zapnutá, hra po jeho dosažení automaticky skončí.;Her seviyenin en fazla 50 kupalık bir hedefi vardır. Bu seçenek açıksa hedefe ulaşınca oyun otomatik olarak biter.;ہر لیول میں زیادہ سے زیادہ 50 ٹرافیوں کا ہدف ہے۔ یہ اختیار آن ہو تو ہدف پورا ہوتے ہی کھیل خود ختم ہو جاتا ہے۔;Mỗi cấp có mục tiêu tối đa 50 cúp. Khi bật tùy chọn này, trò chơi tự kết thúc khi bạn đạt mục tiêu.;Mae gan bob lefel nod o hyd at 50 tlws. Os yw'r dewis hwn ymlaen, bydd y gêm yn gorffen yn awtomatig pan gyrhaeddi di'r nod.;На кожным узроўні можна сабраць да 50 трафеяў. Калі гэтая налада ўключана, гульня завершыцца аўтаматычна, калі ты дасягнеш мэты.;Ileveli ngayinye inomgomo wezindebe ofinyelela ku-50. Uma le nketho ivuliwe, umdlalo uphela ngokuzenzakalela lapho uwufinyelela.;Varje nivå har ett pokalmål på högst 50. När detta är på avslutas spelet automatiskt när du når målet.
options.capAt30.title;;Heading. Short and punchy. English is 14 characters. Try to stay close to that.;Finish at goal;Afronden bij doel;Eindig by doel;Mbaro te objektivi;ግቡ ላይ ጨርስ;الإنهاء عند الهدف;Ավարտել նպատակին հասնելիս;লক্ষ্যত শেষ;Hədəfdə bitir;Amaitu helburuan;লক্ষ্যে শেষ;ပန်းတိုင်ရောက်လျှင် ပြီးရန်;Završi na cilju;Край при целта;Acaba en assolir l’objectiu;达标后结束;Slut ved målet;Am Ziel beenden;Lõpeta eesmärgil;Enda við málið;Lopeta tavoitteeseen;Finir à l’objectif;Rematar no obxectivo;მიზანზე დასრულება;Τέλος στον στόχο;લક્ષ્યે પૂરું કરો;סיום ביעד;लक्ष्य पर खत्म करें;Befejezés a célnál;Críochnaigh ag an sprioc;Ljúka við markmið;Selesai saat target tercapai;Finisci all’obiettivo;目標でおわる;ಗುರಿಯಲ್ಲಿ ಮುಗಿಸು;Мақсатта аяқтау;បញ្ចប់តាមគោលដៅ;목표에서 끝내기;Završi na cilju;ຈົບເມື່ອຮອດເປົ້າ;Beigt pie mērķa;Baigti pasiekus tikslą;Заврши на целта;Tamat pada sasaran;ലക്ഷ്യത്തിലെത്തുമ്പോൾ തീർക്കൂ;ध्येयावर पूर्ण;Зорилгод хүрээд дуусгах;लक्ष्यमा सकाऊ;Avslutt ved målet;Завершити за ціллю;ଲକ୍ଷ୍ୟରେ ଶେଷ;نىشاندا ئاخىرلاشتۇر;Maqsadda tugatish;پایان در هدف;Zakończ po celu;Terminar na meta;ਟੀਚੇ 'ਤੇ ਖਤਮ;Oprește la obiectiv;Завершать у цели;Završi na cilju;ඉලක්කයේදී අවසන් කරන්න;Skončiť pri cieli;Končaj ob cilju;Terminar al alcanzar el objetivo;Maliza ukifikia lengo;ඉලක්කයේදී අවසන් කරන්න;இலக்கில் முடி;จบเมื่อถึงเป้าหมาย;དམིགས་ཡུལ་སླེབས་ན་ཚར།;Skončit po dosažení cíle;Hedefte bitir;ہدف پر ختم کریں;Kết thúc khi đạt mục tiêu;Gorffen wrth y nod;Фініш па мэце;Qeda emgomweni;Sluta vid målet
options.helperMode.info;;In-app text. English is 135 characters. Try to stay close to that.;In Helper Mode the correct answer is always shown in green. Trophies earned in this mode are counted separately and marked with a star.;In de hulpmodus wordt het juiste antwoord altijd groen weergegeven. Trofeeën die je in deze modus verdient worden apart geteld en gemarkeerd met een ster.;In Helpermodus word die regte antwoord altyd groen gewys. Trofeë wat jy in dié modus verdien, word apart getel en met ’n ster gemerk.;Në modalitetin e ndihmës, përgjigjja e saktë shfaqet gjithmonë me të gjelbër. Trofetë e fituar këtu numërohen veç dhe shënohen me yll.;በረዳት ሁነታ ትክክለኛው መልስ ሁልጊዜ በአረንጓዴ ይታያል። በዚህ ሁነታ የሚገኙ ዋንጫዎች ለብቻቸው ተቆጥረው በኮከብ ይለያሉ።;في وضع المساعد، تظهر الإجابة الصحيحة دائمًا بالأخضر. تُحسب الكؤوس المكتسبة فيه بشكل منفصل وتُميّز بنجمة.;Օգնականի ռեժիմում ճիշտ պատասխանը միշտ կանաչ է։ Այս ռեժիմում վաստակած գավաթները հաշվվում են առանձին և նշվում աստղով։;সহায়ক মোডত সঠিক উত্তৰ সদায় সেউজীয়া দেখুৱায়। এই মোডৰ ট্ৰফী পৃথকে গণনা হয় আৰু তাৰকা চিহ্ন থাকে।;Köməkçi rejimdə düzgün cavab həmişə yaşıl göstərilir. Bu rejimdə qazanılan kuboklar ayrıca sayılır və ulduzla işarələnir.;Laguntzaile moduan, erantzun zuzena beti berdez agertzen da. Modu honetan lortutako garaikurrak aparte zenbatzen dira eta izar batekin markatzen dira.;সহায়ক মোডে সঠিক উত্তর সব সময় সবুজ দেখানো হয়। এই মোডের ট্রফি আলাদা গোনা হয় এবং তারকা দিয়ে চিহ্নিত থাকে।;အကူမုဒ်မှာ အဖြေမှန်ကို အမြဲအစိမ်းရောင်နဲ့ ပြမယ်။ ဒီမုဒ်က ဆုဖလားတွေကို သီးခြားရေတွက်ပြီး ကြယ်ပွင့်နဲ့ မှတ်ထားမယ်။;U načinu s pomoćnikom tačan odgovor je uvijek zelen. Trofeji osvojeni u ovom načinu broje se odvojeno i označeni su zvjezdicom.;В режим с помощ верният отговор винаги е зелен. Спечелените тук трофеи се броят отделно и са отбелязани със звезда.;En el mode d’ajuda, la resposta correcta sempre es mostra en verd. Els trofeus guanyats en aquest mode es compten a part i es marquen amb una estrella.;辅助模式会一直用绿色显示正确答案。在此模式中获得的奖杯会单独计算，并标上星号。;I hjælpetilstand vises det rigtige svar altid med grønt. Pokaler fra denne tilstand tælles separat og markeres med en stjerne.;Im Hilfemodus wird die richtige Antwort immer grün angezeigt. Dort verdiente Pokale werden getrennt gezählt und mit einem Stern markiert.;Abilise režiimis näidatakse õiget vastust alati roheliselt. Selles režiimis teenitud karikad loetakse eraldi ja märgitakse tärniga.;Í hjálparstøðu verður rætta svarið altíð víst grønt. Steyp, sum tú vinnur her, verða tald fyri seg og merkt við stjørnu.;Apuritilassa oikea vastaus näkyy aina vihreänä. Tässä tilassa ansaitut pokaalit lasketaan erikseen ja merkitään tähdellä.;En mode Aide, la bonne réponse est toujours affichée en vert. Les trophées gagnés dans ce mode sont comptés séparément et marqués d’une étoile.;No modo de axuda, a resposta correcta sempre aparece en verde. Os trofeos gañados neste modo cóntanse á parte e márcanse cunha estrela.;დამხმარე რეჟიმში სწორი პასუხი ყოველთვის მწვანედ ჩანს. ამ რეჟიმში მიღებული თასები ცალკე ითვლება და ვარსკვლავით აღინიშნება.;Στη λειτουργία βοήθειας, η σωστή απάντηση φαίνεται πάντα με πράσινο. Τα τρόπαια που κερδίζεις εδώ μετριούνται χωριστά και έχουν ένα αστέρι.;મદદ મોડમાં સાચો જવાબ હંમેશા લીલો દેખાય છે. આ મોડમાં મળેલી ટ્રોફીઓ અલગ ગણાય છે અને તારાથી ચિહ્નિત થાય છે.;במצב עזרה התשובה הנכונה תמיד מוצגת בירוק. גביעים שמרוויחים במצב הזה נספרים בנפרד ומסומנים בכוכבית.;सहायक मोड में सही उत्तर हमेशा हरे रंग में दिखता है। इस मोड की ट्रॉफियाँ अलग गिनी जाती हैं और उन पर तारा लगा होता है।;Segítő módban a helyes válasz mindig zöld. Az itt szerzett trófeákat külön számoljuk, és csillaggal jelöljük.;Sa Mhód Cúntóra, taispeántar an freagra ceart i nglas i gcónaí. Déantar na trófaithe a fhaightear sa mhód seo a chomhaireamh ar leithligh agus marcáiltear iad le réalta.;Í hjálparstillingu er rétta svarið alltaf grænt. Bikarar sem fást þar teljast sér og eru merktir með stjörnu.;Dalam Mode Bantuan, jawaban benar selalu ditampilkan hijau. Trofi dari mode ini dihitung terpisah dan diberi tanda bintang.;Nella modalità Aiuto, la risposta corretta è sempre mostrata in verde. I trofei guadagnati vengono contati a parte e contrassegnati con una stella.;おたすけモードでは、正しい答えがいつも緑色で表示されます。このモードでもらったトロフィーは別に数え、星印が付きます。;ಸಹಾಯಕ ಮೋಡ್‌ನಲ್ಲಿ ಸರಿಯಾದ ಉತ್ತರ ಯಾವಾಗಲೂ ಹಸಿರಿನಲ್ಲಿ ಕಾಣುತ್ತದೆ. ಈ ಮೋಡ್‌ನಲ್ಲಿ ಗಳಿಸಿದ ಟ್ರೋಫಿಗಳನ್ನು ಬೇರೆ ಎಣಿಸಿ ನಕ್ಷತ್ರ ಗುರುತು ಹಾಕಲಾಗುತ್ತದೆ.;Көмекші режимінде дұрыс жауап әрдайым жасыл түспен көрсетіледі. Бұл режимде алынған жүлделер бөлек саналып, жұлдызшамен белгіленеді.;ក្នុងរបៀបជំនួយ ចម្លើយត្រឹមត្រូវតែងតែបង្ហាញជាពណ៌បៃតង។ ពានដែលរកបានក្នុងរបៀបនេះត្រូវបានរាប់ដាច់ដោយឡែក និងសម្គាល់ដោយផ្កាយ។;도우미 모드에서는 정답이 항상 초록색으로 보여요. 이 모드에서 받은 트로피는 따로 계산되고 별표가 붙어요.;U načinu pomoći točan je odgovor uvijek zelen. Pehari osvojeni u tom načinu broje se odvojeno i označeni su zvjezdicom.;ໃນໂໝດຕົວຊ່ວຍ ຄຳຕອບທີ່ຖືກຈະສະແດງເປັນສີຂຽວສະເໝີ. ຖ້ວຍທີ່ໄດ້ໃນໂໝດນີ້ຈະນັບແຍກ ແລະ ໝາຍດ້ວຍດາວ.;Palīga režīmā pareizā atbilde vienmēr ir zaļa. Šajā režīmā nopelnītās trofejas skaita atsevišķi un atzīmē ar zvaigznīti.;Pagalbos režimu teisingas atsakymas visada rodomas žaliai. Šiuo režimu gauti trofėjai skaičiuojami atskirai ir žymimi žvaigždute.;Во режимот со помош точниот одговор секогаш е зелен. Трофеите освоени во овој режим се бројат одделно и се означени со ѕвездичка.;Dalam Mod Pembantu, jawapan betul sentiasa ditunjukkan hijau. Trofi dalam mod ini dikira berasingan dan ditanda bintang.;സഹായി മോഡിൽ ശരിയായ ഉത്തരം എപ്പോഴും പച്ചയായി കാണിക്കും. ഈ മോഡിൽ നേടിയ ട്രോഫികൾ വേറെയായി എണ്ണി നക്ഷത്രം അടയാളപ്പെടുത്തും.;मदतनीस मोडमध्ये योग्य उत्तर नेहमी हिरवे दिसते. या मोडमधल्या ट्रॉफी वेगळ्या मोजल्या जातात आणि त्यांना तारा असतो.;Туслагчийн горимд зөв хариултыг үргэлж ногооноор харуулна. Энэ горимд авсан цомыг тусад нь тоолж, одоор тэмдэглэнэ.;सहायक मोडमा सही उत्तर सधैं हरियो देखिन्छ। यस मोडका ट्रफी छुट्टै गनिन्छन् र ताराले चिनिन्छन्।;I hjelpemodus vises riktig svar alltid med grønt. Trofeer du får i denne modusen, telles separat og merkes med en stjerne.;У режимі помічника правильна відповідь завжди зелена. Трофеї з цього режиму рахуються окремо й позначаються зірочкою.;ସହାୟକ ମୋଡ୍‌ରେ ଠିକ୍ ଉତ୍ତର ସବୁବେଳେ ସବୁଜ ରଙ୍ଗରେ ଦେଖାଯାଏ। ଏହି ମୋଡ୍‌ରେ ଜିତିଥିବା ଟ୍ରଫି ଅଲଗା ଗଣାଯାଏ ଓ ତାରା ଚିହ୍ନ ଦିଆଯାଏ।;ياردەمچى ھالەتتە توغرا جاۋاب ھەمىشە يېشىل كۆرسىتىلىدۇ. بۇ ھالەتتە ئېرىشكەن لوڭقىلار ئايرىم ھېسابلىنىپ، يۇلتۇز بىلەن بەلگىلىنىدۇ.;Yordamchi rejimda to‘g‘ri javob doim yashil ko‘rsatiladi. Bu rejimda olingan sovrinlar alohida sanaladi va yulduzcha bilan belgilanadi.;در حالت راهنما، پاسخ درست همیشه سبز است. جام‌های این حالت جدا شمرده می‌شوند و ستاره دارند.;W trybie pomocy poprawna odpowiedź jest zawsze zielona. Zdobyte tu puchary są liczone osobno i oznaczone gwiazdką.;No modo de ajuda, a resposta certa aparece sempre a verde. Os troféus ganhos neste modo são contados à parte e marcados com uma estrela.;ਸਹਾਇਕ ਮੋਡ ਵਿੱਚ ਸਹੀ ਜਵਾਬ ਹਮੇਸ਼ਾ ਹਰੇ ਰੰਗ ਵਿੱਚ ਦਿਖਦਾ ਹੈ। ਇਸ ਮੋਡ ਦੀਆਂ ਟ੍ਰਾਫੀਆਂ ਵੱਖ ਗਿਣੀਆਂ ਜਾਂਦੀਆਂ ਹਨ ਅਤੇ ਤਾਰੇ ਨਾਲ ਨਿਸ਼ਾਨ ਲੱਗਦਾ ਹੈ।;În modul Ajutor, răspunsul corect este mereu verde. Trofeele câștigate astfel sunt numărate separat și marcate cu o stea.;В режиме подсказки правильный ответ всегда выделен зелёным. Полученные здесь трофеи считаются отдельно и отмечаются звёздочкой.;U režimu pomoći tačan odgovor je uvek zelen. Trofeji osvojeni u ovom režimu broje se odvojeno i označeni su zvezdicom.;උදව් මාදිලියේ නිවැරදි පිළිතුර හැමවිටම කොළ පාටින් පෙන්වයි. මෙහි උපයන කුසලාන වෙනම ගණන් කර තරුවකින් සලකුණු කරයි.;V režime pomocníka je správna odpoveď vždy zelená. Trofeje získané v tomto režime sa počítajú osobitne a označujú hviezdičkou.;V načinu pomočnika je pravilen odgovor vedno prikazan zeleno. Pokali, osvojeni v tem načinu, se štejejo posebej in so označeni z zvezdico.;En el modo Ayuda, la respuesta correcta siempre aparece en verde. Los trofeos ganados en este modo se cuentan aparte y llevan una estrella.;Katika Hali ya Msaada, jibu sahihi huonyeshwa kwa kijani. Vikombe vya hali hii huhesabiwa kando na kutiwa nyota.;උදව් මාදිලියේ නිවැරදි පිළිතුර හැමවිටම කොළ පාටින් පෙන්වයි. මෙහි උපයන කුසලාන වෙනම ගණන් කර තරුවකින් සලකුණු කරයි.;உதவி முறையில் சரியான விடை எப்போதும் பச்சை நிறத்தில் காட்டப்படும். இதில் கிடைக்கும் கோப்பைகள் தனியாக எண்ணப்பட்டு நட்சத்திரக் குறியுடன் காட்டப்படும்.;ในโหมดตัวช่วย คำตอบที่ถูกจะแสดงเป็นสีเขียวเสมอ ถ้วยรางวัลจากโหมดนี้จะนับแยกและมีรูปดาว;རོགས་རམ་རྣམ་པའི་ནང་ལན་འགྲིག་པ་རྟག་ཏུ་ལྗང་ཁུས་མཚོན། རྣམ་པ་འདིར་ཐོབ་པའི་བྱ་དགའ་ལོགས་སུ་བརྩི་ཞིང་སྐར་མས་རྟགས་བཀོད།;V režimu nápovědy je správná odpověď vždy zelená. Trofeje získané v tomto režimu se počítají zvlášť a označují hvězdičkou.;Yardımcı Modu'nda doğru cevap her zaman yeşil gösterilir. Bu modda kazanılan kupalar ayrı sayılır ve yıldızla işaretlenir.;مددگار موڈ میں درست جواب ہمیشہ سبز دکھتا ہے۔ اس موڈ کی ٹرافیاں الگ گنی جاتی ہیں اور ستارے سے نشان زد ہوتی ہیں۔;Trong chế độ trợ giúp, đáp án đúng luôn hiện màu xanh. Cúp nhận được ở chế độ này được tính riêng và đánh dấu bằng ngôi sao.;Yn y Modd Cynorthwyydd, mae'r ateb cywir bob amser yn wyrdd. Caiff tlysau a enillir yn y modd hwn eu cyfrif ar wahân a'u marcio â seren.;У рэжыме падказкі правільны адказ заўсёды паказаны зялёным. Заробленыя тут трафеі лічацца асобна і пазначаюцца зоркай.;Kumodi yomsizi, impendulo efanele ihlale iboniswa ngokuluhlaza. Izindebe ezitholwe kule modi zibalwa ngokwehlukana futhi zimakwe ngenkanyezi.;I hjälpläget visas rätt svar alltid i grönt. Pokaler du får i detta läge räknas separat och markeras med en stjärna.
options.helperMode.title;;Heading. Short and punchy. English is 11 characters. Try to stay close to that.;Helper mode;Helpermodus;Helpermodus;Modaliteti i ndihmës;ረዳት ሁነታ;وضع المساعد;Օգնականի ռեժիմ;সহায়ক মোড;Köməkçi rejim;Laguntzaile modua;সহায়ক মোড;အကူမုဒ်;Način s pomoćnikom;Режим с помощ;Mode d’ajuda;辅助模式;Hjælpetilstand;Hilfemodus;Abilise režiim;Hjálparstøða;Apuritila;Mode Aide;Modo de axuda;დამხმარე რეჟიმი;Λειτουργία βοήθειας;મદદ મોડ;מצב עזרה;सहायक मोड;Segítő mód;Mód Cúntóra;Hjálparstilling;Mode Bantuan;Modalità Aiuto;おたすけモード;ಸಹಾಯಕ ಮೋಡ್;Көмекші режимі;របៀបជំនួយ;도우미 모드;Način pomoći;ໂໝດຕົວຊ່ວຍ;Palīga režīms;Pagalbos režimas;Режим со помош;Mod pembantu;സഹായി മോഡ്;मदतनीस मोड;Туслагчийн горим;सहायक मोड;Hjelpemodus;Режим помічника;ସହାୟକ ମୋଡ୍;ياردەمچى ھالەت;Yordamchi rejim;حالت راهنما;Tryb pomocy;Modo de ajuda;ਸਹਾਇਕ ਮੋਡ;Mod Ajutor;Режим подсказки;Režim pomoći;උදව් මාදිලිය;Režim pomocníka;Način pomočnika;Modo Ayuda;Hali ya msaada;උදව් මාදිලිය;உதவி முறை;โหมดตัวช่วย;རོགས་རམ་རྣམ་པ;Režim nápovědy;Yardımcı modu;مددگار موڈ;Chế độ trợ giúp;Modd Cynorthwyydd;Рэжым падказкі;Imodi yomsizi;Hjälpläge
options.unlimitedLives.info;;In-app text. English is 156 characters. Try to stay close to that.;You always start with 3 lives. The game will finish when you have no lives left. Turn this option on to keep playing and practice after your lives are gone.;Je begint altijd met 3 levens. Het spel wordt beëindigd als je geen levens meer hebt. Zet deze optie aan om door te spelen en te oefenen nadat je levens op zijn.;Jy begin altyd met 3 lewens. Die spel eindig wanneer jy geen lewens oor het nie. Skakel dié opsie aan om aan te hou speel en oefen nadat jou lewens op is.;Fillon gjithmonë me 3 jetë. Loja mbaron kur nuk të mbetet asnjë jetë. Aktivizoje këtë opsion për të vazhduar të luash e të ushtrohesh pasi të mbarojnë jetët.;ሁልጊዜ በ3 ሕይወቶች ትጀምራለህ። ሕይወቶችህ ሲያልቁ ጨዋታው ይጠናቀቃል። ሕይወቶችህ ካለቁ በኋላም ለመጫወትና ለመለማመድ ይህን አማራጭ አብራ።;تبدأ دائمًا بـ3 حيوات. تنتهي اللعبة عند نفادها. فعّل هذا الخيار لمتابعة اللعب والتمرّن بعد نفاد حيواتك.;Դու միշտ սկսում ես 3 կյանքով։ Երբ կյանքերդ վերջանան, խաղը կավարտվի։ Միացրու այս ընտրանքը՝ դրանից հետո էլ խաղալու և փորձելու համար։;তুমি সদায় ৩টা জীৱনেৰে আৰম্ভ কৰা। জীৱন শেষ হ’লে খেল শেষ হ’ব। জীৱন শেষৰ পিছতো খেলি অভ্যাস কৰিবলৈ এই বিকল্প চালু কৰা।;Həmişə 3 canla başlayırsan. Canların bitəndə oyun başa çatır. Canların bitəndən sonra da oynayıb məşq etmək üçün bu seçimi aktiv et.;Beti 3 bizitzarekin hasten zara. Bizitzarik gabe geratzean, jokoa amaituko da. Piztu aukera hau bizitzak amaitu ondoren jolasten eta praktikatzen jarraitzeko.;তুমি সব সময় ৩টি জীবন নিয়ে শুরু করবে। জীবন শেষ হলে খেলা শেষ হবে। জীবন শেষের পরও খেলতে ও অনুশীলন করতে এটি চালু করো।;အမြဲ အသက် ၃ ခုနဲ့ စမယ်။ အသက်ကုန်ရင် ဂိမ်းပြီးမယ်။ အသက်ကုန်ပြီးနောက်လည်း ဆက်ကစားလေ့ကျင့်ဖို့ ဒီရွေးချယ်မှုကို ဖွင့်ပါ။;Uvijek počinješ s 3 života. Igra završava kad izgubiš sve živote. Uključi ovu opciju da nastaviš igrati i vježbati nakon toga.;Винаги започваш с 3 живота. Играта свършва, когато останеш без животи. Включи тази опция, за да продължиш да играеш и упражняваш след това.;Sempre comences amb 3 vides. El joc s’acaba quan et quedes sense vides. Activa aquesta opció per continuar jugant i practicant després de perdre-les.;你每次都从 3 条生命开始。生命用完时游戏结束。开启此选项后，生命用完仍可继续练习。;Du starter altid med 3 liv. Spillet slutter, når du ikke har flere liv. Slå dette til for at fortsætte med at spille og øve, når dine liv er brugt.;Du startest immer mit 3 Leben. Das Spiel endet, wenn du keine Leben mehr hast. Schalte diese Option ein, um danach weiterzuspielen und zu üben.;Alustad alati 3 eluga. Mäng lõpeb, kui elud saavad otsa. Lülita see sisse, et pärast elude lõppemist edasi mängida ja harjutada.;Tú byrjar altíð við 3 lívum. Spælið endar, tá tú einki lív hevur eftir. Tendr hetta fyri at halda fram at spæla og venja, tá lívini eru uppi.;Aloitat aina kolmella elämällä. Peli päättyy, kun elämäsi loppuvat. Ota tämä käyttöön, jotta voit jatkaa pelaamista ja harjoittelua sen jälkeen.;Tu commences toujours avec 3 vies. La partie se termine quand tu n’as plus de vies. Active cette option pour continuer à jouer et t’entraîner après les avoir perdues.;Sempre comezas con 3 vidas. O xogo remata cando quedas sen vidas. Activa esta opción para seguir xogando e practicando despois.;ყოველთვის 3 სიცოცხლით იწყებ. როცა სიცოცხლე აღარ დაგრჩება, თამაში დასრულდება. ჩართე ეს პარამეტრი, რომ სიცოცხლეების ამოწურვის შემდეგაც გააგრძელო თამაში და ვარჯიში.;Ξεκινάς πάντα με 3 ζωές. Το παιχνίδι τελειώνει όταν δεν σου μείνει καμία. Ενεργοποίησε αυτή την επιλογή για να συνεχίσεις να παίζεις και να εξασκείσαι μετά.;તમે હંમેશા 3 જીવનથી શરૂ કરો છો. જીવન પૂરાં થતાં રમત પૂરી થશે. જીવન પૂરાં થયા પછી પણ રમવા અને અભ્યાસ કરવા આ વિકલ્પ ચાલુ કરો.;תמיד מתחילים עם 3 חיים. המשחק מסתיים כשלא נשארים חיים. הפעילו אפשרות זו כדי להמשיך לשחק ולהתאמן גם אחרי שהחיים נגמרים.;तुम हमेशा 3 जीवन से शुरू करते हो। जीवन खत्म होते ही खेल खत्म होगा। जीवन खत्म होने के बाद भी खेलने और अभ्यास करने के लिए यह विकल्प चालू करें।;Mindig 3 élettel kezdesz. A játék véget ér, ha elfogynak az életeid. Kapcsold be, hogy utána is játszhass és gyakorolhass.;Tosaíonn tú le 3 bheatha i gcónaí. Críochnaíonn an cluiche nuair nach mbíonn aon bheatha fágtha agat. Cuir an rogha seo ar siúl chun leanúint ag imirt agus ag cleachtadh tar éis do bheathaí a bheith caillte.;Þú byrjar alltaf með 3 líf. Leiknum lýkur þegar lífin eru búin. Kveiktu á þessu til að halda áfram að spila og æfa eftir það.;Kamu selalu mulai dengan 3 nyawa. Permainan selesai saat nyawamu habis. Aktifkan opsi ini agar tetap bisa bermain dan berlatih setelah nyawamu habis.;Inizi sempre con 3 vite. La partita finisce quando non hai più vite. Attiva questa opzione per continuare a giocare e allenarti anche dopo averle finite.;いつもライフ3こで始まります。ライフがなくなるとゲームは終わります。オンにすると、ライフがなくなったあとも遊んでれんしゅうできます。;ನೀನು ಯಾವಾಗಲೂ 3 ಜೀವಗಳಿಂದ ಆರಂಭಿಸುತ್ತೀಯ. ಜೀವಗಳು ಮುಗಿದಾಗ ಆಟ ಮುಗಿಯುತ್ತದೆ. ಜೀವಗಳು ಮುಗಿದ ಮೇಲೂ ಆಡಲು ಮತ್ತು ಅಭ್ಯಾಸ ಮಾಡಲು ಈ ಆಯ್ಕೆಯನ್ನು ಆನ್ ಮಾಡು.;Әрдайым 3 жанмен бастайсың. Жандарың біткенде ойын аяқталады. Жандарың біткеннен кейін де ойнап, жаттығу үшін осы баптауды қос.;អ្នកតែងតែចាប់ផ្តើមដោយមាន 3 ជីវិត។ ហ្គេមនឹងបញ្ចប់ពេលអ្នកអស់ជីវិត។ បើកជម្រើសនេះ ដើម្បីបន្តលេង និងហាត់ក្រោយពេលជីវិតអស់។;항상 목숨 3개로 시작해요. 목숨을 모두 잃으면 게임이 끝나요. 이 옵션을 켜면 목숨이 없어도 계속 연습할 수 있어요.;Uvijek počinješ s 3 života. Igra završava kad ih izgubiš. Uključi ovu opciju za nastavak igre i vježbanje bez života.;ເຈົ້າເລີ່ມດ້ວຍ 3 ຊີວິດສະເໝີ. ເກມຈະຈົບເມື່ອຊີວິດໝົດ. ເປີດຕົວເລືອກນີ້ເພື່ອຫຼິ້ນ ແລະ ຝຶກຕໍ່ຫຼັງຈາກຊີວິດໝົດ.;Tu vienmēr sāc ar 3 dzīvībām. Spēle beidzas, kad dzīvību vairs nav. Ieslēdz šo iespēju, lai pēc tam turpinātu spēlēt un trenēties.;Visada pradedi su 3 gyvybėmis. Kai jos baigiasi, žaidimas baigiamas. Įjunk šią parinktį, kad galėtum toliau žaisti ir mokytis.;Секогаш почнуваш со 3 животи. Играта завршува кога ќе останеш без животи. Вклучи ја оваа опција за да продолжиш да играш и вежбаш и потоа.;Kamu sentiasa bermula dengan 3 nyawa. Permainan tamat bila nyawa habis. Hidupkan pilihan ini untuk terus bermain dan berlatih selepas nyawa habis.;നീ എപ്പോഴും 3 ജീവനുകളോടെ തുടങ്ങും. ജീവനുകൾ തീർന്നാൽ കളി തീരും. അതിന് ശേഷവും കളിച്ച് പരിശീലിക്കാൻ ഇത് ഓണാക്കൂ.;तू नेहमी 3 जीवांनी सुरू करतोस. जीव संपले की खेळ संपतो. जीव संपल्यानंतरही खेळत आणि सराव करत राहण्यासाठी हा पर्याय सुरू कर.;Чи үргэлж 3 амьтай эхэлнэ. Амь дуусахад тоглоом дуусна. Амь дууссан ч үргэлжлүүлэн тоглож, давтахын тулд үүнийг асаа.;तिमी सधैं ३ जीवनबाट सुरु गर्छौ। जीवन सकिएपछि खेल सकिन्छ। जीवन सकिएपछि पनि खेल्दै अभ्यास गर्न यो विकल्प चालु गर।;Du starter alltid med 3 liv. Spillet avsluttes når du er tom for liv. Slå på dette valget for å fortsette å spille og øve etterpå.;Ти завжди починаєш із 3 життями. Гра завершиться, коли життя закінчаться. Увімкни цю опцію, щоб далі грати й тренуватися без життів.;ତୁମେ ସବୁବେଳେ 3ଟି ଜୀବନରୁ ଆରମ୍ଭ କର। ସବୁ ଜୀବନ ଶେଷ ହେଲେ ଖେଳ ଶେଷ ହେବ। ଜୀବନ ଶେଷ ପରେ ମଧ୍ୟ ଖେଳିବା ଓ ଅଭ୍ୟାସ କରିବାକୁ ଏହି ବିକଳ୍ପ ଚାଲୁ କର।;ھەمىشە 3 جان بىلەن باشلايسەن. جانلىرىڭ تۈگىسە ئويۇن ئاخىرلىشىدۇ. جان تۈگىگەندىن كېيىنمۇ ئويناش ۋە مەشىق قىلىش ئۈچۈن بۇ تاللانمىنى ئاچ.;Har doim 3 ta jon bilan boshlaysan. Jonlaring tugasa, o‘yin yakunlanadi. Jonlaring tugagach ham o‘ynash va mashq qilish uchun bu sozlamani yoq.;همیشه با ۳ جان شروع می‌کنی. وقتی جان‌ها تمام شوند، بازی پایان می‌یابد. این گزینه را روشن کن تا بعد از تمام شدن جان‌ها هم بازی و تمرین کنی.;Zawsze zaczynasz z 3 życiami. Gra kończy się, gdy je stracisz. Włącz tę opcję, aby dalej grać i ćwiczyć bez żyć.;Começas sempre com 3 vidas. O jogo termina quando ficares sem vidas. Liga esta opção para continuares a jogar e a praticar depois de as vidas acabarem.;ਤੁਸੀਂ ਹਮੇਸ਼ਾ 3 ਜਾਨਾਂ ਨਾਲ ਸ਼ੁਰੂ ਕਰਦੇ ਹੋ। ਜਾਨਾਂ ਮੁੱਕਣ 'ਤੇ ਖੇਡ ਖਤਮ ਹੋ ਜਾਂਦੀ ਹੈ। ਬਾਅਦ ਵਿੱਚ ਵੀ ਖੇਡਣ ਅਤੇ ਅਭਿਆਸ ਲਈ ਇਹ ਚੋਣ ਚਾਲੂ ਕਰੋ।;Începi mereu cu 3 vieți. Jocul se încheie când nu mai ai vieți. Activează această opțiune ca să continui să te joci și să exersezi.;Ты всегда начинаешь с 3 жизнями. Когда жизни закончатся, игра завершится. Включи эту настройку, чтобы продолжить играть и тренироваться без жизней.;Uvek počinješ sa 3 života. Igra se završava kad izgubiš sve živote. Uključi ovu opciju da nastaviš da igraš i vežbaš i tada.;ඔබ හැමවිටම ජීවිත 3කින් පටන් ගනී. ජීවිත ඉවර වූ විට ක්‍රීඩාව අවසන් වේ. ජීවිත ඉවර වූ පසුත් ක්‍රීඩා කර පුහුණු වීමට මෙය ක්‍රියාත්මක කරන්න.;Vždy začínaš s 3 životmi. Hra sa skončí, keď už nemáš žiadny život. Zapni túto možnosť, aby si mohol hrať a trénovať ďalej aj bez životov.;Vedno začneš s 3 življenji. Igra se konča, ko ti jih zmanjka. Vklopi to možnost, da lahko igraš in vadiš tudi brez življenj.;Siempre empiezas con 3 vidas. El juego termina cuando te quedas sin vidas. Activa esta opción para seguir jugando y practicando después.;Daima unaanza na maisha 3. Mchezo huisha maisha yakikwisha. Washa chaguo hili ili kuendelea kucheza na kufanya mazoezi baada ya maisha kuisha.;ඔබ හැමවිටම ජීවිත 3කින් පටන් ගනී. ජීවිත ඉවර වූ විට ක්‍රීඩාව අවසන් වේ. ජීවිත ඉවර වූ පසුත් ක්‍රීඩා කර පුහුණු වීමට මෙය ක්‍රියාත්මක කරන්න.;நீ எப்போதும் 3 உயிர்களுடன் தொடங்குவாய். உயிர்கள் தீர்ந்ததும் விளையாட்டு முடியும். உயிர்கள் தீர்ந்த பிறகும் தொடர்ந்து விளையாடிப் பயிற்சி செய்ய இதை இயக்கு.;เริ่มด้วย 3 ชีวิตเสมอ เกมจะจบเมื่อชีวิตหมด เปิดตัวเลือกนี้เพื่อเล่นและฝึกต่อหลังชีวิตหมด;ཁྱེད་ལ་རྟག་ཏུ་སྲོག་3 ཡོད། སྲོག་ཚར་ན་རྩེད་མོ་མཇུག་སྒྲིལ། སྲོག་ཚར་རྗེས་ཀྱང་མུ་མཐུད་རྩེ་ཞིང་སྦྱོང་བར་འདེམས་སྒྲིག་འདི་ཁ་ཕྱེ།;Vždy začínáš se 3 životy. Hra skončí, když ti žádný nezbude. Zapni tuto možnost, abys mohl pokračovat a trénovat i bez životů.;Her zaman 3 canla başlarsın. Canların bitince oyun sona erer. Canların bittikten sonra oynamaya ve çalışmaya devam etmek için bu seçeneği aç.;آپ ہمیشہ 3 جانوں سے شروع کرتے ہیں۔ جانیں ختم ہوں تو کھیل ختم ہو جاتا ہے۔ جانیں ختم ہونے کے بعد بھی کھیلنے اور مشق کے لیے یہ اختیار آن کریں۔;Bạn luôn bắt đầu với 3 mạng. Trò chơi kết thúc khi bạn hết mạng. Bật tùy chọn này để tiếp tục chơi và luyện tập sau khi hết mạng.;Rwyt ti bob amser yn dechrau gyda 3 bywyd. Bydd y gêm yn gorffen pan nad oes bywydau ar ôl. Tro'r dewis hwn ymlaen i barhau i chwarae ac ymarfer ar ôl i'r bywydau ddod i ben.;Ты заўсёды пачынаеш з 3 жыццямі. Гульня завершыцца, калі жыцці скончацца. Уключы гэтую наладу, каб працягваць гуляць і трэніравацца без жыццяў.;Njalo uqala ngezimpilo ezi-3. Umdlalo uphela uma zingasekho izimpilo. Vula le nketho ukuze uqhubeke udlale futhi uzijwayeze ngemva kokuphela kwezimpilo.;Du börjar alltid med 3 liv. Spelet slutar när dina liv är slut. Slå på detta för att fortsätta spela och öva när liven är slut.
options.unlimitedLives.title;;Heading. Short and punchy. English is 15 characters. Try to stay close to that.;Unlimited lives;Onbeperkt levens;Onbeperkte lewens;Jetë pa kufi;ያልተገደቡ ሕይወቶች;حيوات بلا حدود;Անսահման կյանքեր;সীমাহীন জীৱন;Sonsuz can;Bizitza mugagabeak;অসীম জীবন;အသက် အကန့်အသတ်မရှိ;Neograničeni životi;Безкрайни животи;Vides il·limitades;无限生命;Ubegrænsede liv;Unbegrenzte Leben;Piiramatud elud;Óavmarkað lív;Rajattomat elämät;Vies illimitées;Vidas sen límite;უსასრულო სიცოცხლეები;Απεριόριστες ζωές;અમર્યાદિત જીવન;חיים ללא הגבלה;असीमित जीवन;Korlátlan életek;Beathaí gan teorainn;Ótakmörkuð líf;Nyawa tak terbatas;Vite illimitate;ライフむげん;ಅಮಿತ ಜೀವಗಳು;Шексіз жан;ជីវិតគ្មានកំណត់;목숨 무제한;Neograničeni životi;ຊີວິດບໍ່ຈຳກັດ;Neierobežotas dzīvības;Neribotos gyvybės;Неограничени животи;Nyawa tanpa had;പരിധിയില്ലാത്ത ജീവനുകൾ;अमर्याद जीव;Хязгааргүй амь;असीमित जीवन;Ubegrensede liv;Безлімітні життя;ଅସୀମ ଜୀବନ;چەكسىز جان;Cheksiz jonlar;جان نامحدود;Nielimitowane życia;Vidas ilimitadas;ਬੇਅੰਤ ਜਾਨਾਂ;Vieți nelimitate;Бесконечные жизни;Neograničeni životi;අසීමිත ජීවිත;Neobmedzené životy;Neomejena življenja;Vidas ilimitadas;Maisha bila kikomo;අසීමිත ජීවිත;வரம்பில்லா உயிர்கள்;ชีวิตไม่จำกัด;སྲོག་ཚད་མེད;Neomezené životy;Sınırsız can;لامحدود جانیں;Mạng không giới hạn;Bywydau diderfyn;Бясконцыя жыцці;Izimpilo ezingenamkhawulo;Obegränsade liv
parentGate.approved;;Parental-gate text for grown-ups. Clear and short. English is 8 characters. Try to stay close to that.;Approved;Goedgekeurd;Goedgekeur;Miratuar;ጸድቋል;تمت الموافقة;Հաստատված է;অনুমোদিত;Təsdiqləndi;Onartuta;অনুমোদিত;အတည်ပြုပြီး;Odobreno;Одобрено;Aprovat;已通过;Godkendt;Bestätigt;Kinnitatud;Góðkent;Hyväksytty;Validé;Aprobado;დადასტურებულია;Εγκρίθηκε;મંજૂર;אושר;मंज़ूर;Jóváhagyva;Ceadaithe;Samþykkt;Disetujui;Approvato;承認ずみ;ಅನುಮೋದಿಸಲಾಗಿದೆ;Мақұлданды;បានអនុម័ត;승인됨;Odobreno;ອະນຸມັດແລ້ວ;Apstiprināts;Patvirtinta;Одобрено;Diluluskan;അംഗീകരിച്ചു;मंजूर;Зөвшөөрлөө;स्वीकृत;Godkjent;Підтверджено;ଅନୁମୋଦିତ;تەستىقلاندى;Tasdiqlandi;تأیید شد;Zatwierdzone;Aprovado;ਮਨਜ਼ੂਰ;Aprobat;Подтверждено;Odobreno;අනුමතයි;Schválené;Odobreno;Aprobado;Imeidhinishwa;අනුමතයි;அங்கீகரிக்கப்பட்டது;อนุมัติแล้ว;ཆོག་མཆན་ཐོབ།;Schváleno;Onaylandı;منظور;Đã xác nhận;Cymeradwywyd;Пацверджана;Kuvunyelwe;Godkänd
parentGate.attempts %lld %lld;;"Parental-gate text for grown-ups. Clear and short. Keep the placeholders exactly (%1$lld, %2$lld); the app fills them with numbers/text at runtime. You may reorder them to fit natural word order. English is 26 characters. Try to stay close to that.";Attempts: %1$lld of %2$lld;Pogingen: %1$lld van %2$lld;Pogings: %1$lld van %2$lld;Përpjekje: %1$lld nga %2$lld;ሙከራዎች፦ %1$lld ከ%2$lld;المحاولات: %1$lld من %2$lld;Փորձեր՝ %1$lld՝ %2$lld-ից;চেষ্টা: %1$lld ৰ ভিতৰত %2$lld;Cəhdlər: %1$lld-dən %2$lld;Saiakerak: %1$lld / %2$lld;চেষ্টা: %1$lld-এর মধ্যে %2$lld;ကြိုးစားမှု: %1$lld မှ %2$lld;Pokušaji: %1$lld od %2$lld;Опити: %1$lld от %2$lld;Intents: %1$lld de %2$lld;尝试次数：%1$lld/%2$lld;Forsøg: %1$lld af %2$lld;Versuche: %1$lld von %2$lld;Katsed: %1$lld / %2$lld;Royndir: %1$lld av %2$lld;Yritykset: %1$lld/%2$lld;Essais : %1$lld sur %2$lld;Intentos: %1$lld de %2$lld;ცდები: %1$lld / %2$lld;Προσπάθειες: %1$lld από %2$lld;પ્રયત્નો: %1$lld માંથી %2$lld;ניסיונות: %1$lld מתוך %2$lld;कोशिशें: %1$lld में से %2$lld;Próbálkozások: %1$lld / %2$lld;Iarrachtaí: %1$lld as %2$lld;Tilraunir: %1$lld af %2$lld;Percobaan: %1$lld dari %2$lld;Tentativi: %1$lld su %2$lld;回数：%1$lld／%2$lld;ಪ್ರಯತ್ನಗಳು: %2$lldರಲ್ಲಿ %1$lld;Әрекеттер: %1$lld / %2$lld;ការព្យាយាម៖ %1$lld ក្នុងចំណោម %2$lld;시도: %1$lld/%2$lld;Pokušaji: %1$lld od %2$lld;ລອງ: %1$lld ຈາກ %2$lld;Mēģinājumi: %1$lld no %2$lld;Bandymai: %1$lld iš %2$lld;Обиди: %1$lld од %2$lld;Cubaan: %1$lld daripada %2$lld;ശ്രമങ്ങൾ: %1$lldൽ %2$lld;प्रयत्न: %1$lld पैकी %2$lld;Оролдлого: %1$lld-аас %2$lld;प्रयास: %1$lld मध्ये %2$lld;Forsøk: %1$lld av %2$lld;Спроби: %1$lld з %2$lld;ଚେଷ୍ଟା: %1$lld ମଧ୍ୟରୁ %2$lld;سىناق: %1$lld / %2$lld;Urinishlar: %1$lld tadan %2$lld ta;تلاش‌ها: %1$lld از %2$lld;Próby: %1$lld z %2$lld;Tentativas: %1$lld de %2$lld;ਕੋਸ਼ਿਸ਼ਾਂ: %1$lld ਵਿੱਚੋਂ %2$lld;Încercări: %1$lld din %2$lld;Попытки: %1$lld из %2$lld;Pokušaji: %1$lld od %2$lld;උත්සාහ: %1$lld න් %2$lld;Pokusy: %1$lld z %2$lld;Poskusi: %1$lld od %2$lld;Intentos: %1$lld de %2$lld;Majaribio: %1$lld kati ya %2$lld;උත්සාහ: %1$lld න් %2$lld;முயற்சிகள்: %1$lld / %2$lld;ลองแล้ว: %1$lld จาก %2$lld;ཚོད་ལྟ། %1$lld ནས་ %2$lld;Pokusy: %1$lld z %2$lld;Deneme: %1$lld/%2$lld;کوششیں: %1$lld از %2$lld;Lần thử: %1$lld trên %2$lld;Ceisiadau: %1$lld o %2$lld;Спробы: %1$lld з %2$lld;Imizamo: %1$lld kokungu-%2$lld;Försök: %1$lld av %2$lld
parentGate.holdInstruction %@ %lld;;"Parental-gate text for grown-ups. Clear and short. Keep the placeholders exactly (%@, %lld); the app fills them with numbers/text at runtime. You may reorder them to fit natural word order. English is 29 characters. Try to stay close to that.";Hold the %@ for %lld seconds.;Houd de %@ %lld seconden ingedrukt.;Druk en hou die %@ vir %lld sekondes.;Mbaje %@ shtypur për %lld sekonda.;%@ን ለ%lld ሰከንድ ተጭነው ይያዙ።;اضغط مطولًا على %@ لمدة %lld ثوانٍ.;Սեղմած պահեք %@-ը %lld վայրկյան։;%@টো %lld ছেকেণ্ড ধৰি ৰাখা।;%@ üzərində %lld saniyə basıb saxla.;Eduki %@ sakatuta %lld segundoz.;%@-টি %lld সেকেন্ড চেপে ধরুন।;%@ ကို %lld စက္ကန့် ဖိထားပါ။;Drži %@ %lld sekundi.;Задръж %@ за %lld секунди.;Mantén premut el %@ durant %lld segons.;按住 %@ %lld 秒。;Hold %@ nede i %lld sekunder.;Halte %@ %lld Sekunden gedrückt.;Hoia %@ %lld sekundit all.;Halt %@ inni í %lld sekund.;Pidä %@ painettuna %lld sekuntia.;Maintiens le %@ pendant %lld secondes.;Mantén premido o %@ durante %lld segundos.;%@-ს %lld წამით დააჭირე.;Κράτησε πατημένο το %@ για %lld δευτερόλεπτα.;%@ ને %lld સેકન્ડ દબાવી રાખો.;החזיקו את ה־%@ במשך %lld שניות.;%@ को %lld सेकंड दबाकर रखें।;Tartsd nyomva a(z) %@ jelet %lld másodpercig.;Coinnigh an %@ síos ar feadh %lld soicind.;Haltu %@ inni í %lld sekúndur.;Tahan %@ selama %lld detik.;Tieni premuto %@ per %lld secondi.;%@を%lld秒間長押ししてください。;%@ ಅನ್ನು %lld ಸೆಕೆಂಡ್ ಒತ್ತಿಹಿಡಿ.;%@ белгісін %lld секунд басып тұр.;ចុច %@ ឱ្យជាប់ %lld វិនាទី។;%@을 %lld초 동안 길게 누르세요.;Drži %@ %lld sekundi.;ກົດ %@ ຄ້າງ %lld ວິນາທີ.;Turiet %@ nospiestu %lld sekundes.;Palaikyk %@ %lld sekundes.;Држи го %@ %lld секунди.;Tekan dan tahan %@ selama %lld saat.;%@ %lld സെക്കൻഡ് അമർത്തിപ്പിടിക്കൂ.;%@ ला %lld सेकंद दाबून ठेवा.;%@-г %lld секунд дар.;%@ लाई %lld सेकेन्ड थिचिराख्नुहोस्।;Hold %@ inne i %lld sekunder.;Утримуй %@ %lld секунд.;%@ କୁ %lld ସେକେଣ୍ଡ ଧରି ରଖ।;%@ نى %lld سېكۇنت بېسىپ تۇرۇڭ.;%@ ni %lld soniya bosib tur.;%@ را %lld ثانیه نگه دارید.;Przytrzymaj %@ przez %lld sekund.;Mantém %@ premido durante %lld segundos.;%@ ਨੂੰ %lld ਸਕਿੰਟ ਦਬਾ ਕੇ ਰੱਖੋ।;Ține apăsat %@ timp de %lld secunde.;Удерживайте %@ %lld секунд.;Držite %@ %lld sekundi.;%@ තත්පර %lldක් ඔබාගෙන සිටින්න.;Podrž %@ %lld sekúnd.;Drži %@ %lld sekund.;Mantén pulsado el %@ durante %lld segundos.;Shikilia %@ kwa sekunde %lld.;%@ තත්පර %lldක් ඔබාගෙන සිටින්න.;%@ ஐ %lld விநாடிகள் அழுத்திப் பிடிக்கவும்.;กด %@ ค้าง %lld วินาที;%@ ལ་སྐར་ཆ་ %lld མནན་ནས་སྡོད།;Podrž %@ po dobu %lld sekund.;%@ şekline %lld saniye basılı tut.;%@ کو %lld سیکنڈ دبائے رکھیں۔;Giữ %@ trong %lld giây.;Dalia'r %@ am %lld eiliad.;Утрымлівай %@ %lld секунд.;Bamba i-%@ imizuzwana engu-%lld.;Håll %@ intryckt i %lld sekunder.
parentGate.holdProgress %lld;;"Parental-gate text for grown-ups. Clear and short. Keep the placeholders exactly (%lld); the app fills them with numbers/text at runtime. You may reorder them to fit natural word order. English is 10 characters. Try to stay close to that.";Hold: %lld;Ingedrukt houden: %lld;Hou: %lld;Mbaje: %lld;ይያዙ፦ %lld;اضغط مطولًا: %lld;Պահել՝ %lld;ধৰি ৰাখা: %lld;Basılı saxla: %lld;Eduki sakatuta: %lld;চেপে ধরুন: %lld;ဖိထားရန်: %lld;Drži: %lld;Задръж: %lld;Mantén premut: %lld;按住：%lld;Hold: %lld;Halten: %lld;Hoia: %lld;Halt inni: %lld;Pidä: %lld;Maintenir : %lld;Manter: %lld;დაჭერა: %lld;Κράτημα: %lld;દબાવો: %lld;החזקה: %lld;दबाएँ: %lld;Nyomva: %lld;Coinnigh: %lld;Halda inni: %lld;Tahan: %lld;Premi: %lld;長押し：%lld;ಒತ್ತಿಹಿಡಿ: %lld;Басып тұру: %lld;ចុចឱ្យជាប់៖ %lld;길게 누르기: %lld;Drži: %lld;ກົດຄ້າງ: %lld;Turēt: %lld;Laikyti: %lld;Држи: %lld;Tahan: %lld;അമർത്തിപ്പിടിക്കുക: %lld;दाबून ठेवा: %lld;Дарах: %lld;थिच्नुहोस्: %lld;Hold: %lld;Утримувати: %lld;ଧରି ରଖ: %lld;بېسىپ تۇرۇش: %lld;Bosib turish: %lld;نگه‌دار: %lld;Przytrzymaj: %lld;Premir: %lld;ਦਬਾ ਕੇ ਰੱਖੋ: %lld;Ține apăsat: %lld;Удержание: %lld;Držite: %lld;ඔබාගෙන සිටින්න: %lld;Podrž: %lld;Drži: %lld;Mantener: %lld;Shikilia: %lld;ඔබාගෙන සිටින්න: %lld;பிடி: %lld;กดค้าง: %lld;མནན་ནས་སྡོད། %lld;Podržet: %lld;Basılı tut: %lld;دبائے رکھیں: %lld;Giữ: %lld;Dal: %lld;Утрымліваць: %lld;Bamba: %lld;Håll: %lld
parentGate.instruction %@ %lld %@ %lld;;"Parental-gate text for grown-ups. Clear and short. Keep the placeholders exactly (%@, %lld); the app fills them with numbers/text at runtime. You may reorder them to fit natural word order. English is 57 characters. Try to stay close to that.";Hold the %@ for %lld seconds. Then tap the %@ %lld times.;Houd de %@ %lld seconden ingedrukt. Tik daarna %4$lld keer op de %3$@.;Druk en hou die %@ vir %lld sekondes. Tik dan %4$lld keer op die %3$@.;Mbaje %@ shtypur për %lld sekonda. Pastaj prek %@ %lld herë.;%@ን ለ%lld ሰከንድ ተጭነው ይያዙ። ከዚያ %@ን %lld ጊዜ ይንኩ።;اضغط مطولًا على %@ لمدة %lld ثوانٍ. ثم اضغط على %@ عدد %lld مرات.;Սեղմած պահեք %@-ը %lld վայրկյան։ Հետո %@-ին հպվեք %lld անգամ։;%@টো %lld ছেকেণ্ড ধৰি ৰাখা। তাৰ পিছত %@টো %lld বাৰ টেপ কৰা।;%@ üzərində %lld saniyə basıb saxla. Sonra %@ üzərinə %lld dəfə toxun.;Eduki %@ sakatuta %lld segundoz. Gero, sakatu %@ %lld aldiz.;%@-টি %lld সেকেন্ড চেপে ধরুন। তারপর %@-টিতে %lld বার ট্যাপ করুন।;%@ ကို %lld စက္ကန့် ဖိထားပါ။ ပြီးရင် %@ ကို %lld ကြိမ် တို့ပါ။;Drži %@ %lld sekundi. Zatim dodirni %@ %lld puta.;Задръж %@ за %lld секунди. После докосни %@ %lld пъти.;Mantén premut el %@ durant %lld segons. Després toca el %@ %lld vegades.;按住 %@ %lld 秒，然后轻点 %@ %lld 次。;Hold %@ nede i %lld sekunder. Tryk derefter på %@ %lld gange.;Halte %@ %lld Sekunden gedrückt. Tippe danach %4$lld-mal auf %3$@.;Hoia %@ %lld sekundit all. Seejärel puuduta %@ %lld korda.;Halt %@ inni í %lld sekund. Trýst síðan %4$lld ferðir á %3$@.;Pidä %@ painettuna %lld sekuntia. Napauta sitten %@ %lld kertaa.;Maintiens le %@ pendant %lld secondes. Puis touche le %@ %lld fois.;Mantén premido o %@ durante %lld segundos. Logo toca o %@ %lld veces.;%@-ს %lld წამით დააჭირე. შემდეგ %@-ს %lld-ჯერ შეეხე.;Κράτησε πατημένο το %@ για %lld δευτερόλεπτα. Μετά πάτησε το %@ %lld φορές.;%@ ને %lld સેકન્ડ દબાવી રાખો. પછી %@ પર %lld વાર ટેપ કરો.;החזיקו את ה־%@ במשך %lld שניות. לאחר מכן הקישו על ה־%@ ‏%lld פעמים.;%@ को %lld सेकंड दबाकर रखें। फिर %@ पर %lld बार टैप करें।;Tartsd nyomva a(z) %@ jelet %lld másodpercig. Ezután koppints %4$lld-szer a(z) %3$@ jelre.;Coinnigh an %@ síos ar feadh %lld soicind. Ansin tapáil an %@ %lld uair.;Haltu %@ inni í %lld sekúndur. Pikkaðu svo %4$lld sinnum á %3$@.;Tahan %@ selama %lld detik. Lalu ketuk %@ sebanyak %lld kali.;Tieni premuto %@ per %lld secondi. Poi tocca %@ %lld volte.;%@を%lld秒間長押ししてください。そのあと、%@を%lld回タップしてください。;%@ ಅನ್ನು %lld ಸೆಕೆಂಡ್ ಒತ್ತಿಹಿಡಿ. ನಂತರ %@ ಅನ್ನು %lld ಬಾರಿ ತಟ್ಟು.;%@ белгісін %lld секунд басып тұр. Содан кейін %3$@ белгісін %4$lld рет түрт.;ចុច %@ ឱ្យជាប់ %lld វិនាទី។ បន្ទាប់មកប៉ះ %@ ចំនួន %lld ដង។;%@을 %lld초 동안 길게 누르세요. 그런 다음 %@을 %lld번 누르세요.;Drži %@ %lld sekundi. Zatim dodirni %@ %lld puta.;ກົດ %@ ຄ້າງ %lld ວິນາທີ. ຈາກນັ້ນແຕະ %@ %lld ຄັ້ງ.;Turiet %@ nospiestu %lld sekundes. Tad pieskarieties %@ %lld reizes.;Palaikyk %@ %lld sekundes. Tada bakstelėk %@ %lld kartus.;Држи го %@ %lld секунди. Потоа допри го %@ %lld пати.;Tekan dan tahan %@ selama %lld saat. Kemudian ketik %@ sebanyak %lld kali.;%@ %lld സെക്കൻഡ് അമർത്തിപ്പിടിക്കൂ. പിന്നെ %@ %lld തവണ തട്ടൂ.;%@ ला %lld सेकंद दाबून ठेवा. मग %@ वर %lld वेळा टॅप करा.;%@-г %lld секунд дар. Дараа нь %@ дээр %lld удаа товш.;%@ लाई %lld सेकेन्ड थिचिराख्नुहोस्। त्यसपछि %@ मा %lld पटक ट्याप गर्नुहोस्।;Hold %@ inne i %lld sekunder. Trykk deretter på %@ %lld ganger.;Утримуй %@ %lld секунд. Потім торкнися %@ %lld разів.;%@ କୁ %lld ସେକେଣ୍ଡ ଧରି ରଖ। ତାପରେ %@ କୁ %lld ଥର ଟ୍ୟାପ୍ କର।;%@ نى %lld سېكۇنت بېسىپ تۇرۇڭ. ئاندىن %@ نى %lld قېتىم چېكىڭ.;%@ ni %lld soniya bosib tur. Keyin %@ ni %lld marta bos.;%@ را %lld ثانیه نگه دارید. سپس روی %@، %lld بار بزنید.;Przytrzymaj %@ przez %lld sekund. Potem stuknij %@ %lld razy.;Mantém %@ premido durante %lld segundos. Depois, toca em %@ %lld vezes.;%@ ਨੂੰ %lld ਸਕਿੰਟ ਦਬਾ ਕੇ ਰੱਖੋ। ਫਿਰ %@ ਨੂੰ %lld ਵਾਰ ਟੈਪ ਕਰੋ।;Ține apăsat %@ timp de %lld secunde. Apoi atinge %@ de %lld ori.;Удерживайте %@ %lld секунд. Затем нажмите %@ %lld раз.;Držite %@ %lld sekundi. Zatim dodirnite %@ %lld puta.;%@ තත්පර %lldක් ඔබාගෙන සිටින්න. ඉන්පසු %@ %lld වරක් තට්ටු කරන්න.;Podrž %@ %lld sekúnd. Potom %4$lld-krát ťukni na %3$@.;Drži %@ %lld sekund. Nato %4$lld-krat tapni %3$@.;Mantén pulsado el %@ durante %lld segundos. Luego toca el %@ %lld veces.;Shikilia %@ kwa sekunde %lld. Kisha gusa %@ mara %lld.;%@ තත්පර %lldක් ඔබාගෙන සිටින්න. ඉන්පසු %@ %lld වරක් තට්ටු කරන්න.;%@ ஐ %lld விநாடிகள் அழுத்திப் பிடிக்கவும். பிறகு %@ ஐ %lld முறை தட்டவும்.;กด %@ ค้าง %lld วินาที แล้วแตะ %@ %lld ครั้ง;%@ ལ་སྐར་ཆ་ %lld མནན་ནས་སྡོད། དེ་རྗེས་ %3$@ ལ་ %4$lld ཐེངས་རེག;Podrž %@ po dobu %lld sekund. Potom klepni na %@ %lldkrát.;%@ şekline %lld saniye basılı tut. Ardından %3$@ şekline %4$lld kez dokun.;%@ کو %lld سیکنڈ دبائے رکھیں۔ پھر %@ کو %lld بار ٹیپ کریں۔;Giữ %@ trong %lld giây. Sau đó chạm %@ %lld lần.;Dalia'r %@ am %lld eiliad. Yna tapia'r %@ %lld gwaith.;Утрымлівай %@ %lld секунд. Потым націсні %@ %lld разоў.;Bamba i-%@ imizuzwana engu-%lld. Bese uthepha i-%@ izikhathi ezingu-%lld.;Håll %@ intryckt i %lld sekunder. Tryck sedan på %@ %lld gånger.
parentGate.shape.circle;;Parental-gate text for grown-ups. Clear and short. English is 6 characters. Try to stay close to that.;circle;cirkel;sirkel;rrethi;ክብ;دائرة;շրջան;বৃত্ত;dairə;zirkulua;বৃত্ত;စက်ဝိုင်း;krug;кръг;cercle;圆形;cirkel;Kreis;ring;sirkul;ympyrä;cercle;círculo;წრე;κύκλο;વર્તુળ;עיגול;गोला;kör;ciorcal;hringur;lingkaran;cerchio;まる;ವೃತ್ತ;шеңбер;រង្វង់;원;krug;ວົງມົນ;aplis;apskritimas;круг;bulatan;വൃത്തം;वर्तुळ;дугуй;वृत्त;sirkel;коло;ବୃତ୍ତ;چەمبەر;doira;دایره;koło;círculo;ਗੋਲ;cerc;круг;krug;වෘත්තය;kruh;krog;círculo;duara;වෘත්තය;வட்டம்;วงกลม;སྒོར་སྒོར;kruh;daire;دائرہ;hình tròn;cylch;круг;indilinga;cirkel
parentGate.shape.diamond;;Parental-gate text for grown-ups. Clear and short. English is 7 characters. Try to stay close to that.;diamond;ruit;diamant;rombi;አልማዝ;معيّن;շեղանկյուն;হীৰা;romb;erronboa;হীরা;စိန်ပုံ;romb;ромб;rombe;菱形;diamant;Raute;romb;diamantur;vinoneliö;losange;rombo;რომბი;ρόμβο;હીરો;מעוין;हीरा;rombusz;muileata;tígull;wajik;rombo;ひし形;ವಜ್ರ;ромб;រាងពេជ្រ;마름모;romb;ຮູບເພັດ;rombs;rombas;ромб;berlian;വജ്രം;हिरा;ромбо;हीरा;diamant;ромб;ହୀରା;رومب;romb;لوزی;romb;losango;ਹੀਰਾ;romb;ромб;romb;දියමන්තිය;kosoštvorec;romb;rombo;rombu;දියමන්තිය;வைரம்;สี่เหลี่ยมข้าวหลามตัด;རྡོ་རྗེ;kosočtverec;baklava;ہیرا;hình thoi;diemwnt;ромб;idayimane;romb
parentGate.shape.heart;;Parental-gate text for grown-ups. Clear and short. English is 5 characters. Try to stay close to that.;heart;hart;hart;zemra;ልብ;قلب;սիրտ;হৃদয়;ürək;bihotza;হৃদয়;နှလုံး;srce;сърце;cor;爱心;hjerte;Herz;süda;hjarta;sydän;cœur;corazón;გული;καρδιά;હૃદય;לב;दिल;szív;croí;hjarta;hati;cuore;ハート;ಹೃದಯ;жүрек;បេះដូង;하트;srce;ຫົວໃຈ;sirds;širdis;срце;hati;ഹൃദയം;हृदय;зүрх;मुटु;hjerte;серце;ହୃଦୟ;يۈرەك;yurak;قلب;serce;coração;ਦਿਲ;inimă;сердце;srce;හදවත;srdce;srce;corazón;moyo;හදවත;இதயம்;หัวใจ;སྙིང་།;srdce;kalp;دل;trái tim;calon;сэрца;inhliziyo;hjärta
parentGate.shape.hexagon;;Parental-gate text for grown-ups. Clear and short. English is 7 characters. Try to stay close to that.;hexagon;zeshoek;seshoek;gjashtëkëndëshi;ባለስድስት ጎን;سداسي;վեցանկյուն;ষড়ভুজ;altıbucaq;hexagonoa;ষড়ভুজ;ခြောက်ထောင့်ပုံ;šesterokut;шестоъгълник;hexàgon;六边形;sekskant;Sechseck;kuusnurk;sekskantur;kuusikulmio;hexagone;hexágono;ექვსკუთხედი;εξάγωνο;ષટ્કોણ;משושה;षट्भुज;hatszög;heicseagán;sexhyrningur;segi enam;esagono;六角形;ಷಟ್ಕೋನ;алтыбұрыш;ឆកោណ;육각형;šesterokut;ຫົກຫຼ່ຽມ;sešstūris;šešiakampis;шестоаголник;heksagon;ഷട്ഭുജം;षटकोन;зургаан өнцөгт;षट्कोण;sekskant;шестикутник;ଷଟ୍‌କୋଣ;ئالتە بۇلۇڭ;olti burchak;شش‌ضلعی;sześciokąt;hexágono;ਛੇਕੋਣ;hexagon;шестиугольник;šestougao;ෂඩාස්‍රය;šesťuholník;šestkotnik;hexágono;pembe sita;ෂඩාස්‍රය;அறுகோணம்;หกเหลี่ยม;ཟུར་དྲུག;šestiúhelník;altıgen;شش پہلو;hình lục giác;hecsagon;шасцівугольнік;iheksagoni;sexhörning
parentGate.shape.plus;;Parental-gate text for grown-ups. Clear and short. English is 4 characters. Try to stay close to that.;plus;plusteken;plusteken;plus;መደመር;زائد;գումարման նշան;যোগ চিহ্ন;üstəgəl;plus ikurra;যোগচিহ্ন;အပေါင်း;plus;плюс;signe més;加号;plus;Plus;pluss;pluss;plusmerkki;plus;máis;პლუსი;συν;વત્તા;פלוס;प्लस;plusz;móide;plús;tanda tambah;più;プラス;ಪ್ಲಸ್;қосу;សញ្ញាបូក;더하기;plus;ເຄື່ອງໝາຍບວກ;pluss;pliusas;плус;tambah;പ്ലസ്;अधिक चिन्ह;нэмэх тэмдэг;जोड चिन्ह;pluss;плюс;ଯୋଗ ଚିହ୍ନ;قوشۇش بەلگىسى;plyus;علامت جمع;plus;sinal de mais;ਜੋੜ ਦਾ ਨਿਸ਼ਾਨ;plus;плюс;plus;එකතු ලකුණ;plus;plus;más;jumlisha;එකතු ලකුණ;கூட்டல் குறி;เครื่องหมายบวก;སྣོན་རྟགས;plus;artı;جمع;dấu cộng;plws;плюс;uphawu lokuhlanganisa;plus
parentGate.shape.square;;Parental-gate text for grown-ups. Clear and short. English is 6 characters. Try to stay close to that.;square;vierkant;vierkant;katrori;ካሬ;مربع;քառակուսի;বৰ্গ;kvadrat;karratua;বর্গ;စတုရန်း;kvadrat;квадрат;quadrat;正方形;firkant;Quadrat;ruut;fýrkantur;neliö;carré;cadrado;კვადრატი;τετράγωνο;ચોરસ;ריבוע;वर्ग;négyzet;cearnóg;ferningur;persegi;quadrato;四角;ಚೌಕ;шаршы;ការ៉េ;네모;kvadrat;ສີ່ຫຼ່ຽມ;kvadrāts;kvadratas;квадрат;segi empat;ചതുരം;चौरस;дөрвөлжин;वर्ग;firkant;квадрат;ବର୍ଗ;تۆت بۇلۇڭ;kvadrat;مربع;kwadrat;quadrado;ਵਰਗ;pătrat;квадрат;kvadrat;චතුරස්‍රය;štvorec;kvadrat;cuadrado;mraba;චතුරස්‍රය;சதுரம்;สี่เหลี่ยม;གྲུ་བཞི;čtverec;kare;مربع;hình vuông;sgwâr;квадрат;isikwele;fyrkant
parentGate.shape.star;;Parental-gate text for grown-ups. Clear and short. English is 4 characters. Try to stay close to that.;star;ster;ster;ylli;ኮከብ;نجمة;աստղ;তৰা;ulduz;izarra;তারকা;ကြယ်;zvijezda;звезда;estrella;星形;stjerne;Stern;täht;stjørna;tähti;étoile;estrela;ვარსკვლავი;αστέρι;તારો;כוכב;तारा;csillag;réalta;stjarna;bintang;stella;星;ನಕ್ಷತ್ರ;жұлдыз;ផ្កាយ;별;zvijezda;ດາວ;zvaigzne;žvaigždė;ѕвезда;bintang;നക്ഷത്രം;तारा;од;तारा;stjerne;зірка;ତାରା;يۇلتۇز;yulduz;ستاره;gwiazda;estrela;ਤਾਰਾ;stea;звезда;zvezda;තරුව;hviezda;zvezda;estrella;nyota;තරුව;நட்சத்திரம்;ดาว;སྐར་མ;hvězda;yıldız;ستارہ;ngôi sao;seren;зорка;inkanyezi;stjärna
parentGate.shape.triangle;;Parental-gate text for grown-ups. Clear and short. English is 8 characters. Try to stay close to that.;triangle;driehoek;driehoek;trekëndëshi;ሦስት ማዕዘን;مثلث;եռանկյուն;ত্ৰিভুজ;üçbucaq;triangelua;ত্রিভুজ;တြိဂံ;trokut;триъгълник;triangle;三角形;trekant;Dreieck;kolmnurk;tríkantur;kolmio;triangle;triángulo;სამკუთხედი;τρίγωνο;ત્રિકોણ;משולש;त्रिभुज;háromszög;triantán;þríhyrningur;segitiga;triangolo;三角;ತ್ರಿಕೋನ;үшбұрыш;ត្រីកោណ;삼각형;trokut;ສາມຫຼ່ຽມ;trīsstūris;trikampis;триаголник;segi tiga;ത്രികോണം;त्रिकोण;гурвалжин;त्रिकोण;trekant;трикутник;ତ୍ରିଭୁଜ;ئۈچ بۇلۇڭ;uchburchak;مثلث;trójkąt;triângulo;ਤਿਕੋਣ;triunghi;треугольник;trougao;ත්‍රිකෝණය;trojuholník;trikotnik;triángulo;pembetatu;ත්‍රිකෝණය;முக்கோணம்;สามเหลี่ยม;ཟུར་གསུམ;trojúhelník;üçgen;مثلث;hình tam giác;triongl;трохвугольнік;unxantathu;triangel
parentGate.stepOne;;Parental-gate text for grown-ups. Clear and short. English is 11 characters. Try to stay close to that.;Step 1 of 2;Stap 1 van 2;Stap 1 van 2;Hapi 1 nga 2;ደረጃ 1 ከ2;الخطوة 1 من 2;Քայլ 1-ը 2-ից;২ৰ ১ম ধাপ;2 addımdan 1-ci;2tik 1. urratsa;ধাপ ১-এর ২;အဆင့် 1 မှ 2;Korak 1 od 2;Стъпка 1 от 2;Pas 1 de 2;第 1 步，共 2 步;Trin 1 af 2;Schritt 1 von 2;1. samm 2-st;Stig 1 av 2;Vaihe 1/2;Étape 1 sur 2;Paso 1 de 2;ნაბიჯი 1 / 2;Βήμα 1 από 2;પગલું 1 માંથી 2;שלב 1 מתוך 2;2 में से चरण 1;1. lépés a 2-ből;Céim 1 de 2;Skref 1 af 2;Langkah 1 dari 2;Passaggio 1 di 2;ステップ1／2;2ರಲ್ಲಿ ಹಂತ 1;1-қадам / 2;ជំហាន 1 ក្នុងចំណោម 2;1/2단계;Korak 1 od 2;ຂັ້ນຕອນ 1 ຈາກ 2;1. solis no 2;1 veiksmas iš 2;Чекор 1 од 2;Langkah 1 daripada 2;ഘട്ടം 1 / 2;2 पैकी टप्पा 1;2-ын 1-р алхам;चरण १ मध्ये २;Trinn 1 av 2;Крок 1 із 2;2ରୁ ପଦକ୍ଷେପ 1;1-قەدەم / 2;2 dan 1-qadam;مرحلهٔ ۱ از ۲;Krok 1 z 2;Passo 1 de 2;2 ਵਿੱਚੋਂ ਕਦਮ 1;Pasul 1 din 2;Шаг 1 из 2;Korak 1 od 2;පියවර 1 / 2;Krok 1 z 2;1. korak od 2;Paso 1 de 2;Hatua ya 1 kati ya 2;පියවර 1 / 2;2 இல் படி 1;ขั้นตอน 1 จาก 2;གོམ་པ་1/2;Krok 1 ze 2;1. adım/2;مرحلہ 1 از 2;Bước 1 trên 2;Cam 1 o 2;Крок 1 з 2;Isinyathelo 1 kwezingu-2;Steg 1 av 2
parentGate.stepTwo;;Parental-gate text for grown-ups. Clear and short. English is 11 characters. Try to stay close to that.;Step 2 of 2;Stap 2 van 2;Stap 2 van 2;Hapi 2 nga 2;ደረጃ 2 ከ2;الخطوة 2 من 2;Քայլ 2-ը 2-ից;২ৰ ২য় ধাপ;2 addımdan 2-ci;2tik 2. urratsa;ধাপ ২-এর ২;အဆင့် 2 မှ 2;Korak 2 od 2;Стъпка 2 от 2;Pas 2 de 2;第 2 步，共 2 步;Trin 2 af 2;Schritt 2 von 2;2. samm 2-st;Stig 2 av 2;Vaihe 2/2;Étape 2 sur 2;Paso 2 de 2;ნაბიჯი 2 / 2;Βήμα 2 από 2;પગલું 2 માંથી 2;שלב 2 מתוך 2;2 में से चरण 2;2. lépés a 2-ből;Céim 2 de 2;Skref 2 af 2;Langkah 2 dari 2;Passaggio 2 di 2;ステップ2／2;2ರಲ್ಲಿ ಹಂತ 2;2-қадам / 2;ជំហាន 2 ក្នុងចំណោម 2;2/2단계;Korak 2 od 2;ຂັ້ນຕອນ 2 ຈາກ 2;2. solis no 2;2 veiksmas iš 2;Чекор 2 од 2;Langkah 2 daripada 2;ഘട്ടം 2 / 2;2 पैकी टप्पा 2;2-ын 2-р алхам;चरण २ मध्ये २;Trinn 2 av 2;Крок 2 із 2;2ରୁ ପଦକ୍ଷେପ 2;2-قەدەم / 2;2 dan 2-qadam;مرحلهٔ ۲ از ۲;Krok 2 z 2;Passo 2 de 2;2 ਵਿੱਚੋਂ ਕਦਮ 2;Pasul 2 din 2;Шаг 2 из 2;Korak 2 od 2;පියවර 2 / 2;Krok 2 z 2;2. korak od 2;Paso 2 de 2;Hatua ya 2 kati ya 2;පියවර 2 / 2;2 இல் படி 2;ขั้นตอน 2 จาก 2;གོམ་པ་2/2;Krok 2 ze 2;2. adım/2;مرحلہ 2 از 2;Bước 2 trên 2;Cam 2 o 2;Крок 2 з 2;Isinyathelo 2 kwezingu-2;Steg 2 av 2
parentGate.subtitle;;Subheading. One short sentence. English is 94 characters. Try to stay close to that.;To protect young players, an adult must complete this check before continuing to the purchase.;Om jonge spelers te beschermen, moet een volwassene deze controle voltooien voordat de aankoop kan worden voortgezet.;Om jong spelers te beskerm, moet ’n volwassene dié toets voltooi voordat die aankoop kan voortgaan.;Për të mbrojtur lojtarët e vegjël, një i rritur duhet ta kryejë këtë kontroll para blerjes.;ትንንሽ ተጫዋቾችን ለመጠበቅ፣ ወደ ግዢው ከመቀጠል በፊት አንድ አዋቂ ይህን ማረጋገጫ ማጠናቀቅ አለበት።;لحماية اللاعبين الصغار، يجب أن يُكمل شخص بالغ هذا التحقق قبل متابعة الشراء.;Փոքրիկ խաղացողներին պաշտպանելու համար մեծահասակը պետք է անցնի այս ստուգումը՝ գնումը շարունակելուց առաջ։;সৰু খেলুৱৈক সুৰক্ষিত ৰাখিবলৈ ক্ৰয়ৰ আগতে এজন ডাঙৰে এই পৰীক্ষা সম্পূৰ্ণ কৰিব লাগিব।;Balaca oyunçuları qorumaq üçün alışa davam etməzdən əvvəl bir böyük bu yoxlamanı tamamlamalıdır.;Jokalari gazteak babesteko, heldu batek egiaztapen hau osatu behar du erosketarekin jarraitu aurretik.;ছোট খেলোয়াড়দের সুরক্ষায়, কেনাকাটা চালানোর আগে একজন প্রাপ্তবয়স্ককে এই যাচাই শেষ করতে হবে।;ကလေးကစားသမားတွေကို ကာကွယ်ဖို့ ဝယ်ယူမှုမဆက်ခင် လူကြီးတစ်ယောက်က ဒီစစ်ဆေးမှုကို ပြီးအောင်လုပ်ရမယ်။;Radi zaštite mladih igrača, odrasla osoba mora završiti ovu provjeru prije kupovine.;За да защитим малките играчи, възрастен трябва да премине тази проверка преди покупката.;Per protegir els jugadors més petits, un adult ha de completar aquesta comprovació abans de continuar amb la compra.;为了保护小玩家，继续购买前需要一位成年人完成验证。;For at beskytte unge spillere skal en voksen gennemføre dette tjek, før købet kan fortsætte.;Zum Schutz junger Spieler muss ein Erwachsener diese Prüfung abschließen, bevor der Kauf fortgesetzt werden kann.;Noorte mängijate kaitsmiseks peab täiskasvanu enne ostu jätkamist selle kontrolli läbima.;Fyri at verja ung spælandi má ein vaksin gera hesa kanningina, áðrenn keypið kann halda fram.;Nuorten pelaajien suojelemiseksi aikuisen on tehtävä tämä tarkistus ennen ostoksen jatkamista.;Pour protéger les jeunes joueurs, un adulte doit terminer ce contrôle avant de poursuivre l’achat.;Para protexer os xogadores máis novos, un adulto debe completar esta comprobación antes de continuar coa compra.;პატარა მოთამაშეების დასაცავად, ყიდვის გაგრძელებამდე ეს შემოწმება უფროსმა უნდა გაიაროს.;Για την προστασία των μικρών παικτών, ένας ενήλικας πρέπει να ολοκληρώσει αυτόν τον έλεγχο πριν από την αγορά.;નાના ખેલાડીઓની સુરક્ષા માટે ખરીદી આગળ વધે તે પહેલાં કોઈ મોટા વ્યક્તિએ આ તપાસ પૂરી કરવી જરૂરી છે.;כדי להגן על שחקנים צעירים, מבוגר חייב להשלים את הבדיקה לפני המשך הרכישה.;छोटे खिलाड़ियों की सुरक्षा के लिए, खरीदारी से पहले किसी बड़े को यह जाँच पूरी करनी होगी।;A fiatal játékosok védelmében egy felnőttnek el kell végeznie ezt az ellenőrzést a vásárlás előtt.;Chun imreoirí óga a chosaint, caithfidh duine fásta an tseiceáil seo a dhéanamh sula leanfar leis an gceannach.;Til að vernda unga leikmenn þarf fullorðinn að ljúka þessari athugun áður en haldið er áfram í kaup.;Untuk melindungi pemain cilik, orang dewasa harus menyelesaikan pemeriksaan ini sebelum melanjutkan pembelian.;Per proteggere i piccoli giocatori, un adulto deve completare questo controllo prima di continuare con l’acquisto.;小さなお子さまを守るため、購入に進む前に大人の方がこの確認を行ってください。;ಚಿಕ್ಕ ಆಟಗಾರರನ್ನು ರಕ್ಷಿಸಲು, ಖರೀದಿಗೆ ಮುಂದುವರಿಯುವ ಮೊದಲು ವಯಸ್ಕರು ಈ ಪರಿಶೀಲನೆಯನ್ನು ಪೂರ್ಣಗೊಳಿಸಬೇಕು.;Кішкентай ойыншыларды қорғау үшін сатып алуды жалғастырмас бұрын ересек адам осы тексеруден өтуі керек.;ដើម្បីការពារអ្នកលេងវ័យក្មេង មនុស្សពេញវ័យត្រូវបំពេញការត្រួតពិនិត្យនេះ មុនបន្តទៅការទិញ។;어린 사용자를 보호하기 위해 구매를 계속하기 전에 어른이 이 확인을 완료해야 해요.;Radi zaštite mladih igrača odrasla osoba mora dovršiti ovu provjeru prije nastavka kupnje.;ເພື່ອປົກປ້ອງຜູ້ຫຼິ້ນເດັກນ້ອຍ ຜູ້ໃຫຍ່ຕ້ອງກວດສອບນີ້ໃຫ້ສຳເລັດກ່ອນຊື້.;Lai aizsargātu mazos spēlētājus, pirms pirkuma turpināšanas pieaugušajam jāizpilda šī pārbaude.;Kad apsaugotume mažuosius žaidėjus, prieš tęsiant pirkimą šį patikrinimą turi atlikti suaugusysis.;За да ги заштитиме младите играчи, возрасен мора да ја заврши оваа проверка пред купувањето.;Untuk melindungi pemain muda, orang dewasa mesti selesaikan semakan ini sebelum meneruskan pembelian.;ചെറിയ കളിക്കാരെ സംരക്ഷിക്കാൻ, വാങ്ങലിലേക്ക് പോകുന്നതിന് മുമ്പ് ഒരു മുതിർന്നയാൾ ഈ പരിശോധന പൂർത്തിയാക്കണം.;लहान खेळाडूंच्या सुरक्षेसाठी, खरेदी सुरू ठेवण्यापूर्वी एखाद्या मोठ्या व्यक्तीने ही तपासणी पूर्ण करावी.;Бяцхан тоглогчдыг хамгаалахын тулд худалдан авалтаас өмнө насанд хүрсэн хүн энэ шалгалтыг давах ёстой.;साना खेलाडीको सुरक्षाका लागि, खरिदमा जानुअघि एक वयस्कले यो जाँच पूरा गर्नुपर्छ।;For å beskytte unge spillere må en voksen fullføre denne kontrollen før kjøpet kan fortsette.;Щоб захистити маленьких гравців, дорослий має пройти цю перевірку перед покупкою.;ଛୋଟ ଖେଳାଳିମାନଙ୍କୁ ସୁରକ୍ଷିତ ରଖିବା ପାଇଁ, କିଣାକୁ ଆଗେଇ ନେବା ପୂର୍ବରୁ ଜଣେ ବୟସ୍କ ଏହି ଯାଞ୍ଚ ପୂରଣ କରିବା ଆବଶ୍ୟକ।;كىچىك ئوينىغۇچىلارنى قوغداش ئۈچۈن، سېتىۋېلىشنى داۋاملاشتۇرۇشتىن بۇرۇن چوڭ كىشى بۇ تەكشۈرۈشنى تاماملىشى كېرەك.;Yosh o‘yinchilarni himoya qilish uchun xaridni davom ettirishdan oldin kattalar bu tekshiruvdan o‘tishi kerak.;برای محافظت از بازیکنان خردسال، یک بزرگسال باید پیش از ادامهٔ خرید این بررسی را انجام دهد.;Aby chronić młodych graczy, przed zakupem osoba dorosła musi przejść tę kontrolę.;Para proteger os jogadores mais novos, um adulto tem de concluir esta verificação antes de continuar para a compra.;ਨੰਨੇ ਖਿਡਾਰੀਆਂ ਦੀ ਸੁਰੱਖਿਆ ਲਈ, ਖਰੀਦ ਅੱਗੇ ਵਧਾਉਣ ਤੋਂ ਪਹਿਲਾਂ ਕਿਸੇ ਵੱਡੇ ਨੂੰ ਇਹ ਜਾਂਚ ਪੂਰੀ ਕਰਨੀ ਪਵੇਗੀ।;Pentru a proteja copiii, un adult trebuie să treacă această verificare înainte de cumpărare.;Чтобы защитить юных игроков, взрослый должен пройти эту проверку перед покупкой.;Da bismo zaštitili mlade igrače, odrasla osoba mora da završi ovu proveru pre kupovine.;කුඩා ක්‍රීඩකයන් ආරක්ෂා කිරීමට, මිලදී ගැනීමට පෙර වැඩිහිටියෙකු මේ පරීක්ෂාව සම්පූර්ණ කළ යුතුය.;Na ochranu malých hráčov musí dospelý pred pokračovaním k nákupu dokončiť túto kontrolu.;Za zaščito mladih igralcev mora odrasla oseba pred nadaljevanjem nakupa opraviti to preverjanje.;Para proteger a los jugadores más pequeños, un adulto debe completar esta comprobación antes de continuar con la compra.;Ili kuwalinda wachezaji wadogo, mtu mzima lazima akamilishe ukaguzi huu kabla ya kuendelea na ununuzi.;කුඩා ක්‍රීඩකයන් ආරක්ෂා කිරීමට, මිලදී ගැනීමට පෙර වැඩිහිටියෙකු මේ පරීක්ෂාව සම්පූර්ණ කළ යුතුය.;இளம் வீரர்களைப் பாதுகாக்க, வாங்குவதற்கு முன் ஒரு பெரியவர் இந்தச் சரிபார்ப்பை முடிக்க வேண்டும்.;เพื่อปกป้องผู้เล่นตัวน้อย ผู้ใหญ่ต้องผ่านการตรวจสอบนี้ก่อนซื้อ;རྩེད་མཁན་ཆུང་ཆུང་སྲུང་བར། ཉོ་བར་མུ་མཐུད་པའི་སྔོན་ལ་མི་རྒན་པ་ཞིག་གིས་ཞིབ་བཤེར་འདི་ཚར་དགོས།;Kvůli ochraně malých hráčů musí tuto kontrolu před pokračováním k nákupu dokončit dospělý.;Küçük oyuncuları korumak için satın alma işlemine geçmeden önce bir yetişkin bu kontrolü tamamlamalıdır.;چھوٹے کھلاڑیوں کی حفاظت کے لیے خریداری جاری رکھنے سے پہلے کسی بالغ کو یہ جانچ مکمل کرنا ہوگی۔;Để bảo vệ người chơi nhỏ tuổi, người lớn phải hoàn thành bước kiểm tra này trước khi tiếp tục mua.;I amddiffyn chwaraewyr ifanc, rhaid i oedolyn gwblhau'r gwiriad hwn cyn parhau at y pryniant.;Каб абараніць юных гульцоў, дарослы павінен прайсці гэтую праверку перад пакупкай.;Ukuvikela abadlali abancane, umuntu omdala kufanele aqedele lokhu kuhlola ngaphambi kokuqhubeka nokuthenga.;För att skydda unga spelare måste en vuxen klara kontrollen innan köpet kan fortsätta.
parentGate.tapInstruction %lld %@;;"Parental-gate text for grown-ups. Clear and short. Keep the placeholders exactly (%2$@, %1$lld); the app fills them with numbers/text at runtime. You may reorder them to fit natural word order. English is 30 characters. Try to stay close to that.";Now tap the %2$@ %1$lld times.;Tik nu %1$lld keer op de %2$@.;Tik nou %1$lld keer op die %2$@.;Tani prek %2$@ %1$lld herë.;አሁን %2$@ን %1$lld ጊዜ ይንኩ።;اضغط الآن على %2$@ عدد %1$lld مرات.;Այժմ %2$@-ին հպվեք %1$lld անգամ։;এতিয়া %2$@টো %1$lld বাৰ টেপ কৰা।;İndi %2$@ üzərinə %1$lld dəfə toxun.;Orain, sakatu %2$@ %1$lld aldiz.;এখন %2$@-টিতে %1$lld বার ট্যাপ করুন।;အခု %2$@ ကို %1$lld ကြိမ် တို့ပါ။;Sada dodirni %2$@ %1$lld puta.;Сега докосни %2$@ %1$lld пъти.;Ara toca el %2$@ %1$lld vegades.;现在轻点 %2$@ %1$lld 次。;Tryk nu på %2$@ %1$lld gange.;Tippe jetzt %1$lld-mal auf %2$@.;Puuduta nüüd %2$@ %1$lld korda.;Trýst nú %1$lld ferðir á %2$@.;Napauta nyt %2$@ %1$lld kertaa.;Touche maintenant le %2$@ %1$lld fois.;Agora toca o %2$@ %1$lld veces.;ახლა %2$@-ს %1$lld-ჯერ შეეხე.;Τώρα πάτησε το %2$@ %1$lld φορές.;હવે %2$@ પર %1$lld વાર ટેપ કરો.;עכשיו הקישו על ה־%2$@ ‏%1$lld פעמים.;अब %2$@ पर %1$lld बार टैप करें।;Most koppints %1$lld-szer a(z) %2$@ jelre.;Anois tapáil an %2$@ %1$lld uair.;Pikkaðu nú %1$lld sinnum á %2$@.;Sekarang ketuk %2$@ sebanyak %1$lld kali.;Ora tocca %2$@ %1$lld volte.;つぎに、%2$@を%1$lld回タップしてください。;ಈಗ %2$@ ಅನ್ನು %1$lld ಬಾರಿ ತಟ್ಟು.;Енді %2$@ белгісін %1$lld рет түрт.;ឥឡូវប៉ះ %2$@ ចំនួន %1$lld ដង។;이제 %2$@을 %1$lld번 누르세요.;Sada dodirni %2$@ %1$lld puta.;ຕອນນີ້ແຕະ %2$@ %1$lld ຄັ້ງ.;Tagad pieskarieties %2$@ %1$lld reizes.;Dabar bakstelėk %2$@ %1$lld kartus.;Сега допри го %2$@ %1$lld пати.;Sekarang ketik %2$@ sebanyak %1$lld kali.;ഇപ്പോൾ %2$@ %1$lld തവണ തട്ടൂ.;आता %2$@ वर %1$lld वेळा टॅप करा.;Одоо %2$@ дээр %1$lld удаа товш.;अब %2$@ मा %1$lld पटक ट्याप गर्नुहोस्।;Trykk nå på %2$@ %1$lld ganger.;Тепер торкнися %2$@ %1$lld разів.;ଏବେ %2$@ କୁ %1$lld ଥର ଟ୍ୟାପ୍ କର।;ھازىر %2$@ نى %1$lld قېتىم چېكىڭ.;Endi %2$@ ni %1$lld marta bos.;حالا %1$lld بار روی %2$@ بزنید.;Teraz stuknij %2$@ %1$lld razy.;Agora toca em %2$@ %1$lld vezes.;ਹੁਣ %2$@ ਨੂੰ %1$lld ਵਾਰ ਟੈਪ ਕਰੋ।;Acum atinge %2$@ de %1$lld ori.;Теперь нажмите %2$@ %1$lld раз.;Sada dodirnite %2$@ %1$lld puta.;දැන් %2$@ %1$lld වරක් තට්ටු කරන්න.;Teraz %1$lld-krát ťukni na %2$@.;Zdaj %1$lld-krat tapni %2$@.;Ahora toca el %2$@ %1$lld veces.;Sasa gusa %2$@ mara %1$lld.;දැන් %2$@ %1$lld වරක් තට්ටු කරන්න.;இப்போது %2$@ ஐ %1$lld முறை தட்டவும்.;ตอนนี้แตะ %2$@ %1$lld ครั้ง;ད་ལྟ་ %2$@ ལ་ %1$lld ཐེངས་རེག;Nyní klepni na %2$@ %1$lldkrát.;Şimdi %2$@ şekline %1$lld kez dokun.;اب %2$@ کو %1$lld بار ٹیپ کریں۔;Bây giờ chạm %2$@ %1$lld lần.;Nawr tapia'r %2$@ %1$lld gwaith.;Цяпер націсні %1$lld разоў на %2$@.;Manje thepha i-%2$@ izikhathi ezingu-%1$lld.;Tryck nu på %2$@ %1$lld gånger.
parentGate.tapProgress %lld %lld;;"Parental-gate text for grown-ups. Clear and short. Keep the placeholders exactly (%1$lld, %2$lld); the app fills them with numbers/text at runtime. You may reorder them to fit natural word order. English is 22 characters. Try to stay close to that.";Taps: %1$lld of %2$lld;Aantal tikken: %1$lld van %2$lld;Tikke: %1$lld van %2$lld;Prekje: %1$lld nga %2$lld;ንክኪዎች፦ %1$lld ከ%2$lld;الضغطات: %1$lld من %2$lld;Հպումներ՝ %1$lld՝ %2$lld-ից;টেপ: %1$lld ৰ ভিতৰত %2$lld;Toxunuşlar: %1$lld-dən %2$lld;Sakatzeak: %1$lld / %2$lld;ট্যাপ: %1$lld-এর মধ্যে %2$lld;တို့ချက်: %1$lld မှ %2$lld;Dodiri: %1$lld od %2$lld;Докосвания: %1$lld от %2$lld;Tocs: %1$lld de %2$lld;轻点次数：%1$lld/%2$lld;Tryk: %1$lld af %2$lld;Tipps: %1$lld von %2$lld;Puudutusi: %1$lld / %2$lld;Trýst: %1$lld av %2$lld;Napautukset: %1$lld/%2$lld;Touches : %1$lld sur %2$lld;Toques: %1$lld de %2$lld;შეხებები: %1$lld / %2$lld;Πατήματα: %1$lld από %2$lld;ટેપ: %1$lld માંથી %2$lld;הקשות: %1$lld מתוך %2$lld;टैप: %1$lld में से %2$lld;Koppintások: %1$lld / %2$lld;Tapálacha: %1$lld as %2$lld;Pikk: %1$lld af %2$lld;Ketukan: %1$lld dari %2$lld;Tocchi: %1$lld su %2$lld;タップ：%1$lld／%2$lld;ತಟ್ಟುಗಳು: %2$lldರಲ್ಲಿ %1$lld;Түртулер: %1$lld / %2$lld;ចំនួនប៉ះ៖ %1$lld ក្នុងចំណោម %2$lld;누른 횟수: %1$lld/%2$lld;Dodiri: %1$lld od %2$lld;ແຕະ: %1$lld ຈາກ %2$lld;Pieskārieni: %1$lld no %2$lld;Bakstelėjimai: %1$lld iš %2$lld;Допири: %1$lld од %2$lld;Ketikan: %1$lld daripada %2$lld;തട്ടുകൾ: %1$lldൽ %2$lld;टॅप: %1$lld पैकी %2$lld;Товшилт: %1$lld-аас %2$lld;ट्याप: %1$lld मध्ये %2$lld;Trykk: %1$lld av %2$lld;Дотики: %1$lld з %2$lld;ଟ୍ୟାପ୍: %1$lld ମଧ୍ୟରୁ %2$lld;چېكىش: %1$lld / %2$lld;Bosishlar: %1$lld tadan %2$lld ta;تعداد ضربه‌ها: %1$lld از %2$lld;Stuknięcia: %1$lld z %2$lld;Toques: %1$lld de %2$lld;ਟੈਪ: %1$lld ਵਿੱਚੋਂ %2$lld;Atingeri: %1$lld din %2$lld;Нажатия: %1$lld из %2$lld;Dodiri: %1$lld od %2$lld;තට්ටු: %1$lld න් %2$lld;Ťuknutia: %1$lld z %2$lld;Dotiki: %1$lld od %2$lld;Toques: %1$lld de %2$lld;Miguso: %1$lld kati ya %2$lld;තට්ටු: %1$lld න් %2$lld;தட்டல்கள்: %1$lld / %2$lld;แตะแล้ว: %1$lld จาก %2$lld;རེག་པ། %1$lld ནས་ %2$lld;Klepnutí: %1$lld z %2$lld;Dokunma: %1$lld/%2$lld;ٹیپس: %1$lld از %2$lld;Số lần chạm: %1$lld trên %2$lld;Tapiau: %1$lld o %2$lld;Націсканні: %1$lld з %2$lld;Ukuthepha: %1$lld kokungu-%2$lld;Tryck: %1$lld av %2$lld
parentGate.title;;Heading. Short and punchy. English is 23 characters. Try to stay close to that.;Adult approval required;Goedkeuring door een volwassene vereist;Volwassene moet goedkeur;Duhet miratimi i një të rrituri;የአዋቂ ፈቃድ ያስፈልጋል;موافقة شخص بالغ مطلوبة;Պահանջվում է մեծահասակի հաստատում;ডাঙৰৰ অনুমোদন লাগিব;Böyük təsdiqi lazımdır;Heldu baten baimena behar da;প্রাপ্তবয়স্কের অনুমতি দরকার;လူကြီးအတည်ပြုချက် လိုသည်;Potrebno odobrenje odrasle osobe;Нужно е одобрение от възрастен;Cal l’aprovació d’un adult;需要成年人同意;En voksen skal godkende;Bestätigung eines Erwachsenen nötig;Vajalik täiskasvanu kinnitus;Góðkenning frá vaksnum krevst;Aikuisen hyväksyntä tarvitaan;Autorisation d’un adulte requise;Precísase a aprobación dun adulto;საჭიროა უფროსის თანხმობა;Χρειάζεται έγκριση ενήλικα;મોટા વ્યક્તિની મંજૂરી જરૂરી;נדרש אישור מבוגר;किसी बड़े की मंज़ूरी चाहिए;Felnőtt jóváhagyása szükséges;Cead duine fásta de dhíth;Samþykki fullorðins þarf;Perlu persetujuan orang dewasa;Serve l’approvazione di un adulto;大人の承認が必要です;ವಯಸ್ಕರ ಅನುಮತಿ ಅಗತ್ಯ;Ересек адамның рұқсаты қажет;ត្រូវការការយល់ព្រមពីមនុស្សពេញវ័យ;어른의 승인이 필요해요;Potrebno odobrenje odrasle osobe;ຕ້ອງມີຜູ້ໃຫຍ່ອະນຸມັດ;Vajadzīgs pieaugušā apstiprinājums;Reikia suaugusiojo patvirtinimo;Потребно е одобрение од возрасен;Kelulusan orang dewasa diperlukan;മുതിർന്നയാളുടെ അനുമതി വേണം;मोठ्या व्यक्तीची परवानगी हवी;Насанд хүрэгчийн зөвшөөрөл хэрэгтэй;वयस्कको स्वीकृति चाहिन्छ;Godkjenning fra en voksen kreves;Потрібне схвалення дорослого;ବୟସ୍କଙ୍କ ଅନୁମୋଦନ ଆବଶ୍ୟକ;چوڭ كىشىنىڭ تەستىقى كېرەك;Kattalar tasdig‘i kerak;تأیید بزرگسال لازم است;Wymagana zgoda dorosłego;É necessária a aprovação de um adulto;ਵੱਡੇ ਦੀ ਮਨਜ਼ੂਰੀ ਲੋੜੀਂਦੀ;Este necesară aprobarea unui adult;Нужно подтверждение взрослого;Potrebno je odobrenje odrasle osobe;වැඩිහිටි අනුමැතිය අවශ්‍යයි;Potrebné schválenie dospelého;Potrebna je odobritev odrasle osebe;Se necesita la aprobación de un adulto;Idhini ya mtu mzima inahitajika;වැඩිහිටි අනුමැතිය අවශ්‍යයි;பெரியவர் அனுமதி தேவை;ต้องได้รับอนุมัติจากผู้ใหญ่;མི་རྒན་པའི་ཆོག་མཆན་དགོས།;Nutné schválení dospělým;Yetişkin onayı gerekli;بالغ کی منظوری ضروری;Cần người lớn xác nhận;Angen cymeradwyaeth oedolyn;Патрэбна згода дарослага;Kudingeka imvume yomuntu omdala;En vuxen måste godkänna
premium.feature.animals.subtitle;;Subheading. One short sentence. English is 49 characters. Try to stay close to that.;With premium you play freely with all 10 animals.;Met premium speel je vrij met alle 10 de dieren.;Met Premium speel jy vrylik met al 10 diere.;Me Premium luan lirshëm me të 10 kafshët.;በፕሪሚየም ከ10ቱም እንስሳት ጋር ያለገደብ ትጫወታለህ።;مع المميز، يمكنك اللعب بحرية بكل الحيوانات العشرة.;Պրեմիումով կարող ես ազատ խաղալ բոլոր 10 կենդանիներով։;প্ৰিমিয়ামত সকলো ১০টা জন্তুৰে মুক্তভাৱে খেলিব পাৰা।;Premium ilə 10 heyvanın hamısı ilə sərbəst oyna.;Premium-ekin, libre jokatu dezakezu 10 animaliekin.;প্রিমিয়ামে ১০টি প্রাণী নিয়েই স্বাধীনভাবে খেলতে পারবে।;Premium နဲ့ တိရစ္ဆာန် ၁၀ ကောင်လုံးကို လွတ်လပ်စွာ ကစားနိုင်တယ်။;Uz Premium slobodno igraš sa svih 10 životinja.;С Премиум можеш да играеш свободно с всичките 10 животни.;Amb Premium pots jugar lliurement amb els 10 animals.;高级版可自由使用全部 10 种动物。;Med Premium kan du frit spille med alle 10 dyr.;Mit Premium spielst du frei mit allen 10 Tieren.;Premiumiga saad vabalt mängida kõigi 10 loomaga.;Við Premium kanst tú spæla frítt við øllum 10 dýrunum.;Premiumilla voit pelata vapaasti kaikilla 10 eläimellä.;Avec Premium, joue librement avec les 10 animaux.;Con Premium podes xogar libremente cos 10 animais.;Premium-ით თავისუფლად ითამაშებ ათივე ცხოველით.;Με το Premium παίζεις ελεύθερα και με τα 10 ζωάκια.;પ્રીમિયમથી તમે બધા 10 પ્રાણીઓ સાથે મનમુકીને રમી શકો.;עם פרימיום אפשר לשחק בחופשיות עם כל 10 החיות.;प्रीमियम में सभी 10 जानवरों के साथ खुलकर खेलो।;Prémiummal mind a 10 állattal szabadon játszhatsz.;Le Préimh, is féidir leat imirt gan srian leis na 10 n-ainmhí.;Með Premium geturðu spilað frjálst með öllum 10 dýrunum.;Dengan Premium, kamu bebas bermain dengan semua 10 hewan.;Con Premium puoi giocare liberamente con tutti e 10 gli animali.;プレミアムなら、10ぴきの動物すべてで自由に遊べます。;ಪ್ರೀಮಿಯಂನಲ್ಲಿ ಎಲ್ಲಾ 10 ಪ್ರಾಣಿಗಳೊಂದಿಗೆ ಮುಕ್ತವಾಗಿ ಆಡು.;Premium арқылы барлық 10 жануармен еркін ойнайсың.;ជាមួយព្រីមៀម អ្នកអាចលេងដោយសេរីជាមួយសត្វទាំង 10។;프리미엄에서는 동물 10마리를 모두 자유롭게 사용할 수 있어요.;Uz Premium slobodno igraš sa svih 10 životinja.;ດ້ວຍພຣີມຽມ ເຈົ້າຫຼິ້ນກັບສັດທັງ 10 ໂຕໄດ້ຢ່າງອິດສະຫຼະ.;Ar Premium vari brīvi spēlēt ar visiem 10 dzīvniekiem.;Su Premium gali laisvai žaisti su visais 10 gyvūnų.;Со Премиум можеш слободно да играш со сите 10 животни.;Dengan premium, kamu bebas bermain dengan semua 10 haiwan.;പ്രീമിയത്തിൽ 10 മൃഗങ്ങളുമായും സ്വതന്ത്രമായി കളിക്കാം.;प्रीमियममध्ये सर्व 10 प्राण्यांसोबत मनसोक्त खेळ.;Премиумтай бол 10 амьтнаар бүгдээр нь чөлөөтэй тоглоно.;प्रिमियममा सबै १० जनावरसँग स्वतन्त्र खेल।;Med Premium kan du spille fritt med alle de 10 dyrene.;З Преміум можна вільно грати всіма 10 тваринами.;Premium ସହ ସମସ୍ତ 10ଟି ପଶୁ ସହ ମନଭରି ଖେଳ।;Premium بىلەن 10 ھايۋاننىڭ ھەممىسىنى ئەركىن ئىشلىتەلەيسەن.;Premium bilan barcha 10 ta hayvon bilan erkin o‘ynaysan.;با نسخهٔ ویژه، آزادانه با هر ۱۰ حیوان بازی می‌کنی.;Z Premium możesz grać wszystkimi 10 zwierzętami.;Com Premium, podes jogar livremente com os 10 animais.;ਪ੍ਰੀਮੀਅਮ ਨਾਲ ਸਾਰੇ 10 ਜਾਨਵਰਾਂ ਨਾਲ ਖੁੱਲ੍ਹ ਕੇ ਖੇਡੋ।;Cu Premium te joci liber cu toate cele 10 animale.;С Премиумом доступны все 10 животных.;Uz Premium možeš slobodno da igraš sa svih 10 životinja.;ප්‍රීමියම් සමඟ සතුන් 10 දෙනාම නිදහසේ භාවිතා කළ හැක.;S Premium môžeš voľne hrať so všetkými 10 zvieratami.;S Premiumom se lahko prosto igraš z vsemi 10 živalmi.;Con Premium puedes jugar libremente con los 10 animales.;Ukiwa na Premium, unacheza kwa uhuru na wanyama wote 10.;ප්‍රීමියම් සමඟ සතුන් 10 දෙනාම නිදහසේ භාවිතා කළ හැක.;பிரீமியத்தில் 10 விலங்குகளுடனும் சுதந்திரமாக விளையாடலாம்.;พรีเมียมให้เล่นกับสัตว์ทั้ง 10 ตัวได้อย่างอิสระ;Premium ཡོད་ན་སྲོག་ཆགས་10 ཚང་མས་རང་དབང་ངང་རྩེ་ཐུབ།;S Premium můžeš volně hrát se všemi 10 zvířaty.;Premium ile 10 hayvanın hepsiyle özgürce oynarsın.;پریمیم کے ساتھ تمام 10 جانوروں سے آزادانہ کھیلیں۔;Với Premium, bạn được chơi tự do với cả 10 con vật.;Gyda Premiwm, gelli di chwarae'n rhydd gyda'r 10 anifail.;З Прэміум можна свабодна гуляць усімі 10 жывёламі.;Nge-Premium udlala ngokukhululekile ngazo zonke izilwane eziyi-10.;Spela fritt med alla 10 djur med Premium.
premium.feature.animals.title;;Heading. Short and punchy. English is 21 characters. Try to stay close to that.;Access to all animals;Toegang tot alle dieren;Toegang tot alle diere;Të gjitha kafshët;ሁሉንም እንስሳት ተጠቀም;كل الحيوانات متاحة;Բոլոր կենդանիները հասանելի են;সকলো জন্তু ব্যৱহাৰ;Bütün heyvanlara giriş;Animalia guztiak erabilgarri;সব প্রাণী ব্যবহার;တိရစ္ဆာန်အားလုံး သုံးနိုင်;Pristup svim životinjama;Всички животни;Accés a tots els animals;使用所有动物;Adgang til alle dyr;Alle Tiere verfügbar;Kõik loomad avatud;Atgongd til øll dýr;Kaikki eläimet;Tous les animaux;Acceso a todos os animais;ყველა ცხოველი ხელმისაწვდომია;Όλα τα ζωάκια;બધા પ્રાણીઓ ઉપલબ્ધ;גישה לכל החיות;सभी जानवर उपलब्ध;Minden állat elérhető;Na hainmhithe go léir;Aðgangur að öllum dýrum;Akses semua hewan;Tutti gli animali;すべての動物が使える;ಎಲ್ಲಾ ಪ್ರಾಣಿಗಳಿಗೆ ಪ್ರವೇಶ;Барлық жануарларға қолжетімділік;ប្រើសត្វទាំងអស់;모든 동물 사용;Pristup svim životinjama;ເຂົ້າເຖິງສັດທຸກໂຕ;Visi dzīvnieki pieejami;Visi gyvūnai;Пристап до сите животни;Akses semua haiwan;എല്ലാ മൃഗങ്ങളും ലഭ്യം;सर्व प्राणी उपलब्ध;Бүх амьтныг ашиглах;सबै जनावर उपलब्ध;Tilgang til alle dyrene;Усі тварини доступні;ସବୁ ପଶୁ ଖୋଲ;بارلىق ھايۋانلار ئېچىلىدۇ;Barcha hayvonlar ochiq;دسترسی به همهٔ حیوان‌ها;Wszystkie zwierzęta;Acesso a todos os animais;ਸਾਰੇ ਜਾਨਵਰ ਖੋਲ੍ਹੋ;Acces la toate animalele;Все животные доступны;Sve životinje;සියලු සතුන්ට ප්‍රවේශය;Všetky zvieratá;Dostop do vseh živali;Todos los animales;Fikia wanyama wote;සියලු සතුන්ට ප්‍රවේශය;எல்லா விலங்குகளும் கிடைக்கும்;ใช้สัตว์ได้ทุกตัว;སྲོག་ཆགས་ཚང་མ་སྤྱོད་ཐུབ།;Všechna zvířata;Tüm hayvanlara erişim;تمام جانور دستیاب;Mở khóa mọi con vật;Mynediad at bob anifail;Усе жывёлы;Zonke izilwane ziyatholakala;Alla djur
premium.feature.levels.subtitle;;Subheading. One short sentence. English is 35 characters. Try to stay close to that.;Always enough new sums to practice.;Altijd genoeg nieuwe sommen om te oefenen.;Altyd genoeg nuwe somme om te oefen.;Gjithmonë detyra të reja për t’u ushtruar.;ለመለማመድ ሁልጊዜ በቂ አዳዲስ ስሌቶች አሉ።;مسائل جديدة كافية دائمًا للتمرّن.;Միշտ կան բավական նոր առաջադրանքներ փորձելու համար։;অভ্যাসৰ বাবে সদায় নতুন অংক।;Məşq üçün həmişə yeni misallar var.;Beti ariketa berri nahikoa praktikatzeko.;অনুশীলনের জন্য সব সময় নতুন অঙ্ক থাকবে।;လေ့ကျင့်ဖို့ ပုစ္ဆာအသစ်တွေ အမြဲလုံလောက်တယ်။;Uvijek ima dovoljno novih zadataka za vježbu.;Винаги има достатъчно нови задачи за упражнение.;Sempre hi ha operacions noves per practicar.;总有足够的新题可以练习。;Altid masser af nye opgaver at øve.;Immer genug neue Aufgaben zum Üben.;Alati piisavalt uusi ülesandeid harjutamiseks.;Altíð nóg nógv nýggj roknistykki at venja.;Aina tarpeeksi uusia laskuja harjoiteltavaksi.;Toujours assez de nouveaux calculs pour t’entraîner.;Sempre terás contas novas para practicar.;სავარჯიშოდ ყოველთვის საკმარისი ახალი ამოცანაა.;Πάντα νέες ασκήσεις για εξάσκηση.;અભ્યાસ માટે હંમેશા પૂરતા નવા દાખલા.;תמיד יש מספיק תרגילים חדשים.;अभ्यास के लिए हमेशा नए सवाल।;Mindig van elég új feladat a gyakorláshoz.;Neart suimeanna nua le cleachtadh i gcónaí.;Alltaf nóg af nýjum dæmum til að æfa.;Selalu ada soal baru untuk berlatih.;Sempre tanti nuovi esercizi per allenarti.;れんしゅうできる新しい問題がいつもたくさん。;ಅಭ್ಯಾಸಕ್ಕೆ ಯಾವಾಗಲೂ ಸಾಕಷ್ಟು ಹೊಸ ಲೆಕ್ಕಗಳು.;Жаттығуға әрдайым жаңа есептер жеткілікті.;តែងតែមានលំហាត់ថ្មីគ្រប់គ្រាន់សម្រាប់ហាត់។;연습할 새 문제가 항상 충분해요.;Uvijek dovoljno novih zadataka za vježbu.;ມີໂຈດໃໝ່ໃຫ້ຝຶກສະເໝີ.;Vienmēr pietiek jaunu uzdevumu treniņam.;Visada užteks naujų užduočių mokytis.;Секогаш има доволно нови задачи за вежбање.;Sentiasa ada soalan baharu untuk dilatih.;പരിശീലിക്കാൻ എപ്പോഴും പുതിയ കണക്കുകൾ.;सरावासाठी नेहमी भरपूर नवीन उदाहरणे.;Давтах шинэ бодлого үргэлж хангалттай.;अभ्यासका लागि सधैं नयाँ हिसाब।;Alltid nok nye oppgaver å øve på.;Завжди багато нових завдань для тренування.;ଅଭ୍ୟାସ ପାଇଁ ସବୁବେଳେ ନୂଆ ପ୍ରଶ୍ନ।;مەشىق قىلىدىغان يېڭى مەسىلىلەر ھەمىشە يېتەرلىك.;Mashq qilish uchun doim yangi misollar yetarli.;همیشه تمرین‌های تازه برای حل کردن داری.;Zawsze nowe zadania do ćwiczeń.;Sempre novas contas para praticar.;ਅਭਿਆਸ ਲਈ ਹਮੇਸ਼ਾ ਕਾਫ਼ੀ ਨਵੇਂ ਹਿਸਾਬ।;Mereu exerciții noi pentru exersat.;Всегда много новых примеров для тренировки.;Uvek dovoljno novih zadataka za vežbanje.;පුහුණු වීමට හැමවිටම අලුත් ගණන් ඇති තරම්.;Vždy dosť nových príkladov na tréning.;Vedno dovolj novih nalog za vajo.;Siempre tendrás ejercicios nuevos para practicar.;Daima kuna hesabu mpya za kutosha kufanya mazoezi.;පුහුණු වීමට හැමවිටම අලුත් ගණන් ඇති තරම්.;பயிற்சிக்கு எப்போதும் புதிய கணக்குகள் இருக்கும்.;มีโจทย์ใหม่ให้ฝึกเสมอ;སྦྱོང་རྒྱུའི་རྩིས་གསར་པ་རྟག་ཏུ་འདང་ངེས་ཡོད།;Vždy dost nových příkladů k procvičování.;Çalışmak için her zaman yeterince yeni soru.;مشق کے لیے ہمیشہ نئے سوال۔;Luôn có đủ bài toán mới để luyện tập.;Digon o symiau newydd i'w hymarfer bob amser.;Заўсёды шмат новых прыкладаў для трэніроўкі.;Kuhlale kunezibalo ezintsha ezanele zokuzijwayeza.;99 nivåer per ämne
premium.feature.levels.title;;Heading. Short and punchy. English is 19 characters. Try to stay close to that.;99 levels per topic;99 levels per onderwerp;99 vlakke per onderwerp;99 nivele për temë;በእያንዳንዱ ርዕስ 99 ደረጃዎች;99 مستوى لكل موضوع;Յուրաքանչյուր թեմայում՝ 99 մակարդակ;প্ৰতি বিষয়ত ৯৯টা লেভেল;Hər mövzuya 99 səviyyə;99 maila gai bakoitzeko;প্রতি বিষয়ে ৯৯ লেভেল;အကြောင်းအရာတစ်ခုစီ 99 အဆင့်;99 nivoa po temi;99 нива на тема;99 nivells per tema;每个主题 99 关;99 baner pr. emne;99 Levels pro Thema;99 taset igas teemas;99 stig í hvørjum evni;99 tasoa per aihe;99 niveaux par sujet;99 niveis por tema;თითო თემაზე 99 დონე;99 επίπεδα ανά θέμα;દરેક વિષયમાં 99 લેવલ;99 שלבים בכל נושא;हर विषय में 99 स्तर;99 szint témánként;99 leibhéal in aghaidh an ábhair;99 borð í hverju efni;99 level per topik;99 livelli per argomento;テーマごとに99レベル;ಪ್ರತಿ ವಿಷಯಕ್ಕೆ 99 ಹಂತಗಳು;Әр тақырыпқа 99 деңгей;99 កម្រិតក្នុងមួយប្រធានបទ;주제마다 99레벨;99 razina po temi;99 ດ່ານຕໍ່ຫົວຂໍ້;99 līmeņi katrā tēmā;99 lygiai kiekvienai temai;99 нивоа по тема;99 tahap setiap topik;ഓരോ വിഷയത്തിനും 99 ലെവലുകൾ;प्रत्येक विषयाला 99 स्तर;Сэдэв бүрд 99 түвшин;हरेक विषयमा ९९ लेभल;99 nivåer per emne;99 рівнів у кожній темі;ପ୍ରତ୍ୟେକ ବିଷୟରେ 99 ଲେଭେଲ୍;ھەر تېمىدا 99 دەرىجە;Har mavzuda 99 bosqich;۹۹ مرحله برای هر موضوع;99 poziomów na temat;99 níveis por tema;ਹਰ ਵਿਸ਼ੇ ਦੇ 99 ਲੈਵਲ;99 de niveluri pe subiect;99 уровней в каждой теме;99 nivoa po temi;මාතෘකාවකට මට්ටම් 99ක්;99 úrovní na tému;99 stopenj na temo;99 niveles por tema;Viwango 99 kwa kila mada;මාතෘකාවකට මට්ටම් 99ක්;ஒவ்வொரு தலைப்பிலும் 99 நிலைகள்;หัวข้อละ 99 ด่าน;བརྗོད་གཞི་རེར་རིམ་པ་99;99 úrovní pro každé téma;Konu başına 99 seviye;بہ موضوع 99 لیولز;99 cấp mỗi chủ đề;99 lefel i bob pwnc;99 узроўняў у кожнай тэме;Amaleveli angu-99 ngesihloko;Alltid nya tal att öva på.
premium.feature.noAds.subtitle;;Subheading. One short sentence. English is 38 characters. Try to stay close to that.;Play completely without interruptions.;Volledig zonder onderbrekingen spelen.;Speel heeltemal sonder onderbrekings.;Luaj pa asnjë ndërprerje.;ያለምንም መቋረጥ ተጫወት።;العب بلا أي مقاطعات.;Խաղա առանց ընդհատումների։;কোনো বাধা নোহোৱাকৈ খেলা।;Tamamilə fasiləsiz oyna.;Jokatu etenik gabe.;কোনো বাধা ছাড়াই খেলো।;အနှောင့်အယှက်မရှိ လုံးဝကစားပါ။;Igraj bez ikakvih prekida.;Играй без никакви прекъсвания.;Juga sense cap interrupció.;畅玩无打扰。;Spil helt uden afbrydelser.;Spiele ganz ohne Unterbrechungen.;Mängi täiesti katkestusteta.;Spæl heilt uttan órógv.;Pelaa täysin ilman keskeytyksiä.;Joue sans aucune interruption.;Xoga sen interrupcións.;ითამაშე სრულიად შეუფერხებლად.;Παίξε χωρίς καμία διακοπή.;કોઈ વિક્ષેપ વગર રમો.;שחקו בלי הפרעות.;बिना रुकावट खेलो।;Játssz teljesen megszakítás nélkül.;Imir gan aon bhriseadh.;Spilaðu alveg án truflana.;Bermain tanpa gangguan.;Gioca senza interruzioni.;じゃまされずにずっと遊べます。;ಯಾವುದೇ ಅಡ್ಡಿಯಿಲ್ಲದೆ ಆಡು.;Еш кедергісіз ойна.;លេងដោយគ្មានការរំខាន។;방해 없이 마음껏 놀아요.;Igraj bez ikakvih prekida.;ຫຼິ້ນໄດ້ໂດຍບໍ່ຖືກຂັດຈັງຫວະ.;Spēlē bez pārtraukumiem.;Žaisk be jokių trukdžių.;Играј без никакви прекини.;Main tanpa gangguan.;തടസ്സങ്ങളില്ലാതെ കളിക്കൂ.;पूर्णपणे विनाअडथळा खेळ.;Ямар ч саадгүй тогло.;बिनारोकावट खेल।;Spill helt uten avbrytelser.;Грай без жодних перерв.;ବିନା ବାଧାରେ ଖେଳ।;ئۈزۈلمەي ئوينا.;Hech qanday uzilishsiz o‘yna.;کاملاً بدون وقفه بازی کن.;Graj bez żadnych przerw.;Joga sem interrupções.;ਬਿਨਾਂ ਰੁਕਾਵਟ ਦੇ ਖੇਡੋ।;Joacă-te fără întreruperi.;Играй без перерывов.;Igraj bez prekida.;කිසිදු බාධාවක් නැතිව ක්‍රීඩා කරන්න.;Hraj úplne bez prerušení.;Igraj povsem brez prekinitev.;Juega sin interrupciones.;Cheza bila kukatizwa kabisa.;කිසිදු බාධාවක් නැතිව ක්‍රීඩා කරන්න.;இடையூறு இல்லாமல் விளையாடு.;เล่นได้ต่อเนื่องไม่มีสะดุด;བར་ཆད་མེད་པར་རྩེ།;Hraj zcela bez přerušení.;Hiç kesinti olmadan oyna.;بغیر رکاوٹ کھیلیں۔;Chơi hoàn toàn không bị gián đoạn.;Chwarae heb unrhyw darfu.;Гуляй без перапынкаў.;Dlala ngaphandle kweziphazamiso.;Inga annonser
premium.feature.noAds.title;;Heading. Short and punchy. English is 6 characters. Try to stay close to that.;No ads;Geen advertenties;Geen advertensies;Pa reklama;ማስታወቂያ የለም;بلا إعلانات;Առանց գովազդի;বিজ্ঞাপন নাই;Reklamsız;Iragarkirik gabe;বিজ্ঞাপন নেই;ကြော်ငြာမရှိ;Bez oglasa;Без реклами;Sense anuncis;无广告;Ingen reklamer;Keine Werbung;Reklaamideta;Eingar lýsingar;Ei mainoksia;Sans publicité;Sen anuncios;რეკლამის გარეშე;Χωρίς διαφημίσεις;જાહેરાતો નહીં;ללא פרסומות;कोई विज्ञापन नहीं;Nincsenek reklámok;Gan fógraí;Engar auglýsingar;Tanpa iklan;Niente pubblicità;広告なし;ಜಾಹೀರಾತುಗಳಿಲ್ಲ;Жарнамасыз;គ្មានពាណិជ្ជកម្ម;광고 없음;Bez oglasa;ບໍ່ມີໂຄສະນາ;Bez reklāmām;Be reklamų;Без реклами;Tiada iklan;പരസ്യങ്ങളില്ല;जाहिराती नाहीत;Зар сурталчилгаагүй;विज्ञापन छैन;Ingen reklame;Без реклами;ବିଜ୍ଞାପନ ନାହିଁ;ئېلان يوق;Reklamasiz;بدون تبلیغ;Bez reklam;Sem anúncios;ਕੋਈ ਇਸ਼ਤਿਹਾਰ ਨਹੀਂ;Fără reclame;Без рекламы;Bez oglasa;දැන්වීම් නැහැ;Bez reklám;Brez oglasov;Sin anuncios;Hakuna matangazo;දැන්වීම් නැහැ;விளம்பரங்கள் இல்லை;ไม่มีโฆษณา;ཁྱབ་བསྒྲགས་མེད།;Bez reklam;Reklamsız;اشتہارات نہیں;Không quảng cáo;Dim hysbysebion;Без рэкламы;Azikho izikhangiso;Spela helt utan avbrott.
premium.oneTime;;Settings text. Keep it compact. English is 33 characters. Try to stay close to that.;One-time purchase. Yours forever.;Eenmalige aankoop. Voor altijd van jou.;Eenmalige aankoop. Vir altyd joune.;Një blerje e vetme. E jotja përgjithmonë.;የአንድ ጊዜ ግዢ። ለዘላለም ያንተ።;شراء مرة واحدة. لك للأبد.;Մեկանգամյա գնում։ Ընդմիշտ քոնն է։;এবাৰ কিনিলেই চিৰদিন তোমাৰ।;Birdəfəlik alış. Həmişə sənindir.;Ordainketa bakarra. Betiko zurea.;একবার কিনলেই চিরদিন তোমার।;တစ်ကြိမ်ဝယ်၊ အမြဲပိုင်။;Jednokratna kupovina. Zauvijek tvoje.;Еднократна покупка. Завинаги твое.;Compra única. Per sempre teu.;一次购买，永久拥有。;Engangskøb. Dit for altid.;Einmal kaufen. Für immer deins.;Ühekordne ost. Jääb sulle igaveseks.;Eitt eingangsk keyp. Títt í allar ævir.;Kertaostos. Omistat sen ikuisesti.;Un seul achat. À toi pour toujours.;Un único pagamento. Teu para sempre.;ერთჯერადი შეძენა. სამუდამოდ შენია.;Μία αγορά. Δικό σου για πάντα.;એક વખતની ખરીદી. હંમેશા તમારી.;רכישה חד־פעמית. שלכם לתמיד.;एक बार खरीदें। हमेशा आपका।;Egyszeri vásárlás. Örökre a tiéd.;Ceannach aonuaire. Is leatsa go deo é.;Eingreiðsla. Þitt að eilífu.;Sekali beli. Milikmu selamanya.;Acquisto unico. Tuo per sempre.;一度買えば、ずっと使えます。;ಒಮ್ಮೆ ಖರೀದಿ. ಸದಾಕಾಲ ನಿನ್ನದು.;Бір рет сатып аласың. Мәңгі сенікі.;ទិញតែម្តង។ ជារបស់អ្នករហូត។;한 번만 구매하면 영원히 내 것이에요.;Jednokratna kupnja. Zauvijek tvoje.;ຊື້ຄັ້ງດຽວ. ເປັນຂອງເຈົ້າຕະຫຼອດໄປ.;Vienreizējs pirkums. Tavs uz visiem laikiem.;Vienkartinis pirkinys. Tavo visam laikui.;Еднократно купување. Твое засекогаш.;Beli sekali. Milik kamu selamanya.;ഒറ്റത്തവണ വാങ്ങൽ. എന്നേക്കും നിന്റേത്.;एकदाच खरेदी. कायम तुझं.;Нэг удаагийн худалдан авалт. Үүрд чинийх.;एकपटकको खरिद। सधैं तिम्रो।;Engangskjøp. Ditt for alltid.;Одна покупка. Назавжди твоє.;ଥରେ କିଣ। ସବୁଦିନ ତୁମର।;بىر قېتىملىق سېتىۋېلىش. مەڭگۈ سىزنىڭ.;Bir martalik xarid. Abadiy seniki.;یک‌بار بخر، برای همیشه مال تو.;Kupujesz raz. Masz na zawsze.;Compra única. Teu para sempre.;ਇੱਕ ਵਾਰ ਖਰੀਦੋ। ਹਮੇਸ਼ਾ ਤੁਹਾਡਾ।;O singură plată. Al tău pentru totdeauna.;Одна покупка. Навсегда твоё.;Jedna kupovina. Zauvek tvoje.;එක් වරක් ගන්න. සදහටම ඔබේ.;Jednorazový nákup. Navždy tvoje.;Enkratni nakup. Za vedno tvoje.;Un solo pago. Tuyo para siempre.;Nunua mara moja. Ni yako milele.;එක් වරක් ගන්න. සදහටම ඔබේ.;ஒருமுறை வாங்கினால் என்றென்றும் உன்னுடையது.;ซื้อครั้งเดียว เป็นของเธอตลอดไป;ཐེངས་གཅིག་ཉོས། གཏན་དུ་ཁྱེད་ཀྱི་ཡིན།;Jednorázový nákup. Navždy tvé.;Tek seferlik satın alma. Sonsuza kadar senin.;ایک بار خریدیں۔ ہمیشہ آپ کا۔;Mua một lần. Dùng mãi mãi.;Pryniant unwaith. Yn eiddo i ti am byth.;Адна пакупка. Назаўсёды тваё.;Kuthengwa kanye. Kungokwakho phakade.;Engångsköp. Ditt för alltid.
premium.restore;;Settings text. Keep it compact. English is 17 characters. Try to stay close to that.;Restore purchases;Aankopen herstellen;Herstel aankope;Rikthe blerjet;ግዢዎችን መልስ;استعادة المشتريات;Վերականգնել գնումները;ক্ৰয় পুনৰুদ্ধাৰ;Alışları bərpa et;Berrezarri erosketak;কেনাকাটা পুনরুদ্ধার;ဝယ်ယူမှုများ ပြန်ယူရန်;Vrati kupovine;Възстанови покупките;Restaura les compres;恢复购买;Gendan køb;Käufe wiederherstellen;Taasta ostud;Endurheimta keyp;Palauta ostokset;Restaurer les achats;Restaurar compras;შეძენების აღდგენა;Επαναφορά αγορών;ખરીદીઓ પાછી મેળવો;שחזור רכישות;खरीदारी बहाल करें;Vásárlások visszaállítása;Athchóirigh ceannacháin;Endurheimta kaup;Pulihkan pembelian;Ripristina acquisti;購入を復元;ಖರೀದಿಗಳನ್ನು ಮರುಸ್ಥಾಪಿಸು;Сатып алуларды қалпына келтіру;ស្ដារការទិញ;구매 복원;Obnovi kupnje;ກູ້ຄືນການຊື້;Atjaunot pirkumus;Atkurti pirkinius;Врати ги купувањата;Pulihkan pembelian;വാങ്ങലുകൾ പുനഃസ്ഥാപിക്കൂ;खरेदी पुन्हा मिळवा;Худалдан авалтыг сэргээх;खरिद पुनःस्थापना;Gjenopprett kjøp;Відновити покупки;କିଣା ପୁନରୁଦ୍ଧାର;سېتىۋېلىشنى ئەسلىگە كەلتۈر;Xaridlarni tiklash;بازیابی خریدها;Przywróć zakupy;Restaurar compras;ਖਰੀਦਾਂ ਮੁੜ ਲਵੋ;Restaurează achizițiile;Восстановить покупки;Vrati kupovine;මිලදී ගැනීම් ප්‍රතිස්ථාපනය කරන්න;Obnoviť nákupy;Obnovi nakupe;Restaurar compras;Rejesha ununuzi;මිලදී ගැනීම් ප්‍රතිස්ථාපනය කරන්න;வாங்கியவற்றை மீட்டெடு;กู้คืนการซื้อ;ཉོས་པ་སླར་གསོ;Obnovit nákupy;Satın alımları geri yükle;خریداریاں بحال کریں;Khôi phục giao dịch mua;Adfer pryniannau;Аднавіць пакупкі;Buyisela okuthengiwe;Återställ köp
premium.storeUnavailable;;Settings text. Keep it compact. English is 61 characters. Try to stay close to that.;The store is not available right now. Please try again later.;De winkel is nu niet beschikbaar. Probeer het later opnieuw.;Die winkel is nie nou beskikbaar nie. Probeer asseblief later weer.;Dyqani nuk është i disponueshëm tani. Provo përsëri më vonë.;መደብሩ አሁን አይገኝም። እባክዎ ቆይተው እንደገና ይሞክሩ።;المتجر غير متاح الآن. حاول لاحقًا.;Խանութն այժմ հասանելի չէ։ Փորձեք ավելի ուշ։;এতিয়া ষ্ট’ৰ উপলব্ধ নহয়। পিছত আকৌ চেষ্টা কৰা।;Mağaza hazırda əlçatan deyil. Sonra yenidən cəhd et.;Denda ez dago erabilgarri orain. Saiatu berriro geroago.;স্টোর এখন পাওয়া যাচ্ছে না। পরে আবার চেষ্টা করুন।;စတိုးကို အခုသုံးမရပါ။ နောက်မှ ထပ်ကြိုးစားပါ။;Prodavnica trenutno nije dostupna. Pokušaj ponovo kasnije.;Магазинът не е достъпен в момента. Опитай пак по-късно.;La botiga no està disponible ara mateix. Torna-ho a provar més tard.;商店暂时不可用，请稍后再试。;Butikken er ikke tilgængelig lige nu. Prøv igen senere.;Der Store ist gerade nicht verfügbar. Bitte versuche es später noch einmal.;Pood pole praegu saadaval. Proovi hiljem uuesti.;Handilin er ikki tøkur beint nú. Royn aftur seinni.;Kauppa ei ole juuri nyt käytettävissä. Yritä myöhemmin uudelleen.;La boutique n’est pas disponible pour le moment. Réessaie plus tard.;A tenda non está dispoñible agora. Téntao de novo máis tarde.;მაღაზია ახლა მიუწვდომელია. მოგვიანებით სცადე.;Το κατάστημα δεν είναι διαθέσιμο τώρα. Δοκίμασε ξανά αργότερα.;હમણાં સ્ટોર ઉપલબ્ધ નથી. કૃપા કરીને પછી ફરી પ્રયત્ન કરો.;החנות אינה זמינה כרגע. נסו שוב מאוחר יותר.;स्टोर अभी उपलब्ध नहीं है। बाद में फिर कोशिश करें।;Az áruház most nem érhető el. Próbáld újra később.;Níl an siopa ar fáil anois. Bain triail eile as ar ball.;Verslunin er ekki tiltæk núna. Reyndu aftur síðar.;Toko sedang tidak tersedia. Coba lagi nanti.;Il negozio non è disponibile ora. Riprova più tardi.;今はストアを使えません。あとでもう一度お試しください。;ಅಂಗಡಿ ಈಗ ಲಭ್ಯವಿಲ್ಲ. ನಂತರ ಮತ್ತೆ ಪ್ರಯತ್ನಿಸಿ.;Дүкен қазір қолжетімсіз. Кейінірек қайталап көр.;ហាងមិនអាចប្រើបានឥឡូវនេះទេ។ សូមព្យាយាមម្ដងទៀតពេលក្រោយ។;지금은 스토어를 이용할 수 없어요. 나중에 다시 시도해 주세요.;Trgovina trenutačno nije dostupna. Pokušaj ponovno poslije.;ຕອນນີ້ຮ້ານຄ້າບໍ່ພ້ອມ. ກະລຸນາລອງໃໝ່ພາຍຫຼັງ.;Veikals pašlaik nav pieejams. Lūdzu, mēģini vēlāk.;Parduotuvė dabar nepasiekiama. Bandyk dar kartą vėliau.;Продавницата моментално не е достапна. Обиди се повторно подоцна.;Kedai tidak tersedia sekarang. Cuba lagi nanti.;സ്റ്റോർ ഇപ്പോൾ ലഭ്യമല്ല. പിന്നീട് വീണ്ടും ശ്രമിക്കൂ.;स्टोअर सध्या उपलब्ध नाही. कृपया नंतर पुन्हा प्रयत्न करा.;Дэлгүүр одоогоор ажиллахгүй байна. Дараа дахин оролдоорой.;अहिले स्टोर उपलब्ध छैन। पछि फेरि प्रयास गर्नुहोस्।;Butikken er ikke tilgjengelig nå. Prøv igjen senere.;Магазин зараз недоступний. Спробуй пізніше.;ଷ୍ଟୋର୍ ଏବେ ଉପଲବ୍ଧ ନାହିଁ। ପରେ ପୁଣି ଚେଷ୍ଟା କର।;دۇكان ھازىر ئېچىلمايدۇ. كېيىن قايتا سىناڭ.;Do‘kon hozir ishlamayapti. Keyinroq yana urinib ko‘r.;فروشگاه فعلاً در دسترس نیست. بعداً دوباره تلاش کنید.;Sklep jest teraz niedostępny. Spróbuj ponownie później.;A loja não está disponível agora. Tenta novamente mais tarde.;ਸਟੋਰ ਹੁਣ ਉਪਲਬਧ ਨਹੀਂ। ਬਾਅਦ ਵਿੱਚ ਮੁੜ ਕੋਸ਼ਿਸ਼ ਕਰੋ।;Magazinul nu este disponibil acum. Încearcă din nou mai târziu.;Магазин сейчас недоступен. Попробуйте позже.;Prodavnica trenutno nije dostupna. Pokušaj ponovo kasnije.;වෙළඳසැල දැන් ලබාගත නොහැක. පසුව නැවත උත්සාහ කරන්න.;Obchod teraz nie je dostupný. Skús to znova neskôr.;Trgovina trenutno ni na voljo. Poskusi znova pozneje.;La tienda no está disponible ahora. Inténtalo de nuevo más tarde.;Duka halipatikani sasa. Tafadhali jaribu tena baadaye.;වෙළඳසැල දැන් ලබාගත නොහැක. පසුව නැවත උත්සාහ කරන්න.;கடை இப்போது கிடைக்கவில்லை. பிறகு மீண்டும் முயற்சி செய்.;ขณะนี้ร้านค้าใช้งานไม่ได้ โปรดลองอีกครั้งภายหลัง;ད་ལྟ་ཚོང་ཁང་སྤྱོད་མི་ཐུབ། རྗེས་སུ་ཡང་བསྐྱར་ཚོད་ལྟ་བྱོས།;Obchod teď není dostupný. Zkus to prosím později.;Mağaza şu anda kullanılamıyor. Lütfen daha sonra tekrar dene.;اس وقت اسٹور دستیاب نہیں۔ بعد میں دوبارہ کوشش کریں۔;Cửa hàng hiện không khả dụng. Vui lòng thử lại sau.;Nid yw'r siop ar gael ar hyn o bryd. Rho gynnig arall arni nes ymlaen.;Крама зараз недаступная. Паспрабуй пазней.;Isitolo asitholakali manje. Sicela uzame futhi kamuva.;Butiken är inte tillgänglig just nu. Försök igen senare.
premium.unlock;;Settings text. Keep it compact. English is 14 characters. Try to stay close to that.;Unlock Premium;Premium ontgrendelen;Ontsluit Premium;Zhblloko Premium;ፕሪሚየምን ክፈት;فتح المميز;Բացել Պրեմիումը;প্ৰিমিয়াম খোলা;Premium-u aç;Desblokeatu Premium;প্রিমিয়াম আনলক;Premium ဖွင့်ရန်;Otključaj Premium;Отключи Премиум;Desbloqueja Premium;解锁高级版;Lås Premium op;Premium freischalten;Ava Premium;Lat Premium upp;Avaa Premium;Débloquer Premium;Desbloquear Premium;Premium-ის გახსნა;Ξεκλείδωσε το Premium;પ્રીમિયમ ખોલો;פתיחת פרימיום;प्रीमियम अनलॉक करें;Prémium feloldása;Díghlasáil Préimh;Opna Premium;Buka Premium;Sblocca Premium;プレミアムを購入;ಪ್ರೀಮಿಯಂ ತೆರೆಯಿರಿ;Premium-ды ашу;ដោះសោព្រីមៀម;프리미엄 열기;Otključaj Premium;ປົດລັອກພຣີມຽມ;Atbloķēt Premium;Atrakinti Premium;Отклучи Премиум;Buka Premium;പ്രീമിയം തുറക്കൂ;प्रीमियम उघड;Премиум нээх;प्रिमियम खोल;Lås opp Premium;Відкрити Преміум;Premium ଖୋଲ;Premium نى ئاچ;Premiumni ochish;باز کردن نسخهٔ ویژه;Odblokuj Premium;Desbloquear Premium;ਪ੍ਰੀਮੀਅਮ ਖੋਲ੍ਹੋ;Deblochează Premium;Открыть Премиум;Otključaj Premium;ප්‍රීමියම් විවෘත කරන්න;Odomknúť Premium;Odkleni Premium;Desbloquear Premium;Fungua Premium;ප්‍රීමියම් විවෘත කරන්න;பிரீமியத்தைத் திற;ปลดล็อกพรีเมียม;Premium ཁ་ཕྱེ;Odemknout Premium;Premium'u aç;پریمیم کھولیں;Mở khóa Premium;Datgloi Premiwm;Адкрыць Прэміум;Vula i-Premium;Lås upp Premium
premium.unlockWithPrice %@;;"Settings text. Keep it compact. Keep the placeholders exactly (%@); the app fills them with numbers/text at runtime. You may reorder them to fit natural word order. English is 19 characters. Try to stay close to that.";Unlock Premium · %@;Premium ontgrendelen · %@;Ontsluit Premium · %@;Zhblloko Premium · %@;ፕሪሚየምን ክፈት · %@;فتح المميز · %@;Բացել Պրեմիումը · %@;প্ৰিমিয়াম খোলা · %@;Premium-u aç · %@;Desblokeatu Premium · %@;প্রিমিয়াম আনলক · %@;Premium ဖွင့်ရန် · %@;Otključaj Premium · %@;Отключи Премиум · %@;Desbloqueja Premium · %@;解锁高级版 · %@;Lås Premium op · %@;Premium freischalten · %@;Ava Premium · %@;Lat Premium upp · %@;Avaa Premium · %@;Débloquer Premium · %@;Desbloquear Premium · %@;Premium-ის გახსნა · %@;Ξεκλείδωσε το Premium · %@;પ્રીમિયમ ખોલો · %@;פתיחת פרימיום · %@;प्रीमियम अनलॉक करें · %@;Prémium feloldása · %@;Díghlasáil Préimh · %@;Opna Premium · %@;Buka Premium · %@;Sblocca Premium · %@;プレミアムを購入・%@;ಪ್ರೀಮಿಯಂ ತೆರೆಯಿರಿ · %@;Premium-ды ашу · %@;ដោះសោព្រីមៀម · %@;프리미엄 열기 · %@;Otključaj Premium · %@;ປົດລັອກພຣີມຽມ · %@;Atbloķēt Premium · %@;Atrakinti Premium · %@;Отклучи Премиум · %@;Buka Premium · %@;പ്രീമിയം തുറക്കൂ · %@;प्रीमियम उघड · %@;Премиум нээх · %@;प्रिमियम खोल · %@;Lås opp Premium · %@;Відкрити Преміум · %@;Premium ଖୋଲ · %@;Premium نى ئاچ · %@;Premiumni ochish · %@;باز کردن نسخهٔ ویژه · %@;Odblokuj Premium · %@;Desbloquear Premium · %@;ਪ੍ਰੀਮੀਅਮ ਖੋਲ੍ਹੋ · %@;Deblochează Premium · %@;Открыть Премиум · %@;Otključaj Premium · %@;ප්‍රීමියම් විවෘත කරන්න · %@;Odomknúť Premium · %@;Odkleni Premium · %@;Desbloquear Premium · %@;Fungua Premium · %@;ප්‍රීමියම් විවෘත කරන්න · %@;பிரீமியத்தைத் திற · %@;ปลดล็อกพรีเมียม · %@;Premium ཁ་ཕྱེ · %@;Odemknout Premium · %@;Premium'u aç · %@;پریمیم کھولیں · %@;Mở khóa Premium · %@;Datgloi Premiwm · %@;Адкрыць Прэміум · %@;Vula i-Premium · %@;Lås upp Premium · %@
premium.youHavePremium;;Settings text. Keep it compact. English is 17 characters. Try to stay close to that.;You have Premium!;Je hebt Premium!;Jy het Premium!;Ke Premium!;ፕሪሚየም አለህ!;لديك المميز!;Դու ունես Պրեմիում։;তোমাৰ প্ৰিমিয়াম আছে!;Premium-un var!;Premium duzu!;তোমার প্রিমিয়াম আছে!;Premium ရပြီ!;Imaš Premium!;Имаш Премиум!;Tens Premium!;你已拥有高级版！;Du har Premium!;Du hast Premium!;Sul on Premium!;Tú hevur Premium!;Sinulla on Premium!;Tu as Premium !;Tes Premium!;შენ გაქვს Premium!;Έχεις Premium!;તમારી પાસે પ્રીમિયમ છે!;יש לכם פרימיום!;तुम्हारे पास प्रीमियम है!;Prémiumod van!;Tá Préimh agat!;Þú ert með Premium!;Kamu punya Premium!;Hai Premium!;プレミアムを使えます！;ನಿನಗೆ ಪ್ರೀಮಿಯಂ ಇದೆ!;Сенде Premium бар!;អ្នកមានព្រីមៀមហើយ!;프리미엄을 이용 중이에요!;Imaš Premium!;ເຈົ້າມີພຣີມຽມແລ້ວ!;Tev ir Premium!;Turi Premium!;Имаш Премиум!;Kamu ada Premium!;നിനക്ക് പ്രീമിയം ലഭിച്ചു!;तुझ्याकडे प्रीमियम आहे!;Чи Премиумтай!;तिमीसँग प्रिमियम छ!;Du har Premium!;У тебе є Преміум!;ତୁମ ପାଖରେ Premium ଅଛି!;Premium بار!;Senda Premium bor!;نسخهٔ ویژه را داری!;Masz Premium!;Tens Premium!;ਤੁਹਾਡੇ ਕੋਲ ਪ੍ਰੀਮੀਅਮ ਹੈ!;Ai Premium!;У тебя есть Премиум!;Imaš Premium!;ඔබට ප්‍රීමියම් තියෙනවා!;Máš Premium!;Imaš Premium!;¡Ya tienes Premium!;Una Premium!;ඔබට ප්‍රීමියම් තියෙනවා!;உனக்கு பிரீமியம் உள்ளது!;เธอมีพรีเมียมแล้ว!;ཁྱེད་ལ་ Premium ཡོད་!;Máš Premium!;Premium'un var!;آپ کے پاس پریمیم ہے!;Bạn đã có Premium!;Mae Premiwm gen ti!;У цябе ёсць Прэміум!;Une-Premium!;Du har Premium!
settings.character;;Settings text. Keep it compact. English is 9 characters. Try to stay close to that.;Character;Personage;Karakter;Personazhi;ገጸ ባሕሪ;الشخصية;Կերպար;চৰিত্ৰ;Personaj;Pertsonaia;চরিত্র;ဇာတ်ကောင်;Lik;Герой;Personatge;角色;Figur;Figur;Tegelane;Figurur;Hahmo;Personnage;Personaxe;პერსონაჟი;Χαρακτήρας;પાત્ર;דמות;पात्र;Figura;Carachtar;Persóna;Karakter;Personaggio;キャラクター;ಪಾತ್ರ;Кейіпкер;តួអង្គ;캐릭터;Lik;ຕົວລະຄອນ;Tēls;Veikėjas;Лик;Watak;കഥാപാത്രം;पात्र;Дүр;पात्र;Figur;Персонаж;ପାତ୍ର;قەھرىمان;Qahramon;شخصیت;Postać;Personagem;ਕਿਰਦਾਰ;Personaj;Персонаж;Lik;චරිතය;Postavička;Junak;Personaje;Mhusika;චරිතය;கதாபாத்திரம்;ตัวละคร;མི་སྣ;Postavička;Karakter;کردار;Nhân vật;Cymeriad;Герой;Umlingiswa;Figur
settings.characterInfo;;Settings text. Keep it compact. English is 58 characters. Try to stay close to that.;Every animal brings its own color theme to the whole game.;Elk dier geeft het hele spel zijn eigen kleurenthema.;Elke dier gee die hele spel sy eie kleurtema.;Çdo kafshë i jep gjithë lojës temën e vet me ngjyra.;እያንዳንዱ እንስሳ ለጨዋታው በሙሉ የራሱን የቀለም ገጽታ ያመጣል።;يمنح كل حيوان اللعبة كلها ألوانه الخاصة.;Յուրաքանչյուր կենդանի ամբողջ խաղին տալիս է իր գունային ձևավորումը։;প্ৰতিটো জন্তুৱে গোটেই খেললৈ নিজৰ ৰঙৰ থিম আনে।;Hər heyvan bütün oyuna öz rəng mövzusunu gətirir.;Animalia bakoitzak bere kolore-gaia ematen dio joko osoari.;প্রতিটি প্রাণী পুরো খেলায় নিজের রঙের থিম আনে।;တိရစ္ဆာန်တစ်ကောင်စီက ဂိမ်းတစ်ခုလုံးကို သူ့အရောင်ပုံစံနဲ့ ပြောင်းပေးတယ်။;Svaka životinja daje cijeloj igri svoju temu boja.;Всяко животно дава своя цветна тема на цялата игра.;Cada animal dona al joc el seu propi tema de colors.;每种动物都会给整个游戏带来自己的配色。;Hvert dyr giver hele spillet sit eget farvetema.;Jedes Tier gibt dem ganzen Spiel sein eigenes Farbthema.;Iga loom annab kogu mängule oma värviteema.;Hvørt dýr gevur øllum spælinum sítt egna litaevni.;Jokainen eläin tuo koko peliin oman väriteemansa.;Chaque animal donne son propre thème de couleurs à tout le jeu.;Cada animal dálle ao xogo o seu propio tema de cores.;თითოეული ცხოველი მთელ თამაშს საკუთარ ფერთა თემას აძლევს.;Κάθε ζωάκι δίνει στο παιχνίδι το δικό του χρωματικό θέμα.;દરેક પ્રાણી આખી રમતમાં પોતાનો રંગ લાવે છે.;כל חיה מעניקה למשחק כולו ערכת צבעים משלה.;हर जानवर पूरे खेल को अपना रंग देता है।;Minden állat saját színvilágot ad az egész játéknak.;Tugann gach ainmhí a théama dathanna féin don chluiche ar fad.;Hvert dýr gefur öllum leiknum sitt eigið litaþema.;Setiap hewan memberi tema warna sendiri pada seluruh permainan.;Ogni animale dà a tutto il gioco il proprio tema di colori.;動物ごとに、ゲーム全体の色テーマが変わります。;ಪ್ರತಿ ಪ್ರಾಣಿಯೂ ಇಡೀ ಆಟಕ್ಕೆ ತನ್ನದೇ ಬಣ್ಣದ ಥೀಮ್ ನೀಡುತ್ತದೆ.;Әр жануар бүкіл ойынға өз түс тақырыбын береді.;សត្វនីមួយៗផ្តល់ពណ៌រចនាប័ទ្មផ្ទាល់ខ្លួនដល់ហ្គេមទាំងមូល។;동물마다 게임 전체에 자기만의 색 테마를 더해요.;Svaka životinja cijeloj igri daje svoju temu boja.;ສັດແຕ່ລະໂຕມີຊຸດສີຂອງຕົນເອງສຳລັບທັງເກມ.;Katrs dzīvnieks visai spēlei piešķir savu krāsu motīvu.;Kiekvienas gyvūnas visam žaidimui suteikia savo spalvų temą.;Секое животно ѝ дава своја тема со бои на целата игра.;Setiap haiwan membawa tema warnanya sendiri ke seluruh permainan.;ഓരോ മൃഗവും കളിക്ക് സ്വന്തം നിറത്തീം നൽകും.;प्रत्येक प्राणी संपूर्ण खेळाला स्वतःची रंगसंगती देतो.;Амьтан бүр тоглоомд өөрийн өнгөний загварыг өгнө.;हरेक जनावरले पूरै खेलमा आफ्नै रङको थिम ल्याउँछ।;Hvert dyr gir hele spillet sitt eget fargetema.;Кожна тварина додає грі власну кольорову тему.;ପ୍ରତ୍ୟେକ ପଶୁ ସମ୍ପୂର୍ଣ୍ଣ ଖେଳକୁ ନିଜର ରଙ୍ଗୀନ ଥିମ୍ ଦିଏ।;ھەر بىر ھايۋان پۈتۈن ئويۇنغا ئۆزىنىڭ رەڭ ئۇسلۇبىنى بېرىدۇ.;Har bir hayvon butun o‘yinga o‘z rang mavzusini beradi.;هر حیوان، رنگ‌وبوی خودش را به کل بازی می‌دهد.;Każde zwierzę nadaje całej grze własny motyw kolorystyczny.;Cada animal dá ao jogo inteiro o seu próprio tema de cores.;ਹਰ ਜਾਨਵਰ ਪੂਰੀ ਖੇਡ ਲਈ ਆਪਣਾ ਰੰਗੀਨ ਥੀਮ ਲਿਆਉਂਦਾ ਹੈ।;Fiecare animal aduce propria temă de culori în tot jocul.;Каждое животное меняет цветовую тему всей игры.;Svaka životinja daje celoj igri svoju temu boja.;සෑම සතෙකුම මුළු ක්‍රීඩාවටම තමන්ගේම වර්ණ තේමාවක් දෙයි.;Každé zviera prinesie do celej hry vlastnú farebnú tému.;Vsaka žival obarva celotno igro s svojo barvno temo.;Cada animal da su propio tema de color a todo el juego.;Kila mnyama huupa mchezo mzima mandhari yake ya rangi.;සෑම සතෙකුම මුළු ක්‍රීඩාවටම තමන්ගේම වර්ණ තේමාවක් දෙයි.;ஒவ்வொரு விலங்கும் முழு விளையாட்டிற்கும் தனித்த நிறத் தோற்றத்தைத் தரும்.;สัตว์แต่ละตัวมีธีมสีของตัวเองทั้งเกม;སྲོག་ཆགས་རེས་རྩེད་མོ་ཧྲིལ་པོར་རང་གི་ཁ་དོག་གི་བཟོ་ལྟ་སྟེར།;Každé zvíře přinese celé hře vlastní barevný motiv.;Her hayvan tüm oyuna kendi renk temasını getirir.;ہر جانور پورے کھیل کو اپنا رنگین تھیم دیتا ہے۔;Mỗi con vật mang một chủ đề màu riêng cho toàn bộ trò chơi.;Mae pob anifail yn rhoi ei thema liw ei hun i'r gêm gyfan.;Кожная жывёла дадае гульні сваю каляровую тэму.;Isilwane ngasinye sinikeza wonke umdlalo imibala yaso.;Varje djur ger hela spelet sitt eget färgtema.
settings.customMinutes %lld;;"Settings text. Keep it compact. Keep the placeholders exactly (%lld); the app fills them with numbers/text at runtime. You may reorder them to fit natural word order. English is 16 characters. Try to stay close to that.";Custom: %lld min;Aangepast: %lld min;Pasgemaak: %lld min;Personalizuar: %lld min;ብጁ፦ %lld ደቂቃ;مخصص: %lld د;Հատուկ՝ %lld ր;নিজৰ মতে: %lld মিনিট;Fərdi: %lld dəq;Pertsonalizatua: %lld min;নিজের মতো: %lld মিনিট;စိတ်ကြိုက်: %lld မိနစ်;Prilagođeno: %lld min;По избор: %lld мин;Personalitzat: %lld min;自定义：%lld 分钟;Tilpasset: %lld min;Eigene Wahl: %lld Min.;Kohandatud: %lld min;Sersniðið: %lld min;Oma: %lld min;Personnalisé : %lld min;Personalizado: %lld min;მორგებული: %lld წთ;Προσαρμογή: %lld λεπ.;તમારી પસંદ: %lld મિનિટ;מותאם: %lld דק׳;कस्टम: %lld मिनट;Egyéni: %lld perc;Saincheaptha: %lld nóim;Sérsniðið: %lld mín.;Khusus: %lld mnt;Personalizzato: %lld min;カスタム：%lld分;ಕಸ್ಟಮ್: %lld ನಿಮಿ;Өзгеше: %lld мин;កំណត់ផ្ទាល់៖ %lld នាទី;사용자 설정: %lld분;Prilagođeno: %lld min;ກຳນົດເອງ: %lld ນາທີ;Pielāgots: %lld min;Pasirinkta: %lld min;Прилагодено: %lld мин;Tersuai: %lld min;ഇഷ്ടാനുസരണം: %lld മിനിറ്റ്;सानुकूल: %lld मि.;Өөрийн: %lld мин;आफ्नै: %lld मिनेट;Egendefinert: %lld min;Власна ціль: %lld хв;ନିଜ ପସନ୍ଦ: %lld ମିନିଟ୍;ئۆزگىچە: %lld مىن;Maxsus: %lld daq;دلخواه: %lld دقیقه;Własny: %lld min;Personalizado: %lld min;ਆਪਣਾ: %lld ਮਿੰਟ;Personalizat: %lld min;Своё: %lld мин;Prilagođeno: %lld min;අභිරුචි: මිනි %lld;Vlastné: %lld min;Po meri: %lld min;Personalizado: %lld min;Maalum: dakika %lld;අභිරුචි: මිනි %lld;தனிப்பயன்: %lld நிமி;กำหนดเอง: %lld นาที;རང་སྒྲིག %lld སྐར་མ;Vlastní: %lld min;Özel: %lld dk;حسبِ مرضی: %lld منٹ;Tùy chỉnh: %lld phút;Personol: %lld mun;Свая мэта: %lld хв;Okwakho: %lld imin;Anpassat: %lld min
settings.dailyGoal;;Settings text. Keep it compact. English is 10 characters. Try to stay close to that.;Daily goal;Dagelijks doel;Daaglikse doel;Objektivi ditor;የቀን ግብ;الهدف اليومي;Օրական նպատակ;দৈনিক লক্ষ্য;Gündəlik hədəf;Eguneko helburua;দৈনিক লক্ষ্য;နေ့စဉ်ပန်းတိုင်;Dnevni cilj;Дневна цел;Objectiu diari;每日目标;Dagligt mål;Tagesziel;Päevaeesmärk;Dagligt mál;Päivätavoite;Objectif quotidien;Obxectivo diario;დღიური მიზანი;Καθημερινός στόχος;દૈનિક લક્ષ્ય;יעד יומי;रोज़ का लक्ष्य;Napi cél;Sprioc laethúil;Daglegt markmið;Target harian;Obiettivo giornaliero;毎日の目標;ದೈನಂದಿನ ಗುರಿ;Күндік мақсат;គោលដៅប្រចាំថ្ងៃ;매일 목표;Dnevni cilj;ເປົ້າໝາຍລາຍວັນ;Dienas mērķis;Dienos tikslas;Дневна цел;Sasaran harian;ദിവസലക്ഷ്യം;दररोजचे ध्येय;Өдрийн зорилго;दैनिक लक्ष्य;Daglig mål;Щоденна ціль;ଦୈନିକ ଲକ୍ଷ୍ୟ;كۈندىلىك نىشان;Kunlik maqsad;هدف روزانه;Cel dzienny;Meta diária;ਰੋਜ਼ਾਨਾ ਟੀਚਾ;Obiectiv zilnic;Цель на день;Dnevni cilj;දිනපතා ඉලක්කය;Denný cieľ;Dnevni cilj;Objetivo diario;Lengo la kila siku;දිනපතා ඉලක්කය;தினசரி இலக்கு;เป้าหมายรายวัน;ཉིན་རེའི་དམིགས་ཡུལ;Denní cíl;Günlük hedef;روزانہ ہدف;Mục tiêu hằng ngày;Nod dyddiol;Штодзённая мэта;Umgomo wansuku zonke;Dagsmål
settings.goalInfo;;Settings text. Keep it compact. English is 73 characters. Try to stay close to that.;The streak goal starts at 5 minutes per day. Only active playtime counts.;Het streakdoel begint bij 5 minuten per dag. Alleen actieve speeltijd telt mee.;Die reeksdoel begin by 5 minute per dag. Net aktiewe speeltyd tel.;Objektivi i serisë nis me 5 minuta në ditë. Numërohet vetëm koha aktive e lojës.;የተከታታይ ቀን ግብ በቀን ከ5 ደቂቃ ይጀምራል። የሚቆጠረው ንቁ የጨዋታ ጊዜ ብቻ ነው።;يبدأ هدف الاستمرار بـ5 دقائق يوميًا. يُحسب وقت اللعب الفعلي فقط.;Շարքի նպատակը սկսվում է օրական 5 րոպեից։ Հաշվվում է միայն ակտիվ խաղաժամանակը։;একেৰাহে খেলাৰ লক্ষ্য দিনে ৫ মিনিটৰ পৰা আৰম্ভ। কেৱল সক্ৰিয় খেলৰ সময় গণনা হয়।;Ardıcıl gün hədəfi gündə 5 dəqiqədən başlayır. Yalnız aktiv oyun vaxtı sayılır.;Segidaren helburua eguneko 5 minututan hasten da. Jolas-denbora aktiboa bakarrik zenbatzen da.;ধারাবাহিকতার লক্ষ্য দিনে ৫ মিনিট থেকে শুরু হয়। শুধু সক্রিয় খেলার সময় গোনা হয়।;ဆက်တိုက်ပန်းတိုင်က တစ်နေ့ ၅ မိနစ်ကနေ စတယ်။ တကယ်ကစားတဲ့အချိန်ပဲ ရေတွက်မယ်။;Cilj niza počinje s 5 minuta dnevno. Računa se samo aktivno vrijeme igranja.;Целта за поредица започва от 5 минути на ден. Брои се само активното време за игра.;L’objectiu de ratxa comença amb 5 minuts al dia. Només compta el temps de joc actiu.;连续目标从每天 5 分钟开始。只有实际游戏时间才会计入。;Målet for din serie starter ved 5 minutter om dagen. Kun aktiv spilletid tæller.;Das Serienstreckenziel beginnt bei 5 Minuten pro Tag. Nur aktive Spielzeit zählt.;Järjepidevuse eesmärk algab 5 minutist päevas. Arvesse läheb ainult aktiivne mänguaeg.;Raðmálið byrjar við 5 minuttum um dagin. Bara virkin spælitíð telur.;Putkitavoite alkaa viidestä minuutista päivässä. Vain aktiivinen peliaika lasketaan.;L’objectif de série commence à 5 minutes par jour. Seul le temps de jeu actif compte.;O obxectivo da serie comeza en 5 minutos ao día. Só conta o tempo de xogo activo.;ზედიზედ დღეების მიზანი დღეში 5 წუთიდან იწყება. ითვლება მხოლოდ აქტიური თამაშის დრო.;Ο στόχος σερί ξεκινά από 5 λεπτά τη μέρα. Μετρά μόνο ο ενεργός χρόνος παιχνιδιού.;સળંગ રમવાનું લક્ષ્ય દરરોજ 5 મિનિટથી શરૂ થાય છે. ફક્ત સક્રિય રમતનો સમય ગણાય છે.;יעד הרצף מתחיל ב־5 דקות ביום. רק זמן משחק פעיל נחשב.;लगातार खेलने का लक्ष्य रोज़ 5 मिनट से शुरू होता है। केवल खेलने का समय गिना जाता है।;A sorozat célja napi 5 perccel indul. Csak az aktív játékidő számít.;Tosaíonn sprioc na sraithe ag 5 nóiméad sa lá. Ní áirítear ach am imeartha gníomhach.;Raðmarkmiðið byrjar á 5 mínútum á dag. Aðeins virkur leiktími telst.;Target rentetan dimulai dari 5 menit per hari. Hanya waktu bermain aktif yang dihitung.;L’obiettivo della serie parte da 5 minuti al giorno. Conta solo il tempo di gioco attivo.;れんぞく目標は1日5分から。実際に遊んだ時間だけ数えます。;ಸತತ ಆಟದ ಗುರಿ ದಿನಕ್ಕೆ 5 ನಿಮಿಷದಿಂದ ಆರಂಭವಾಗುತ್ತದೆ. ಸಕ್ರಿಯವಾಗಿ ಆಡಿದ ಸಮಯ ಮಾತ್ರ ಲೆಕ್ಕಕ್ಕೆ ಸೇರುತ್ತದೆ.;Күндер тізбегінің мақсаты күніне 5 минуттан басталады. Тек белсенді ойын уақыты есептеледі.;គោលដៅលេងជាប់គ្នាចាប់ផ្តើមពី 5 នាទីក្នុងមួយថ្ងៃ។ រាប់តែពេលលេងសកម្មប៉ុណ្ណោះ។;연속 목표는 하루 5분부터 시작해요. 실제로 플레이한 시간만 계산돼요.;Cilj niza počinje s 5 minuta dnevno. Broji se samo aktivno vrijeme igranja.;ເປົ້າໝາຍຕໍ່ເນື່ອງເລີ່ມທີ່ 5 ນາທີຕໍ່ມື້. ນັບສະເພາະເວລາທີ່ຫຼິ້ນຈິງ.;Sērijas mērķis sākas ar 5 minūtēm dienā. Skaita tikai aktīvo spēles laiku.;Dienos serijos tikslas prasideda nuo 5 minučių per dieną. Skaičiuojamas tik aktyvus žaidimo laikas.;Целта за низа почнува со 5 минути дневно. Се брои само активното играње.;Sasaran rentetan bermula pada 5 minit sehari. Hanya masa bermain aktif dikira.;തുടർച്ചാ ലക്ഷ്യം ദിവസം 5 മിനിറ്റിൽ തുടങ്ങും. സജീവമായി കളിച്ച സമയം മാത്രം എണ്ണും.;सलग खेळण्याचे ध्येय दररोज 5 मिनिटांपासून सुरू होते. फक्त प्रत्यक्ष खेळलेला वेळ मोजला जातो.;Дарааллын зорилго өдөрт 5 минутаас эхэлнэ. Зөвхөн идэвхтэй тоглосон хугацааг тооцно.;लगातार खेल्ने लक्ष्य दिनको ५ मिनेटबाट सुरु हुन्छ। सक्रिय खेल समय मात्र गनिन्छ।;Rekkemålet starter på 5 minutter per dag. Bare aktiv spilletid teller.;Серія починається з 5 хвилин на день. Рахується лише активний час гри.;ଲଗାତାର ଖେଳ ଲକ୍ଷ୍ୟ ଦିନକୁ 5 ମିନିଟ୍‌ରୁ ଆରମ୍ଭ ହୁଏ। କେବଳ ସକ୍ରିୟ ଖେଳ ସମୟ ଗଣାଯାଏ।;ئۇدا داۋاملاشتۇرۇش نىشانى كۈنىگە 5 مىنۇتتىن باشلىنىدۇ. پەقەت ئاكتىپ ئوينىغان ۋاقىت ھېسابلىنىدۇ.;Ketma-ketlik maqsadi kuniga 5 daqiqadan boshlanadi. Faqat faol o‘yin vaqti hisoblanadi.;هدف زنجیره از روزی ۵ دقیقه شروع می‌شود. فقط زمان بازی فعال حساب می‌شود.;Cel serii zaczyna się od 5 minut dziennie. Liczy się tylko aktywna gra.;A meta da sequência começa nos 5 minutos por dia. Só conta o tempo de jogo ativo.;ਲਗਾਤਾਰ ਖੇਡਣ ਦਾ ਟੀਚਾ ਹਰ ਰੋਜ਼ 5 ਮਿੰਟ ਤੋਂ ਸ਼ੁਰੂ ਹੁੰਦਾ ਹੈ। ਸਿਰਫ਼ ਸਰਗਰਮ ਖੇਡ ਸਮਾਂ ਗਿਣਿਆ ਜਾਂਦਾ ਹੈ।;Seria începe cu 5 minute pe zi. Contează doar timpul în care te joci.;Цель серии начинается с 5 минут в день. Учитывается только активное время игры.;Cilj niza počinje sa 5 minuta dnevno. Računa se samo aktivno vreme igranja.;අඛණ්ඩ ඉලක්කය දිනකට මිනිත්තු 5කින් පටන් ගනී. ක්‍රියාකාරී ක්‍රීඩා කාලය පමණක් ගණන් වේ.;Cieľ série začína na 5 minútach denne. Počíta sa iba aktívny čas hrania.;Cilj niza se začne pri 5 minutah na dan. Šteje le čas aktivnega igranja.;La racha empieza con 5 minutos al día. Solo cuenta el tiempo de juego activo.;Lengo la mfululizo huanza na dakika 5 kwa siku. Muda wa kucheza kwa bidii pekee ndio huhesabiwa.;අඛණ්ඩ ඉලක්කය දිනකට මිනිත්තු 5කින් පටන් ගනී. ක්‍රියාකාරී ක්‍රීඩා කාලය පමණක් ගණන් වේ.;தொடர் இலக்கு நாளுக்கு 5 நிமிடங்களில் தொடங்கும். விளையாடிய நேரம் மட்டும் கணக்காகும்.;เป้าหมายต่อเนื่องเริ่มที่วันละ 5 นาที นับเฉพาะเวลาเล่นจริง;བསྟུད་མར་རྩེ་བའི་དམིགས་ཡུལ་ཉིན་རེར་སྐར་མ་5 ནས་འགོ་འཛུགས། དངོས་སུ་རྩེ་བའི་དུས་ཚོད་ཁོ་ན་བརྩི།;Cíl série začíná na 5 minutách denně. Počítá se jen aktivní hraní.;Seri hedefi günde 5 dakikayla başlar. Yalnızca aktif oyun süresi sayılır.;مسلسل کھیل کا ہدف روز 5 منٹ سے شروع ہوتا ہے۔ صرف کھیلنے کا اصل وقت گنا جاتا ہے۔;Chuỗi ngày bắt đầu với mục tiêu 5 phút mỗi ngày. Chỉ thời gian chơi thực tế được tính.;Mae nod y gyfres yn dechrau ar 5 munud y dydd. Dim ond amser chwarae gweithredol sy'n cyfrif.;Мэта серыі пачынаецца з 5 хвілін штодня. Залічваецца толькі час актыўнай гульні.;Umgomo wokulandelana uqala ngemizuzu emi-5 ngosuku. Kubalwa kuphela isikhathi sokudlala ngempela.;Svitmålet börjar på 5 minuter per dag. Bara aktiv speltid räknas.
settings.lives;;Settings text. Keep it compact. English is 5 characters. Try to stay close to that.;Lives;Levens;Lewens;Jetët;ሕይወቶች;الحيوات;Կյանքեր;জীৱন;Canlar;Bizitzak;জীবন;အသက်;Životi;Животи;Vides;生命;Liv;Leben;Elud;Lív;Elämät;Vies;Vidas;სიცოცხლეები;Ζωές;જીવન;חיים;जीवन;Életek;Beathaí;Líf;Nyawa;Vite;ライフ;ಜೀವಗಳು;Жандар;ជីវិត;목숨;Životi;ຊີວິດ;Dzīvības;Gyvybės;Животи;Nyawa;ജീവനുകൾ;जीव;Амь;जीवन;Liv;Життя;ଜୀବନ;جان;Jonlar;جان‌ها;Życia;Vidas;ਜਾਨਾਂ;Vieți;Жизни;Životi;ජීවිත;Životy;Življenja;Vidas;Maisha;ජීවිත;உயிர்கள்;ชีวิต;སྲོག;Životy;Canlar;جانیں;Mạng;Bywydau;Жыцці;Izimpilo;Liv
settings.livesInfo;;Settings text. Keep it compact. English is 152 characters. Try to stay close to that.;"With three lives the game ends after your last heart. In unlimited mode trophies only count while you still have lives; after that you can keep playing.";"Met drie levens eindigt het spel na je laatste hartje. In oneindige modus tellen trofeeën alleen mee zolang je nog levens hebt; daarna kun je wel doorspelen.";"Met drie lewens eindig die spel ná jou laaste hartjie. In onbeperkte modus tel trofeë net terwyl jy nog lewens het; daarna kan jy aanhou speel.";"Me tre jetë, loja mbaron pas zemrës së fundit. Në modalitetin pa kufi, trofetë numërohen vetëm sa ke jetë; më pas mund të vazhdosh të luash.";በሦስት ሕይወቶች ሁነታ ከመጨረሻው ልብህ በኋላ ጨዋታው ያበቃል። ባልተገደበ ሁነታ ዋንጫዎች የሚቆጠሩት ሕይወት እስካለህ ብቻ ነው፤ ከዚያም መጫወትህን መቀጠል ትችላለህ።;مع ثلاث حيوات، تنتهي اللعبة بعد آخر قلب. في الوضع غير المحدود، تُحسب الكؤوس ما دامت لديك حيوات؛ وبعدها يمكنك متابعة اللعب.;Երեք կյանքով խաղն ավարտվում է վերջին սրտից հետո։ Անսահման ռեժիմում գավաթները հաշվվում են միայն քանի դեռ կյանք ունես, իսկ հետո կարող ես շարունակել խաղալ։;"৩টা জীৱনত শেষ হৃদয়ৰ পিছত খেল শেষ হয়। সীমাহীন মোডত জীৱন থকালৈকে ট্ৰফী গণনা হয়; তাৰ পিছতো খেলি থাকিব পাৰা।";"Üç can rejimində son ürəyindən sonra oyun bitir. Sonsuz rejimdə kuboklar yalnız canın olduğu müddətdə sayılır; sonra oynamağa davam edə bilərsən.";"Hiru bizitzarekin, jokoa azken bihotza galtzean amaitzen da. Modu mugagabean, garaikurrek bizitzak dituzun bitartean bakarrik balio dute; gero jolasten jarrai dezakezu.";"তিনটি জীবনে শেষ হৃদয় হারালে খেলা শেষ। অসীম মোডে জীবন থাকা পর্যন্তই ট্রফি গোনা হয়; তারপরও খেলতে পারবে।";အသက်သုံးခုမုဒ်မှာ နောက်ဆုံးနှလုံးကုန်ရင် ဂိမ်းပြီးမယ်။ အကန့်အသတ်မရှိမုဒ်မှာ အသက်ရှိနေသေးချိန်ပဲ ဆုဖလားရေတွက်မယ်၊ ပြီးရင်တော့ ဆက်ကစားနိုင်တယ်။;"S tri života igra završava nakon posljednjeg srca. U neograničenom načinu trofeji se broje samo dok imaš života; poslije možeš nastaviti igrati.";"С три живота играта свършва след последното ти сърце. В безкраен режим трофеите се броят само докато имаш животи; след това можеш да продължиш да играеш.";"Amb tres vides, el joc s’acaba després de l’últim cor. En el mode il·limitat, els trofeus només compten mentre encara tens vides; després pots continuar jugant.";使用三条生命时，最后一颗爱心用完后游戏结束。无限模式中，只有还有生命时奖杯才会计数；之后仍可继续游戏。;Med tre liv slutter spillet efter dit sidste hjerte. I ubegrænset tilstand tæller pokaler kun, mens du har liv. Derefter kan du fortsætte med at spille.;Mit drei Leben endet das Spiel nach deinem letzten Herz. Im unbegrenzten Modus zählen Pokale nur, solange du noch Leben hast. Danach kannst du weiterspielen.;"Kolme eluga lõpeb mäng pärast viimast südant. Piiramatus režiimis loetakse karikaid ainult seni, kuni sul on elusid; pärast saad edasi mängida.";"Við trimum lívum endar spælið eftir títt seinasta hjarta. Í óavmarkaðari støðu telja steyp bara, meðan tú enn hevur lív; síðan kanst tú halda fram at spæla.";"Kolmella elämällä peli päättyy viimeisen sydämesi jälkeen. Rajattomassa tilassa pokaalit lasketaan vain niin kauan kuin elämiä on jäljellä; sen jälkeen voit jatkaa pelaamista.";"Avec trois vies, la partie se termine après ton dernier cœur. En mode illimité, les trophées ne comptent que tant qu’il te reste des vies ; ensuite, tu peux continuer à jouer.";"Con tres vidas, o xogo remata tras perder o último corazón. No modo sen límite, os trofeos só contan mentres che queden vidas; despois podes seguir xogando.";"სამი სიცოცხლის რეჟიმში თამაში ბოლო გულის დაკარგვის შემდეგ მთავრდება. უსასრულო რეჟიმში თასები მხოლოდ სიცოცხლეების დარჩენამდე ითვლება; მერე თამაშის გაგრძელება მაინც შეგიძლია.";Με τρεις ζωές, το παιχνίδι τελειώνει μετά την τελευταία καρδιά. Στην απεριόριστη λειτουργία, τα τρόπαια μετρούν μόνο όσο έχεις ζωές. Μετά μπορείς να συνεχίσεις.;"ત્રણ જીવનમાં છેલ્લું હૃદય ગયા પછી રમત પૂરી થાય છે. અમર્યાદિત મોડમાં જીવન હોય ત્યાં સુધી જ ટ્રોફી ગણાય; પછી પણ તમે રમતા રહી શકો.";"עם שלושה חיים המשחק מסתיים אחרי הלב האחרון. במצב ללא הגבלה, גביעים נספרים רק כל עוד נשארו חיים; לאחר מכן אפשר להמשיך לשחק.";"तीन जीवन में आखिरी दिल के बाद खेल खत्म हो जाता है। असीमित मोड में ट्रॉफियाँ केवल जीवन रहते तक गिनी जाती हैं; फिर भी खेल सकते हो।";"Három élettel a játék az utolsó szíved után véget ér. Korlátlan módban a trófeák csak addig számítanak, amíg van életed; utána tovább játszhatsz.";"Le trí bheatha, críochnaíonn an cluiche tar éis do chroí deiridh. Sa mhód gan teorainn, ní áirítear trófaithe ach fad atá beathaí agat; ina dhiaidh sin is féidir leat leanúint ag imirt.";"Með þremur lífum lýkur leiknum eftir síðasta hjartað. Í ótakmarkaðri stillingu teljast bikarar aðeins meðan þú átt líf; svo máttu halda áfram.";"Dengan tiga nyawa, permainan berakhir setelah hati terakhirmu habis. Dalam mode tak terbatas, trofi hanya dihitung selama kamu masih punya nyawa; setelah itu kamu tetap bisa bermain.";"Con tre vite, la partita finisce dopo l’ultimo cuore. In modalità illimitata, i trofei contano solo finché hai ancora vite; dopo puoi continuare a giocare.";ライフ3こでは、最後のハートがなくなるとゲーム終了です。むげんモードでは、ライフがある間だけトロフィーが増え、そのあとも遊びつづけられます。;"ಮೂರು ಜೀವಗಳಲ್ಲಿ ಕೊನೆಯ ಹೃದಯ ಕಳೆದುಕೊಂಡಾಗ ಆಟ ಮುಗಿಯುತ್ತದೆ. ಅಮಿತ ಮೋಡ್‌ನಲ್ಲಿ ಜೀವಗಳು ಇರುವವರೆಗೆ ಮಾತ್ರ ಟ್ರೋಫಿಗಳು ಲೆಕ್ಕಕ್ಕೆ ಸೇರುತ್ತವೆ; ನಂತರವೂ ಆಡಬಹುದು.";"Үш жан режимінде соңғы жүрегің біткенде ойын аяқталады. Шексіз режимде жүлделер жандарың бар кезде ғана есептеледі; кейін ойнай беруге болады.";"ជាមួយ 3 ជីវិត ហ្គេមបញ្ចប់ក្រោយបេះដូងចុងក្រោយ។ ក្នុងរបៀបគ្មានកំណត់ ពានរាប់តែពេលអ្នកនៅមានជីវិត; បន្ទាប់ពីនោះ អ្នកនៅតែអាចបន្តលេងបាន។";목숨이 3개면 마지막 하트를 잃은 뒤 게임이 끝나요. 무제한 모드에서는 목숨이 남아 있을 때만 트로피가 계산되고, 그 뒤에도 계속 놀 수 있어요.;"S tri života igra završava nakon zadnjeg srca. U neograničenom načinu pehari se broje samo dok imaš života; nakon toga možeš nastaviti igrati.";"ດ້ວຍ 3 ຊີວິດ ເກມຈະຈົບຫຼັງຈາກຫົວໃຈດວງສຸດທ້າຍ. ໃນໂໝດບໍ່ຈຳກັດ ຖ້ວຍຈະນັບສະເພາະຕອນທີ່ຍັງມີຊີວິດ; ຫຼັງຈາກນັ້ນຍັງຫຼິ້ນຕໍ່ໄດ້.";"Ar trim dzīvībām spēle beidzas pēc pēdējās sirsniņas. Neierobežotajā režīmā trofejas skaita tikai, kamēr tev vēl ir dzīvības; pēc tam vari turpināt spēlēt.";Su trimis gyvybėmis žaidimas baigiasi praradus paskutinę širdelę. Neribotu režimu trofėjai skaičiuojami tik kol turi gyvybių, o vėliau gali žaisti toliau.;"Со три животи, играта завршува по последното срце. Во неограничен режим, трофеите се бројат само додека имаш животи; потоа можеш да продолжиш да играш.";"Dengan tiga nyawa, permainan tamat selepas hati terakhir. Dalam mod tanpa had, trofi hanya dikira selagi kamu masih ada nyawa; selepas itu kamu boleh terus bermain.";"മൂന്ന് ജീവനുകളുള്ളപ്പോൾ അവസാന ഹൃദയം പോയാൽ കളി തീരും. പരിധിയില്ലാത്ത മോഡിൽ ജീവനുകൾ ഉള്ളപ്പോൾ മാത്രം ട്രോഫികൾ എണ്ണും; ശേഷം കളി തുടരാം.";"तीन जीवांत शेवटचे हृदय गेल्यावर खेळ संपतो. अमर्याद मोडमध्ये जीव असेपर्यंतच ट्रॉफी मोजल्या जातात; त्यानंतरही तू खेळू शकतोस.";"3 амьтай үед сүүлийн зүрхээ алдмагц тоглоом дуусна. Хязгааргүй горимд амьтай байх үед л цом тооцогдоно; дараа нь үргэлжлүүлэн тоглож болно.";"तीन जीवनमा अन्तिम मुटु सकिएपछि खेल सकिन्छ। असीमित मोडमा जीवन रहुन्जेल मात्र ट्रफी गनिन्छ; त्यसपछि खेलिरहन सकिन्छ।";Med tre liv slutter spillet etter det siste hjertet. Med ubegrensede liv teller trofeer bare mens du fortsatt har liv. Deretter kan du fortsette å spille.;"З трьома життями гра закінчується після останнього серця. У безлімітному режимі трофеї рахуються, лише поки є життя; потім можна грати далі.";"ତିନିଟି ଜୀବନ ଥିଲେ ଶେଷ ହୃଦୟ ହରାଇବା ପରେ ଖେଳ ଶେଷ ହୁଏ। ଅସୀମ ମୋଡ୍‌ରେ ଜୀବନ ଥିବା ପର୍ଯ୍ୟନ୍ତ ମାତ୍ର ଟ୍ରଫି ଗଣାଯାଏ; ତାପରେ ମଧ୍ୟ ତୁମେ ଖେଳିପାରିବ।";ئۈچ جان ھالىتىدە ئاخىرقى يۈرىكىڭ تۈگىگەندە ئويۇن ئاخىرلىشىدۇ. چەكسىز ھالەتتە جان بار چاغدىلا لوڭقىلار ھېسابلىنىدۇ؛ كېيىنمۇ ئويناشنى داۋاملاشتۇرالايسەن.;"Uchta jon rejimida oxirgi yuraging tugagach o‘yin yakunlanadi. Cheksiz rejimda sovrinlar faqat jonlaring bor paytda sanaladi; keyin ham o‘ynashda davom etishing mumkin.";با سه جان، بازی پس از آخرین قلب تمام می‌شود. در حالت نامحدود، جام‌ها فقط تا وقتی جان داری حساب می‌شوند؛ بعد از آن می‌توانی به بازی ادامه بدهی.;"Przy trzech życiach gra kończy się po ostatnim sercu. W trybie bez limitu puchary liczą się tylko, gdy masz życia; potem możesz grać dalej.";"Com três vidas, o jogo termina depois do último coração. No modo ilimitado, os troféus só contam enquanto ainda tens vidas; depois, podes continuar a jogar.";"3 ਜਾਨਾਂ ਨਾਲ ਆਖਰੀ ਦਿਲ ਤੋਂ ਬਾਅਦ ਖੇਡ ਮੁੱਕਦੀ ਹੈ। ਬੇਅੰਤ ਮੋਡ ਵਿੱਚ ਟ੍ਰਾਫੀਆਂ ਸਿਰਫ਼ ਜਾਨਾਂ ਰਹਿਣ ਤੱਕ ਗਿਣੀਆਂ ਜਾਂਦੀਆਂ ਹਨ; ਫਿਰ ਵੀ ਤੁਸੀਂ ਖੇਡ ਸਕਦੇ ਹੋ।";"Cu trei vieți, jocul se termină după ultima inimă. În modul nelimitat, trofeele contează doar cât timp mai ai vieți; apoi poți continua să te joci.";"С тремя жизнями игра заканчивается после последнего сердечка. В бесконечном режиме трофеи считаются, пока есть жизни; затем можно продолжать играть.";"Sa tri života igra se završava posle poslednjeg srca. U neograničenom režimu trofeji se računaju samo dok imaš živote; posle možeš da nastaviš da igraš.";"ජීවිත තුනක් තිබේ නම් අවසාන හදවතෙන් පසු ක්‍රීඩාව අවසන් වේ. අසීමිත මාදිලියේ ජීවිත තිබෙන තුරු පමණක් කුසලාන ගණන් වේ; ඉන්පසුත් ක්‍රීඩා කළ හැක.";"S tromi životmi sa hra skončí po poslednom srdiečku. V neobmedzenom režime sa trofeje počítajú iba dovtedy, kým máš životy; potom môžeš hrať ďalej.";"S tremi življenji se igra konča po zadnjem srčku. V neomejenem načinu pokali štejejo le, dokler imaš življenja; nato lahko še naprej igraš.";"Con tres vidas, el juego termina tras tu último corazón. En el modo ilimitado, los trofeos solo cuentan mientras te queden vidas; después puedes seguir jugando.";"Ukiwa na maisha matatu, mchezo huisha baada ya moyo wako wa mwisho. Katika hali isiyo na kikomo, vikombe huhesabiwa ukiwa bado na maisha; baada ya hapo unaweza kuendelea kucheza.";"ජීවිත තුනක් තිබේ නම් අවසාන හදවතෙන් පසු ක්‍රීඩාව අවසන් වේ. අසීමිත මාදිලියේ ජීවිත තිබෙන තුරු පමණක් කුසලාන ගණන් වේ; ඉන්පසුත් ක්‍රීඩා කළ හැක.";"மூன்று உயிர்கள் முறையில் கடைசி இதயம் போனதும் விளையாட்டு முடியும். வரம்பில்லா முறையில் உயிர்கள் இருக்கும் வரை மட்டுமே கோப்பைகள் கணக்காகும்; பிறகும் தொடர்ந்து விளையாடலாம்.";เมื่อมีสามชีวิต เกมจะจบหลังเสียหัวใจดวงสุดท้าย ในโหมดไม่จำกัด ถ้วยรางวัลจะนับเฉพาะตอนที่ยังมีชีวิต หลังจากนั้นยังเล่นต่อได้;སྲོག་གསུམ་ཡོད་ན་སྙིང་མཐའ་མ་ཤོར་རྗེས་རྩེད་མོ་ཚར། ཚད་མེད་རྣམ་པའི་ནང་སྲོག་ཡོད་རིང་ཁོ་ན་བྱ་དགའ་བརྩི། དེ་རྗེས་ཀྱང་མུ་མཐུད་རྩེ་ཆོག;"Se třemi životy hra skončí po ztrátě posledního srdce. V neomezeném režimu se trofeje počítají jen dokud máš životy; potom můžeš hrát dál.";"Üç canla oynarken son kalbinden sonra oyun biter. Sınırsız modda kupalar yalnızca canın varken sayılır; sonra oynamaya devam edebilirsin.";تین جانوں میں آخری دل کے بعد کھیل ختم ہو جاتا ہے۔ لامحدود موڈ میں جانیں رہنے تک ہی ٹرافیاں گنی جاتی ہیں؛ پھر بھی آپ کھیل سکتے ہیں۔;"Với ba mạng, trò chơi kết thúc sau trái tim cuối cùng. Ở chế độ không giới hạn, cúp chỉ được tính khi bạn còn mạng; sau đó bạn vẫn có thể chơi tiếp.";"Gyda thri bywyd, mae'r gêm yn gorffen ar ôl dy galon olaf. Yn y modd diderfyn, dim ond tra bod bywydau gen ti y mae tlysau'n cyfrif; wedyn gelli di barhau i chwarae.";"З трыма жыццямі гульня заканчваецца пасля апошняга сэрца. У бясконцым рэжыме трафеі залічваюцца, пакуль ёсць жыцці; потым можна гуляць далей.";"Ngezimpilo ezintathu, umdlalo uphela ngemva kwenhliziyo yakho yokugcina. Kumodi engenamkhawulo, izindebe zibalwa kuphela usenezimpilo; ngemva kwalokho ungaqhubeka udlale.";Med tre liv slutar spelet efter ditt sista hjärta. I obegränsat läge räknas pokaler bara så länge du har liv kvar. Sedan kan du fortsätta spela.
settings.playGoals;;Settings text. Keep it compact. English is 10 characters. Try to stay close to that.;Play goals;Speeldoelen;Speeldoelwitte;Objektivat e lojës;የጨዋታ ግቦች;أهداف اللعب;Խաղի նպատակներ;খেলৰ লক্ষ্য;Oyun hədəfləri;Jolas-helburuak;খেলার লক্ষ্য;ကစားချိန်ပန်းတိုင်များ;Ciljevi igranja;Цели за игра;Objectius de joc;游戏目标;Spillemål;Spielziele;Mängueesmärgid;Spælimál;Pelitavoitteet;Objectifs de jeu;Obxectivos de xogo;თამაშის მიზნები;Στόχοι παιχνιδιού;રમતના લક્ષ્યો;יעדי משחק;खेल लक्ष्य;Játékcélok;Spriocanna imeartha;Spilamarkmið;Target bermain;Obiettivi di gioco;あそぶ目標;ಆಟದ ಗುರಿಗಳು;Ойын мақсаттары;គោលដៅលេង;놀이 목표;Ciljevi igranja;ເປົ້າໝາຍການຫຼິ້ນ;Spēles mērķi;Žaidimo tikslai;Цели за играње;Sasaran main;കളിലക്ഷ്യങ്ങൾ;खेळाची ध्येये;Тоглох зорилгууд;खेल लक्ष्य;Spillemål;Ігрові цілі;ଖେଳ ଲକ୍ଷ୍ୟ;ئويۇن نىشانلىرى;O‘yin maqsadlari;هدف‌های بازی;Cele gry;Metas de jogo;ਖੇਡਣ ਦੇ ਟੀਚੇ;Obiective de joc;Цели игры;Ciljevi igranja;ක්‍රීඩා ඉලක්ක;Herné ciele;Igralni cilji;Objetivos de juego;Malengo ya kucheza;ක්‍රීඩා ඉලක්ක;விளையாட்டு இலக்குகள்;เป้าหมายการเล่น;རྩེད་མོའི་དམིགས་ཡུལ;Herní cíle;Oyun hedefleri;کھیل کے اہداف;Mục tiêu chơi;Nodau chwarae;Мэты гульні;Imigomo yokudlala;Spelmål
settings.premiumUnlocked;;Settings text. Keep it compact. English is 28 characters. Try to stay close to that.;Premium unlocked. Thank you!;Premium ontgrendeld. Bedankt!;Premium ontsluit. Dankie!;Premium u zhbllokua. Faleminderit!;ፕሪሚየም ተከፍቷል። እናመሰግናለን!;تم فتح المميز. شكرًا لك!;Պրեմիումը բացված է։ Շնորհակալություն։;প্ৰিমিয়াম খোলা হ’ল। ধন্যবাদ!;Premium açıldı. Təşəkkürlər!;Premium desblokeatuta. Eskerrik asko!;প্রিমিয়াম আনলক হয়েছে। ধন্যবাদ!;Premium ဖွင့်ပြီးပြီ။ ကျေးဇူးတင်ပါတယ်!;Premium je otključan. Hvala!;Премиум е отключен. Благодарим!;Premium desbloquejat. Gràcies!;高级版已解锁，谢谢！;Premium er låst op. Tak!;Premium freigeschaltet. Danke!;Premium on avatud. Aitäh!;Premium er latið upp. Takk!;Premium avattu. Kiitos!;Premium débloqué. Merci !;Premium desbloqueado. Grazas!;Premium გაიხსნა. გმადლობთ!;Το Premium ξεκλειδώθηκε. Ευχαριστούμε!;પ્રીમિયમ ખૂલ્યું. આભાર!;הפרימיום נפתח. תודה!;प्रीमियम अनलॉक हो गया। धन्यवाद!;Prémium feloldva. Köszönjük!;Préimh díghlasáilte. Go raibh maith agat!;Premium opnað. Takk!;Premium terbuka. Terima kasih!;Premium sbloccato. Grazie!;プレミアムを使えるようになりました。ありがとう！;ಪ್ರೀಮಿಯಂ ತೆರೆಯಿತು. ಧನ್ಯವಾದಗಳು!;Premium ашылды. Рақмет!;បានដោះសោព្រីមៀម។ អរគុណ!;프리미엄이 열렸어요. 고마워요!;Premium je otključan. Hvala!;ປົດລັອກພຣີມຽມແລ້ວ. ຂອບໃຈ!;Premium atbloķēts. Paldies!;Premium atrakinta. Ačiū!;Премиум е отклучен. Благодариме!;Premium dibuka. Terima kasih!;പ്രീമിയം തുറന്നു. നന്ദി!;प्रीमियम उघडलं. धन्यवाद!;Премиум нээгдлээ. Баярлалаа!;प्रिमियम खुल्यो। धन्यवाद!;Premium er låst opp. Takk!;Преміум відкрито. Дякуємо!;Premium ଖୋଲିଗଲା। ଧନ୍ୟବାଦ!;Premium ئېچىلدى. رەھمەت!;Premium ochildi. Rahmat!;نسخهٔ ویژه باز شد. ممنون!;Premium odblokowane. Dziękujemy!;Premium desbloqueado. Obrigado!;ਪ੍ਰੀਮੀਅਮ ਖੁੱਲ੍ਹ ਗਿਆ। ਧੰਨਵਾਦ!;Premium deblocat. Mulțumim!;Премиум открыт. Спасибо!;Premium je otključan. Hvala!;ප්‍රීමියම් විවෘතයි. ස්තුතියි!;Premium odomknuté. Ďakujeme!;Premium odklenjen. Hvala!;Premium desbloqueado. ¡Gracias!;Premium imefunguliwa. Asante!;ප්‍රීමියම් විවෘතයි. ස්තුතියි!;பிரீமியம் திறக்கப்பட்டது. நன்றி!;ปลดล็อกพรีเมียมแล้ว ขอบคุณ!;Premium ཁ་ཕྱེ་ཟིན། ཐུགས་རྗེ་ཆེ།;Premium odemčeno. Děkujeme!;Premium açıldı. Teşekkürler!;پریمیم کھل گیا۔ شکریہ!;Đã mở khóa Premium. Cảm ơn bạn!;Premiwm wedi'i ddatgloi. Diolch!;Прэміум адкрыты. Дзякуй!;I-Premium ivuliwe. Siyabonga!;Premium upplåst. Tack!
settings.title;;Heading. Short and punchy. English is 8 characters. Try to stay close to that.;Settings;Instellingen;Instellings;Cilësimet;ቅንብሮች;الإعدادات;Կարգավորումներ;ছেটিংছ;Ayarlar;Ezarpenak;সেটিংস;ဆက်တင်များ;Postavke;Настройки;Configuració;设置;Indstillinger;Einstellungen;Seaded;Stillingar;Asetukset;Réglages;Axustes;პარამეტრები;Ρυθμίσεις;સેટિંગ્સ;הגדרות;सेटिंग्स;Beállítások;Socruithe;Stillingar;Pengaturan;Impostazioni;設定;ಸೆಟ್ಟಿಂಗ್‌ಗಳು;Баптаулар;ការកំណត់;설정;Postavke;ການຕັ້ງຄ່າ;Iestatījumi;Nustatymai;Поставки;Tetapan;ക്രമീകരണങ്ങൾ;सेटिंग्ज;Тохиргоо;सेटिङ;Innstillinger;Налаштування;ସେଟିଂସ୍;تەڭشەكلەر;Sozlamalar;تنظیمات;Ustawienia;Definições;ਸੈਟਿੰਗਾਂ;Setări;Настройки;Podešavanja;සැකසුම්;Nastavenia;Nastavitve;Ajustes;Mipangilio;සැකසුම්;அமைப்புகள்;การตั้งค่า;སྒྲིག་འགོད;Nastavení;Ayarlar;ترتیبات;Cài đặt;Gosodiadau;Налады;Izilungiselelo;Inställningar
streak.accessibility.chooseDailyGoal;;VoiceOver label (not shown on screen). Favour clarity over brevity. English is 19 characters. Try to stay close to that.;Choose a daily goal;Kies een dagelijks doel;Kies ’n daaglikse doel;Zgjidh një objektiv ditor;የቀን ግብ ምረጥ;اختر هدفًا يوميًا;Ընտրիր օրական նպատակ;এটা দৈনিক লক্ষ্য বাছা;Gündəlik hədəf seç;Aukeratu eguneko helburua;দৈনিক লক্ষ্য বেছে নাও;နေ့စဉ်ပန်းတိုင် ရွေးပါ;Izaberi dnevni cilj;Избери дневна цел;Tria un objectiu diari;选择每日目标;Vælg et dagligt mål;Wähle ein Tagesziel;Vali päevaeesmärk;Vel eitt dagligt mál;Valitse päivätavoite;Choisis un objectif quotidien;Escolle un obxectivo diario;აირჩიე დღიური მიზანი;Διάλεξε καθημερινό στόχο;દૈનિક લક્ષ્ય પસંદ કરો;בחרו יעד יומי;रोज़ का लक्ष्य चुनें;Válassz napi célt;Roghnaigh sprioc laethúil;Veldu daglegt markmið;Pilih target harian;Scegli un obiettivo giornaliero;毎日の目標をえらぶ;ದೈನಂದಿನ ಗುರಿ ಆರಿಸು;Күндік мақсатты таңда;ជ្រើសគោលដៅប្រចាំថ្ងៃ;매일 목표 선택;Odaberi dnevni cilj;ເລືອກເປົ້າໝາຍລາຍວັນ;Izvēlies dienas mērķi;Pasirink dienos tikslą;Избери дневна цел;Pilih sasaran harian;ഒരു ദിവസലക്ഷ്യം തിരഞ്ഞെടുക്കൂ;दररोजचे ध्येय निवड;Өдрийн зорилго сонго;दैनिक लक्ष्य छान;Velg et daglig mål;Обери щоденну ціль;ଦୈନିକ ଲକ୍ଷ୍ୟ ବାଛ;كۈندىلىك نىشان تاللا;Kunlik maqsadni tanla;یک هدف روزانه انتخاب کن;Wybierz cel dzienny;Escolhe uma meta diária;ਰੋਜ਼ਾਨਾ ਟੀਚਾ ਚੁਣੋ;Alege un obiectiv zilnic;Выбери цель на день;Izaberi dnevni cilj;දිනපතා ඉලක්කයක් තෝරන්න;Vyber denný cieľ;Izberi dnevni cilj;Elige un objetivo diario;Chagua lengo la kila siku;දිනපතා ඉලක්කයක් තෝරන්න;தினசரி இலக்கைத் தேர்ந்தெடு;เลือกเป้าหมายรายวัน;ཉིན་རེའི་དམིགས་ཡུལ་འདེམས།;Vyber denní cíl;Günlük hedef seç;روزانہ ہدف چنیں;Chọn mục tiêu hằng ngày;Dewis nod dyddiol;Выберы штодзённую мэту;Khetha umgomo wansuku zonke;Välj ett dagsmål
streak.accessibility.choosePeriod;;VoiceOver label (not shown on screen). Favour clarity over brevity. English is 29 characters. Try to stay close to that.;Choose a daily or weekly goal;Kies een dagelijks of wekelijks doel;Kies ’n daaglikse of weeklikse doel;Zgjidh një objektiv ditor ose javor;የቀን ወይም የሳምንት ግብ ምረጥ;اختر هدفًا يوميًا أو أسبوعيًا;Ընտրիր օրական կամ շաբաթական նպատակ;দৈনিক বা সাপ্তাহিক লক্ষ্য বাছা;Gündəlik və ya həftəlik hədəf seç;Aukeratu eguneko edo asteko helburua;দৈনিক বা সাপ্তাহিক লক্ষ্য বেছে নাও;နေ့စဉ် သို့မဟုတ် အပတ်စဉ်ပန်းတိုင် ရွေးပါ;Izaberi dnevni ili sedmični cilj;Избери дневна или седмична цел;Tria un objectiu diari o setmanal;选择每日或每周目标;Vælg et dagligt eller ugentligt mål;Wähle ein Tages- oder Wochenziel;Vali päeva- või nädalaeesmärk;Vel eitt dagligt ella vikuligt mál;Valitse päivä- tai viikkotavoite;Choisis un objectif quotidien ou hebdomadaire;Escolle un obxectivo diario ou semanal;აირჩიე დღიური ან კვირეული მიზანი;Διάλεξε καθημερινό ή εβδομαδιαίο στόχο;દૈનિક કે સાપ્તાહિક લક્ષ્ય પસંદ કરો;בחרו יעד יומי או שבועי;रोज़ या हफ्ते का लक्ष्य चुनें;Válassz napi vagy heti célt;Roghnaigh sprioc laethúil nó sheachtainiúil;Veldu daglegt eða vikulegt markmið;Pilih target harian atau mingguan;Scegli un obiettivo giornaliero o settimanale;毎日または毎週の目標をえらぶ;ದೈನಂದಿನ ಅಥವಾ ವಾರದ ಗುರಿ ಆರಿಸು;Күндік немесе апталық мақсатты таңда;ជ្រើសគោលដៅប្រចាំថ្ងៃ ឬប្រចាំសប្ដាហ៍;매일 또는 매주 목표 선택;Odaberi dnevni ili tjedni cilj;ເລືອກເປົ້າໝາຍລາຍວັນ ຫຼື ລາຍອາທິດ;Izvēlies dienas vai nedēļas mērķi;Pasirink dienos arba savaitės tikslą;Избери дневна или неделна цел;Pilih sasaran harian atau mingguan;ദിവസലക്ഷ്യമോ ആഴ്ചലക്ഷ്യമോ തിരഞ്ഞെടുക്കൂ;दररोजचे किंवा साप्ताहिक ध्येय निवड;Өдрийн эсвэл долоо хоногийн зорилго сонго;दैनिक वा साप्ताहिक लक्ष्य छान;Velg et daglig eller ukentlig mål;Обери щоденну або щотижневу ціль;ଦୈନିକ କିମ୍ବା ସାପ୍ତାହିକ ଲକ୍ଷ୍ୟ ବାଛ;كۈندىلىك ياكى ھەپتىلىك نىشان تاللا;Kunlik yoki haftalik maqsadni tanla;یک هدف روزانه یا هفتگی انتخاب کن;Wybierz cel dzienny lub tygodniowy;Escolhe uma meta diária ou semanal;ਰੋਜ਼ਾਨਾ ਜਾਂ ਹਫ਼ਤਾਵਾਰੀ ਟੀਚਾ ਚੁਣੋ;Alege un obiectiv zilnic sau săptămânal;Выбери цель на день или неделю;Izaberi dnevni ili nedeljni cilj;දිනපතා හෝ සතිපතා ඉලක්කයක් තෝරන්න;Vyber denný alebo týždenný cieľ;Izberi dnevni ali tedenski cilj;Elige un objetivo diario o semanal;Chagua lengo la kila siku au kila wiki;දිනපතා හෝ සතිපතා ඉලක්කයක් තෝරන්න;தினசரி அல்லது வார இலக்கைத் தேர்ந்தெடு;เลือกเป้าหมายรายวันหรือรายสัปดาห์;ཉིན་རེའམ་བདུན་རེའི་དམིགས་ཡུལ་འདེམས།;Vyber denní nebo týdenní cíl;Günlük veya haftalık hedef seç;روزانہ یا ہفتہ وار ہدف چنیں;Chọn mục tiêu hằng ngày hoặc hằng tuần;Dewis nod dyddiol neu wythnosol;Выберы штодзённую або штотыднёвую мэту;Khetha umgomo wansuku zonke noma wamasonto onke;Välj ett dags- eller veckomål
streak.accessibility.compact %@ %lld %lld %lld;;"VoiceOver label (not shown on screen). Favour clarity over brevity. Keep the placeholders exactly (%1$@, %2$lld, %3$lld, %4$lld); the app fills them with numbers/text at runtime. You may reorder them to fit natural word order. English is 52 characters. Try to stay close to that.";%1$@, %2$lld of %3$lld minutes, %4$lld days in a row;%1$@, %2$lld van %3$lld minuten, %4$lld dagen op rij;%1$@, %2$lld van %3$lld minute, %4$lld dae in ’n ry;%1$@, %2$lld nga %3$lld minuta, %4$lld ditë rresht;%1$@፣ ከ%3$lld ደቂቃ %2$lld፣ %4$lld ቀናት በተከታታይ;%1$@، %2$lld من %3$lld دقيقة، %4$lld أيام متتالية;%1$@, %2$lld՝ %3$lld րոպեից, %4$lld օր անընդմեջ;%1$@, %3$lld মিনিটৰ ভিতৰত %2$lld, একেৰাহে %4$lld দিন;%1$@, %3$lld dəqiqədən %2$lld, ardıcıl %4$lld gün;%1$@, %3$lld minututik %2$lld, %4$lld egun jarraian;%1$@, %3$lld মিনিটের মধ্যে %2$lld, টানা %4$lld দিন;%1$@၊ %3$lld မိနစ်ထဲက %2$lld၊ %4$lld ရက်ဆက်တိုက်;%1$@, %2$lld od %3$lld minuta, %4$lld dana zaredom;%1$@, %2$lld от %3$lld минути, %4$lld поредни дни;%1$@, %2$lld de %3$lld minuts, %4$lld dies seguits;%1$@，%2$lld/%3$lld 分钟，连续 %4$lld 天;%1$@, %2$lld af %3$lld minutter, %4$lld dage i træk;%1$@, %2$lld von %3$lld Minuten, %4$lld Tage in Folge;%1$@, %2$lld / %3$lld minutit, %4$lld päeva järjest;%1$@, %2$lld av %3$lld minuttum, %4$lld dagar á rað;%1$@, %2$lld/%3$lld minuuttia, %4$lld päivää putkeen;%1$@, %2$lld sur %3$lld minutes, %4$lld jours de suite;%1$@, %2$lld de %3$lld minutos, %4$lld días seguidos;%1$@, %2$lld / %3$lld წუთი, ზედიზედ %4$lld დღე;%1$@, %2$lld από %3$lld λεπτά, %4$lld μέρες στη σειρά;%1$@, %3$lld માંથી %2$lld મિનિટ, સળંગ %4$lld દિવસ;%1$@, ‏%2$lld מתוך %3$lld דקות, %4$lld ימים ברצף;%1$@, %3$lld मिनट में से %2$lld, लगातार %4$lld दिन;%1$@, %2$lld / %3$lld perc, %4$lld nap egymás után;%1$@, %2$lld as %3$lld nóiméad, %4$lld lá as a chéile;%1$@, %2$lld af %3$lld mínútum, %4$lld dagar í röð;%1$@, %2$lld dari %3$lld menit, %4$lld hari berturut-turut;%1$@, %2$lld su %3$lld minuti, %4$lld giorni di fila;%1$@、%3$lld分中%2$lld分、%4$lld日れんぞく;%1$@, %3$lld ನಿಮಿಷಗಳಲ್ಲಿ %2$lld, ಸತತ %4$lld ದಿನಗಳು;%1$@, %3$lld минуттың %2$lld минуты, қатарынан %4$lld күн;%1$@, %2$lld ក្នុងចំណោម %3$lld នាទី, %4$lld ថ្ងៃជាប់គ្នា;%1$@, %3$lld분 중 %2$lld분, %4$lld일 연속;%1$@, %2$lld od %3$lld minuta, %4$lld dana zaredom;%1$@, %2$lld ຈາກ %3$lld ນາທີ, %4$lld ມື້ຕິດກັນ;%1$@, %2$lld no %3$lld minūtēm, %4$lld dienas pēc kārtas;%1$@, %2$lld iš %3$lld minučių, %4$lld dienas iš eilės;%1$@, %2$lld од %3$lld минути, %4$lld дена по ред;%1$@, %2$lld daripada %3$lld minit, %4$lld hari berturut-turut;%1$@, %3$lld മിനിറ്റിൽ %2$lld, തുടർച്ചയായി %4$lld ദിവസം;%1$@, %3$lld पैकी %2$lld मिनिटे, सलग %4$lld दिवस;%1$@, %3$lld минутаас %2$lld, %4$lld өдөр дараалан;%1$@, %3$lld मिनेटमध्ये %2$lld, लगातार %4$lld दिन;%1$@, %2$lld av %3$lld minutter, %4$lld dager på rad;%1$@, %2$lld із %3$lld хвилин, %4$lld днів поспіль;%1$@, %3$lld ମିନିଟ୍‌ରୁ %2$lld, ଲଗାତାର %4$lld ଦିନ;%1$@، %3$lld مىنۇتنىڭ %2$lld، ئۇدا %4$lld كۈن;%1$@, %3$lld daqiqadan %2$lld daqiqa, ketma-ket %4$lld kun;%1$@، %2$lld از %3$lld دقیقه، %4$lld روز پشت سر هم;%1$@, %2$lld z %3$lld minut, %4$lld dni z rzędu;%1$@, %2$lld de %3$lld minutos, %4$lld dias seguidos;%1$@, %3$lld ਵਿੱਚੋਂ %2$lld ਮਿੰਟ, ਲਗਾਤਾਰ %4$lld ਦਿਨ;%1$@, %2$lld din %3$lld minute, %4$lld zile la rând;%1$@, %2$lld из %3$lld минут, %4$lld дней подряд;%1$@, %2$lld od %3$lld minuta, %4$lld dana zaredom;%1$@, මිනිත්තු %2$lld / %3$lld, දින %4$lldක් පේළියට;%1$@, %2$lld z %3$lld minút, %4$lld dní za sebou;%1$@, %2$lld od %3$lld minut, %4$lld dni zapored;%1$@, %2$lld de %3$lld minutos, %4$lld días seguidos;%1$@, dakika %2$lld kati ya %3$lld, siku %4$lld mfululizo;%1$@, මිනිත්තු %2$lld / %3$lld, දින %4$lldක් පේළියට;%1$@, %3$lld நிமிடங்களில் %2$lld, தொடர்ந்து %4$lld நாட்கள்;%1$@, %2$lld จาก %3$lld นาที, ต่อเนื่อง %4$lld วัน;%1$@, སྐར་མ་ %2$lld ནས་ %3$lld, ཉིན་ %4$lld བསྟུད་མར།;%1$@, %2$lld z %3$lld minut, %4$lld dní v řadě;%1$@, %2$lld/%3$lld dakika, üst üste %4$lld gün;%1$@، %3$lld میں سے %2$lld منٹ، لگاتار %4$lld دن;%1$@, %2$lld trên %3$lld phút, %4$lld ngày liên tiếp;%1$@, %2$lld o %3$lld munud, %4$lld diwrnod yn olynol;%1$@, %2$lld з %3$lld хвілін, %4$lld дзён запар;%1$@, %2$lld kwemizuzu engu-%3$lld, izinsuku ezingu-%4$lld zilandelana;%1$@, %2$lld av %3$lld minuter, %4$lld dagar i rad
streak.accessibility.daily %lld %lld;;"VoiceOver label (not shown on screen). Favour clarity over brevity. Keep the placeholders exactly (%lld); the app fills them with numbers/text at runtime. You may reorder them to fit natural word order. English is 34 characters. Try to stay close to that.";Daily streak, %lld of %lld minutes;Dagelijkse streak, %lld van %lld minuten;Daaglikse reeks, %lld van %lld minute;Seria ditore, %lld nga %lld minuta;የቀን ተከታታይነት፣ ከ%lld ደቂቃ %lld;استمرار يومي، %lld من %lld دقيقة;Օրական շարք՝ %lld՝ %lld րոպեից;দৈনিক ধাৰাবাহিকতা, %lld মিনিটৰ ভিতৰত %lld;Gündəlik ardıcıllıq, %lld dəqiqədən %lld;Eguneko segida, %lld / %lld minutu;দৈনিক ধারা, %lld-এর মধ্যে %lld মিনিট;နေ့စဉ်ဆက်တိုက်၊ %lld မိနစ်ထဲက %lld;Dnevni niz, %lld od %lld minuta;Дневна поредица, %lld от %lld минути;Ratxa diària, %lld de %lld minuts;每日连续，%lld/%lld 分钟;Daglig serie, %lld af %lld minutter;Tagesstrecke, %lld von %lld Minuten;Päevane seeria, %lld / %lld minutit;Dagligt rað, %lld av %lld minuttum;Päiväputki, %lld/%lld minuuttia;Série quotidienne, %lld sur %lld minutes;Serie diaria, %lld de %lld minutos;დღიური სერია, %lld / %lld წუთი;Καθημερινό σερί, %lld από %lld λεπτά;દૈનિક સળંગતા, %lld માંથી %lld મિનિટ;רצף יומי, %lld מתוך %lld דקות;रोज़ की लड़ी, %lld में से %lld मिनट;Napi sorozat, %lld / %lld perc;Sraith laethúil, %lld as %lld nóiméad;Dagleg röð, %lld af %lld mínútum;Rentetan harian, %lld dari %lld menit;Serie giornaliera, %lld su %lld minuti;毎日のれんぞく、%lld分中%lld分;ದೈನಂದಿನ ಸರಣಿ, %lld/%lld ನಿಮಿಷ;Күндік тізбек, %lld / %lld минут;លេងជាប់គ្នាប្រចាំថ្ងៃ %lld ក្នុងចំណោម %lld នាទី;매일 연속 기록, %lld/%lld분;Dnevni niz, %lld od %lld minuta;ຕໍ່ເນື່ອງລາຍວັນ, %lld ຈາກ %lld ນາທີ;Dienas sērija, %lld no %lld minūtēm;Dienos serija, %lld iš %lld minučių;Дневна низа, %lld од %lld минути;Rentetan harian, %lld daripada %lld minit;ദിവസതുടർച്ച, %lldൽ %lld മിനിറ്റ്;दैनिक सलग खेळ, %lld पैकी %lld मिनिटे;Өдрийн дараалал, %lld минутаас %lld;दैनिक क्रम, %lld मिनेटमध्ये %lld;Daglig rekke, %lld av %lld minutter;Щоденна серія: %lld із %lld хвилин;ଦୈନିକ ଧାରା, %lld ମିନିଟ୍‌ରୁ %lld;كۈندىلىك داۋام، %lld/%lld مىنۇت;Kunlik ketma-ketlik, %lld daqiqadan %lld daqiqa;زنجیرهٔ روزانه، %lld از %lld دقیقه;Seria dzienna, %lld z %lld minut;Sequência diária, %lld de %lld minutos;ਰੋਜ਼ਾਨਾ ਲੜੀ, %lld ਵਿੱਚੋਂ %lld ਮਿੰਟ;Serie zilnică, %lld din %lld minute;Серия за день: %lld из %lld минут;Dnevni niz, %lld od %lld minuta;දිනපතා අඛණ්ඩය, මිනිත්තු %lld / %lld;Denná séria, %lld z %lld minút;Dnevni niz, %lld od %lld minut;Racha diaria, %lld de %lld minutos;Mfululizo wa kila siku, dakika %lld kati ya %lld;දිනපතා අඛණ්ඩය, මිනිත්තු %lld / %lld;தினசரி தொடர், %lld / %lld நிமிடங்கள்;เล่นต่อเนื่องรายวัน %lld จาก %lld นาที;ཉིན་རེའི་བསྟུད་མ། སྐར་མ་ %lld ནས་ %lld;Denní série, %lld z %lld minut;Günlük seri, %lld/%lld dakika;روزانہ سلسلہ، %lld میں سے %lld منٹ;Chuỗi ngày, %lld trên %lld phút;Cyfres ddyddiol, %lld o %lld munud;Штодзённая серыя, %lld з %lld хвілін;Ukulandelana kwansuku zonke, %lld kwemizuzu engu-%lld;Daglig svit, %lld av %lld minuter
streak.daily;;Streak or progress label. Keep it short. English is 12 characters. Try to stay close to that.;Daily streak;Dagelijkse streak;Daaglikse reeks;Seria ditore;የቀን ተከታታይነት;الاستمرار اليومي;Օրական շարք;দৈনিক ধাৰাবাহিকতা;Gündəlik ardıcıllıq;Eguneko segida;দৈনিক ধারা;နေ့စဉ်ဆက်တိုက်;Dnevni niz;Дневна поредица;Ratxa diària;每日连续;Daglig serie;Tagesstrecke;Päevane seeria;Dagligt rað;Päiväputki;Série quotidienne;Serie diaria;დღიური სერია;Καθημερινό σερί;દૈનિક સળંગતા;רצף יומי;रोज़ की लड़ी;Napi sorozat;Sraith laethúil;Dagleg röð;Rentetan harian;Serie giornaliera;毎日のれんぞく;ದೈನಂದಿನ ಸರಣಿ;Күндік тізбек;លេងជាប់គ្នាប្រចាំថ្ងៃ;매일 연속 기록;Dnevni niz;ຕໍ່ເນື່ອງລາຍວັນ;Dienas sērija;Dienos serija;Дневна низа;Rentetan harian;ദിവസതുടർച്ച;दैनिक सलग खेळ;Өдрийн дараалал;दैनिक क्रम;Daglig rekke;Щоденна серія;ଦୈନିକ ଧାରା;كۈندىلىك داۋام;Kunlik ketma-ketlik;زنجیرهٔ روزانه;Seria dzienna;Sequência diária;ਰੋਜ਼ਾਨਾ ਲੜੀ;Serie zilnică;Серия за день;Dnevni niz;දිනපතා අඛණ්ඩය;Denná séria;Dnevni niz;Racha diaria;Mfululizo wa kila siku;දිනපතා අඛණ්ඩය;தினசரி தொடர்;เล่นต่อเนื่องรายวัน;ཉིན་རེའི་བསྟུད་མ;Denní série;Günlük seri;روزانہ سلسلہ;Chuỗi ngày;Cyfres ddyddiol;Штодзённая серыя;Ukulandelana kwansuku zonke;Daglig svit
streak.dayOne;;Streak or progress label. Keep it short. English is 5 characters. Try to stay close to that.;Day 1;Dag 1;Dag 1;Dita 1;ቀን 1;اليوم 1;Օր 1;১ম দিন;1-ci gün;1. eguna;দিন ১;နေ့ 1;1. dan;Ден 1;Dia 1;第 1 天;Dag 1;Tag 1;1. päev;Dagur 1;Päivä 1;Jour 1;Día 1;დღე 1;Ημέρα 1;દિવસ 1;יום 1;दिन 1;1. nap;Lá 1;Dagur 1;Hari 1;Giorno 1;1日目;ದಿನ 1;1-күн;ថ្ងៃទី 1;1일 차;Dan 1;ມື້ທີ 1;1. diena;1 diena;Ден 1;Hari 1;ദിവസം 1;दिवस 1;1 дэх өдөр;दिन १;Dag 1;День 1;ଦିନ 1;1-كۈن;1-kun;روز ۱;Dzień 1;Dia 1;ਦਿਨ 1;Ziua 1;День 1;Dan 1;දින 1;1. deň;1. dan;Día 1;Siku ya 1;දින 1;நாள் 1;วันที่ 1;ཉིན་1;Den 1;1. gün;دن 1;Ngày 1;Diwrnod 1;Дзень 1;Usuku 1;Dag 1
streak.daysInARow %lld;one;"Streak or progress label. Keep it short. Keep the placeholders exactly (%lld); the app fills them with numbers/text at runtime. You may reorder them to fit natural word order. English is 17 characters. Try to stay close to that.";%lld day in a row;%lld dag op rij;%lld dag in ’n ry;%lld ditë rresht;%lld ቀን በተከታታይ;%lld يوم متتالٍ;%lld օր անընդմեջ;একেৰাহে %lld দিন;Ardıcıl %lld gün;%lld egun jarraian;টানা %lld দিন;%lld ရက်ဆက်တိုက်;%lld dan zaredom;%lld пореден ден;%lld dia seguit;连续 %lld 天;%lld dag i træk;%lld Tag in Folge;%lld päev järjest;%lld dag á rað;%lld päivä putkeen;%lld jour de suite;%lld día seguido;ზედიზედ %lld დღე;%lld μέρα στη σειρά;સળંગ %lld દિવસ;%lld יום ברצף;लगातार %lld दिन;%lld nap egymás után;%lld lá as a chéile;%lld dagur í röð;%lld hari berturut-turut;%lld giorno di fila;%lld日れんぞく;ಸತತ %lld ದಿನ;Қатарынан %lld күн;%lld ថ្ងៃជាប់គ្នា;%lld일 연속;%lld dan zaredom;%lld ມື້ຕິດກັນ;%lld diena pēc kārtas;%lld diena iš eilės;%lld ден по ред;%lld hari berturut-turut;തുടർച്ചയായി %lld ദിവസം;सलग %lld दिवस;%lld өдөр дараалан;लगातार %lld दिन;%lld dag på rad;%lld день поспіль;ଲଗାତାର %lld ଦିନ;ئۇدا %lld كۈن;Ketma-ket %lld kun;%lld روز پشت سر هم;%lld dzień z rzędu;%lld dia seguido;ਲਗਾਤਾਰ %lld ਦਿਨ;%lld zi la rând;%lld день подряд;%lld dan zaredom;දින %lldක් පේළියට;%lld deň za sebou;%lld dan zapored;%lld día seguido;Siku %lld mfululizo;දින %lldක් පේළියට;தொடர்ந்து %lld நாள்;ต่อเนื่อง %lld วัน;ཉིན་ %lld བསྟུད་མར།;%lld den v řadě;Üst üste %lld gün;لگاتار %lld دن;%lld ngày liên tiếp;%lld diwrnod yn olynol;%lld дзень запар;Usuku olungu-%lld lulandelana;%lld dag i rad
streak.daysInARow %lld;other;"Streak or progress label. Keep it short. Keep the placeholders exactly (%lld); the app fills them with numbers/text at runtime. You may reorder them to fit natural word order. English is 18 characters. Try to stay close to that.";%lld days in a row;%lld dagen op rij;%lld dae in ’n ry;%lld ditë rresht;%lld ቀናት በተከታታይ;%lld أيام متتالية;%lld օր անընդմեջ;একেৰাহে %lld দিন;Ardıcıl %lld gün;%lld egun jarraian;টানা %lld দিন;%lld ရက်ဆက်တိုက်;%lld dana zaredom;%lld поредни дни;%lld dies seguits;连续 %lld 天;%lld dage i træk;%lld Tage in Folge;%lld päeva järjest;%lld dagar á rað;%lld päivää putkeen;%lld jours de suite;%lld días seguidos;ზედიზედ %lld დღე;%lld μέρες στη σειρά;સળંગ %lld દિવસ;%lld ימים ברצף;लगातार %lld दिन;%lld nap egymás után;%lld lá as a chéile;%lld dagar í röð;%lld hari berturut-turut;%lld giorni di fila;%lld日れんぞく;ಸತತ %lld ದಿನಗಳು;Қатарынан %lld күн;%lld ថ្ងៃជាប់គ្នា;%lld일 연속;%lld dana zaredom;%lld ມື້ຕິດກັນ;%lld dienas pēc kārtas;%lld dienas iš eilės;%lld дена по ред;%lld hari berturut-turut;തുടർച്ചയായി %lld ദിവസം;सलग %lld दिवस;%lld өдөр дараалан;लगातार %lld दिन;%lld dager på rad;%lld днів поспіль;ଲଗାତାର %lld ଦିନ;ئۇدا %lld كۈن;Ketma-ket %lld kun;%lld روز پشت سر هم;%lld dni z rzędu;%lld dias seguidos;ਲਗਾਤਾਰ %lld ਦਿਨ;%lld zile la rând;%lld дней подряд;%lld dana zaredom;දින %lldක් පේළියට;%lld dní za sebou;%lld dni zapored;%lld días seguidos;Siku %lld mfululizo;දින %lldක් පේළියට;தொடர்ந்து %lld நாட்கள்;ต่อเนื่อง %lld วัน;ཉིན་ %lld བསྟུད་མར།;%lld dní v řadě;Üst üste %lld gün;لگاتار %lld دن;%lld ngày liên tiếp;%lld diwrnod yn olynol;%lld дзён запар;Izinsuku ezingu-%lld zilandelana;%lld dagar i rad
tutorial.answerHint;;In-app text. English is 50 characters. Try to stay close to that.;Don’t know the answer? Tap the question to see it.;Weet je het antwoord niet? Tik dan op de som om het antwoord te bekijken.;Ken jy nie die antwoord nie? Tik op die som om dit te sien.;Nuk e di përgjigjen? Prek detyrën për ta parë.;መልሱን አታውቅም? ለማየት ጥያቄውን ንካ።;لا تعرف الإجابة؟ اضغط على المسألة لرؤيتها.;Չգիտե՞ս պատասխանը։ Հպվիր առաջադրանքին՝ այն տեսնելու համար։;উত্তৰ নাজানা? চাবলৈ অংকটো টেপ কৰা।;Cavabı bilmirsən? Görmək üçün misala toxun.;Ez dakizu erantzuna? Sakatu ariketa ikusteko.;উত্তর জানো না? দেখতে অঙ্কটিতে ট্যাপ করো।;အဖြေမသိဘူးလား။ ပုစ္ဆာကို တို့ပြီး အဖြေကြည့်ပါ။;Ne znaš odgovor? Dodirni zadatak da ga vidiš.;Не знаеш отговора? Докосни задачата, за да го видиш.;No saps la resposta? Toca l’operació per veure-la.;不知道答案？轻点题目就能看到。;Kender du ikke svaret? Tryk på opgaven for at se det.;Du weißt die Antwort nicht? Tippe auf die Aufgabe, um sie zu sehen.;Ei tea vastust? Selle nägemiseks puuduta ülesannet.;Veitst tú ikki svarið? Trýst á roknistykkið fyri at síggja tað.;Etkö tiedä vastausta? Näet sen napauttamalla laskua.;Tu ne connais pas la réponse ? Touche le calcul pour la voir.;Non sabes a resposta? Toca a conta para vela.;პასუხი არ იცი? სანახავად ამოცანას შეეხე.;"Δεν ξέρεις την απάντηση; Πάτησε την άσκηση για να τη δεις.";જવાબ નથી આવડતો? જવાબ જોવા દાખલા પર ટેપ કરો.;לא יודעים את התשובה? הקישו על התרגיל כדי לראות אותה.;उत्तर नहीं पता? सवाल पर टैप करके देखो।;Nem tudod a választ? Koppints a feladatra, és megmutatjuk.;Níl an freagra ar eolas agat? Tapáil an cheist chun é a fheiceáil.;Veistu ekki svarið? Pikkaðu á dæmið til að sjá það.;Tidak tahu jawabannya? Ketuk soalnya untuk melihat jawaban.;Non sai la risposta? Tocca il calcolo per vederla.;答えがわからない？問題をタップすると見られるよ。;ಉತ್ತರ ಗೊತ್ತಿಲ್ಲವೇ? ನೋಡಲು ಪ್ರಶ್ನೆಯನ್ನು ತಟ್ಟು.;Жауапты білмейсің бе? Көру үшін есепті түрт.;មិនដឹងចម្លើយមែនទេ? ប៉ះលំហាត់ដើម្បីមើលចម្លើយ។;답을 모르겠나요? 문제를 누르면 답을 볼 수 있어요.;Ne znaš odgovor? Dodirni zadatak da ga vidiš.;ບໍ່ຮູ້ຄຳຕອບບໍ? ແຕະໂຈດເພື່ອເບິ່ງຄຳຕອບ.;Nezini atbildi? Pieskaries uzdevumam, lai to redzētu.;Nežinai atsakymo? Bakstelėk užduotį ir jį pamatysi.;Не го знаеш одговорот? Допри ја задачата за да го видиш.;Tak tahu jawapan? Ketik soalan untuk melihatnya.;ഉത്തരം അറിയില്ലേ? കാണാൻ ചോദ്യത്തിൽ തട്ടൂ.;उत्तर माहीत नाही? ते पाहण्यासाठी उदाहरणावर टॅप कर.;Хариугаа мэдэхгүй байна уу? Бодлогыг товшиж хариуг хар.;उत्तर थाहा छैन? हेर्न प्रश्नमा ट्याप गर।;Vet du ikke svaret? Trykk på oppgaven for å se det.;Не знаєш відповіді? Торкнися завдання, щоб її побачити.;ଉତ୍ତର ଜାଣିନାହଁ? ଦେଖିବାକୁ ପ୍ରଶ୍ନଟିକୁ ଟ୍ୟାପ୍ କର।;جاۋابنى بىلمىدىڭمۇ؟ كۆرۈش ئۈچۈن مەسىلىنى چەك.;Javobni bilmaysanmi? Ko‘rish uchun misolga teg.;جواب را نمی‌دانی؟ روی سؤال بزن تا آن را ببینی.;Nie znasz odpowiedzi? Stuknij zadanie, aby ją zobaczyć.;Não sabes a resposta? Toca na conta para a veres.;ਜਵਾਬ ਨਹੀਂ ਪਤਾ? ਵੇਖਣ ਲਈ ਸਵਾਲ 'ਤੇ ਟੈਪ ਕਰੋ।;Nu știi răspunsul? Atinge exercițiul ca să-l vezi.;Не знаешь ответ? Нажми на пример, чтобы увидеть его.;Ne znaš odgovor? Dodirni zadatak da ga vidiš.;පිළිතුර දන්නේ නැද්ද? බලන්න ගණන තට්ටු කරන්න.;Nevieš odpoveď? Ťukni na príklad a zobrazí sa.;Ne poznaš odgovora? Tapni nalogo, da ga vidiš.;¿No sabes la respuesta? Toca la operación para verla.;Hujui jibu? Gusa swali ili kuliona.;පිළිතුර දන්නේ නැද්ද? බලන්න ගණන තට්ටු කරන්න.;விடை தெரியவில்லையா? கணக்கைத் தட்டிப் பார்.;ไม่รู้คำตอบเหรอ? แตะโจทย์เพื่อดูคำตอบ;ལན་མི་ཤེས་སམ། ལན་མཐོང་བར་རྩིས་ལ་རེག;Nevíš odpověď? Klepni na příklad a zobrazí se.;Cevabı bilmiyor musun? Görmek için soruya dokun.;جواب نہیں معلوم؟ دیکھنے کے لیے سوال پر ٹیپ کریں۔;Không biết đáp án? Chạm vào phép tính để xem.;Ddim yn gwybod yr ateb? Tapia'r cwestiwn i'w weld.;Не ведаеш адказ? Націсні на прыклад, каб убачыць яго.;Awuyazi impendulo? Thepha umbuzo ukuze uyibone.;Vet du inte svaret? Tryck på talet för att se det.
tutorial.complete;;In-app text. English is 63 characters. Try to stay close to that.;Well done! The tutorial is complete. Now go for the high score!;Goed gedaan! De tutorial is afgerond. Ga nu voor de highscore!;Goed gedoen! Die oefenles is klaar. Mik nou vir die toptelling!;Të lumtë! Udhëzuesi përfundoi. Tani syno rekordin!;ጎበዝ! መማሪያውን ጨርሰሃል። አሁን ከፍተኛ ውጤት አምጣ!;أحسنت! اكتمل الشرح. حاول الآن تحقيق أعلى نتيجة!;Ապրե՛ս։ Ուսուցումն ավարտված է։ Այժմ փորձիր լավագույն հաշիվը հավաքել։;বঢ়িয়া! শিকনি শেষ। এতিয়া সৰ্বোচ্চ স্ক’ৰৰ বাবে খেলা!;Afərin! Təlim bitdi. İndi rekord vur!;Oso ondo! Tutoriala amaitu duzu. Orain, lortu puntuazio onena!;শাবাশ! টিউটোরিয়াল শেষ। এবার সেরা স্কোর করো!;တော်တယ်! သင်ခန်းစာပြီးပြီ။ အခု အမြင့်ဆုံးအမှတ်ရအောင် ကစားပါ!;Bravo! Uputstvo je završeno. Sada obori najbolji rezultat!;Браво! Урокът приключи. Сега подобри рекорда!;Molt bé! Has completat el tutorial. Ara ves a buscar el rècord!;做得好！教程完成了。现在去挑战最高分吧！;Godt klaret! Introduktionen er færdig. Gå nu efter topscoren!;Gut gemacht! Das Tutorial ist geschafft. Jetzt knack die Bestleistung!;Tubli! Õpetus on läbi. Nüüd püüa rekordit!;Væl gjørt! Vegleiðingin er liðug. Far nú eftir metinum!;Hienoa! Opastus on valmis. Tavoittele nyt ennätystä!;Bravo ! Le tutoriel est terminé. Maintenant, vise le meilleur score !;Moi ben! Completaches o tutorial. Agora bate o récord!;ყოჩაღ! სწავლება დასრულდა. ახლა საუკეთესო ქულა მოაგროვე!;Μπράβο! Το μάθημα τελείωσε. Τώρα κυνήγησε το ρεκόρ!;શાબાશ! માર્ગદર્શન પૂરું થયું. હવે ઉચ્ચ સ્કોર બનાવો!;כל הכבוד! סיימתם את ההדרכה. עכשיו נסו לשבור את השיא!;शाबाश! अभ्यास पूरा हुआ। अब सर्वोच्च स्कोर बनाओ!;Ügyes voltál! Az oktatórész véget ért. Most döntsd meg a rekordot!;Maith thú! Tá an rang teagaisc críochnaithe. Anois bain amach an scór is airde!;Vel gert! Kennslunni er lokið. Reyndu nú að slá metið!;Hebat! Tutorial selesai. Sekarang raih skor tertinggi!;Ben fatto! Hai completato il tutorial. Ora prova a fare il record!;よくできました！チュートリアルはおしまい。つぎはハイスコアをめざそう！;ಚೆನ್ನಾಗಿ ಮಾಡಿದೆ! ಪಾಠ ಮುಗಿದಿದೆ. ಈಗ ಅತ್ಯುತ್ತಮ ಅಂಕಕ್ಕಾಗಿ ಆಡು!;Жарайсың! Үйрету аяқталды. Енді үздік ұпайға ұмтыл!;ធ្វើបានល្អ! ការណែនាំបានបញ្ចប់។ ឥឡូវទៅរកពិន្ទុខ្ពស់!;잘했어요! 튜토리얼이 끝났어요. 이제 최고 점수에 도전해요!;Bravo! Upute su završene. Sada pokušaj postići najbolji rezultat!;ເກັ່ງຫຼາຍ! ຮຽນວິທີຫຼິ້ນຈົບແລ້ວ. ໄປລ່າຄະແນນສູງສຸດກັນ!;Labi padarīts! Pamācība pabeigta. Tagad tiecies pēc rekorda!;Šaunu! Pamoka baigta. Dabar siek rekordo!;Браво! Упатството е завршено. Сега постигни најдобар резултат!;Syabas! Tutorial selesai. Sekarang cuba dapatkan skor tertinggi!;വളരെ നന്നായി! പരിശീലനം പൂർത്തിയായി. ഇനി മികച്ച സ്കോർ നേടൂ!;शाब्बास! शिकवणी पूर्ण झाली. आता सर्वोच्च गुण मिळव!;Мундаг! Заавар дууслаа. Одоо дээд онооны төлөө тогло!;स्याबास! सिकाइ पूरा भयो। अब उच्च स्कोर बनाऊ!;Godt gjort! Opplæringen er ferdig. Gå for rekorden!;Молодець! Навчання завершено. Тепер спробуй встановити рекорд!;ବହୁତ ଭଲ! ଟ୍ୟୁଟୋରିଆଲ୍ ସମ୍ପୂର୍ଣ୍ଣ। ଏବେ ସର୍ବୋଚ୍ଚ ସ୍କୋର କର!;يارايسەن! دەرسلىك تامام. ئەمدى ئەڭ يۇقىرى نومۇرغا ئاتلان!;Barakalla! Qo‘llanma tugadi. Endi eng yuqori natijaga intil!;آفرین! آموزش تمام شد. حالا رکورد بزن!;Brawo! Samouczek ukończony. Teraz pobij rekord!;Muito bem! O tutorial terminou. Agora tenta bater o recorde!;ਸ਼ਾਬਾਸ਼! ਸਿਖਲਾਈ ਪੂਰੀ ਹੋਈ। ਹੁਣ ਸਭ ਤੋਂ ਵੱਧ ਸਕੋਰ ਬਣਾਓ!;Bravo! Ai terminat tutorialul. Acum încearcă să bați recordul!;Молодец! Обучение пройдено. Теперь побей рекорд!;Bravo! Vodič je završen. Sada pokušaj da oboriš rekord!;හොඳට කළා! පුහුණු පාඩම ඉවරයි. දැන් ඉහළම ලකුණු ගන්න!;Výborne! Návod je hotový. Teraz skús prekonať najlepšie skóre!;Odlično! Učenje je končano. Zdaj pa po najboljši rezultat!;¡Muy bien! Has terminado el tutorial. ¡Ahora ve a por el récord!;Hongera! Mafunzo yamekamilika. Sasa lenga rekodi bora!;හොඳට කළා! පුහුණු පාඩම ඉවරයි. දැන් ඉහළම ලකුණු ගන්න!;சிறப்பாக செய்தாய்! பயிற்சி முடிந்தது. இப்போது அதிகபட்ச மதிப்பெண்ணை நோக்கி செல்!;เก่งมาก! จบบทสอนแล้ว ไปทำคะแนนสูงสุดกันเลย!;ཡག་པོ་བྱས་སོང་! སློབ་སྟོན་ཚར་སོང་། ད་སྐར་མ་མཐོ་ཤོས་ལ་འགྲན་རྩོད་བྱོས།;Výborně! Návod je hotový. Teď zkus získat nejlepší skóre!;Aferin! Öğretici tamamlandı. Şimdi en yüksek puanı yap!;شاباش! سبق مکمل ہوا۔ اب بہترین اسکور بنائیں!;Giỏi lắm! Bạn đã hoàn thành hướng dẫn. Giờ hãy lập điểm cao nhé!;Da iawn! Mae'r tiwtorial wedi'i gwblhau. Nawr dos am y sgôr uchaf!;Малайчына! Навучанне завершана. Цяпер паспрабуй паставіць рэкорд!;Wenze kahle! Isifundo sesiphelile. Manje zama ukuthola irekhodi eliphezulu!;Bra jobbat! Guiden är klar. Försök nu slå rekordet!
tutorial.correctAnswer;;In-app text. English is 47 characters. Try to stay close to that.;Jump on the correct answer to collect a trophy.;Spring op het goede antwoord om een trofee te verzamelen.;Spring op die regte antwoord om ’n trofee te kry.;Hidhu mbi përgjigjen e saktë për të marrë një trofe.;ዋንጫ ለመሰብሰብ ትክክለኛው መልስ ላይ ዝለል።;اقفز على الإجابة الصحيحة لجمع كأس.;Ցատկիր ճիշտ պատասխանի վրա՝ գավաթ վերցնելու համար։;ট্ৰফী পাবলৈ সঠিক উত্তৰৰ ওপৰত জঁপিওৱা।;Kubok toplamaq üçün düzgün cavabın üstünə tullan.;Jauzi erantzun zuzenaren gainera garaikur bat hartzeko.;ট্রফি নিতে সঠিক উত্তরের ওপর লাফ দাও।;ဆုဖလားရဖို့ အဖြေမှန်ပေါ် ခုန်ပါ။;Skoči na tačan odgovor i osvoji trofej.;Скочи върху верния отговор, за да вземеш трофей.;Salta sobre la resposta correcta per recollir un trofeu.;跳到正确答案上，收集一个奖杯。;Hop på det rigtige svar for at få en pokal.;Spring auf die richtige Antwort, um einen Pokal zu sammeln.;Karika kogumiseks hüppa õigele vastusele.;Leyp á rætta svarið fyri at savna eitt steyp.;Hyppää oikean vastauksen päälle ja kerää pokaali.;Saute sur la bonne réponse pour gagner un trophée.;Salta sobre a resposta correcta para coller un trofeo.;თასის ასაღებად სწორ პასუხზე ახტი.;Πήδα στη σωστή απάντηση για να πάρεις ένα τρόπαιο.;ટ્રોફી લેવા સાચા જવાબ પર કૂદો.;קפצו על התשובה הנכונה כדי לאסוף גביע.;ट्रॉफी पाने के लिए सही उत्तर पर कूदो।;Ugorj a helyes válaszra egy trófeáért.;Léim ar an bhfreagra ceart chun trófaí a bhailiú.;Hoppaðu á rétta svarið til að fá bikar.;Lompat ke jawaban yang benar untuk mengambil trofi.;Salta sulla risposta corretta per prendere un trofeo.;正しい答えにジャンプして、トロフィーをゲットしよう。;ಟ್ರೋಫಿ ಪಡೆಯಲು ಸರಿಯಾದ ಉತ್ತರದ ಮೇಲೆ ಜಿಗಿ.;Жүлде алу үшін дұрыс жауаптың үстіне секір.;លោតលើចម្លើយត្រឹមត្រូវ ដើម្បីប្រមូលពាន។;정답 위로 점프해 트로피를 모아요.;Skoči na točan odgovor i osvoji pehar.;ໂດດໃສ່ຄຳຕອບທີ່ຖືກເພື່ອເກັບຖ້ວຍ.;Uzlec uz pareizās atbildes, lai iegūtu trofeju.;Užšok ant teisingo atsakymo ir gauk trofėjų.;Скокни на точниот одговор за да собереш трофеј.;Lompat pada jawapan betul untuk kutip trofi.;ട്രോഫി നേടാൻ ശരിയായ ഉത്തരത്തിലേക്ക് ചാടൂ.;ट्रॉफी मिळवण्यासाठी योग्य उत्तरावर उडी मार.;Зөв хариулт дээр үсэрч цом ав.;ट्रफी लिन सही उत्तरमाथि उफ्र।;Hopp på riktig svar for å få et trofé.;Стрибни на правильну відповідь і забери трофей.;ଟ୍ରଫି ନେବାକୁ ଠିକ୍ ଉତ୍ତର ଉପରେ ଡେଇଁପଡ଼।;توغرا جاۋابقا سەكرەپ لوڭقا يىغ.;Sovrin olish uchun to‘g‘ri javob ustiga sakra.;روی پاسخ درست بپر تا یک جام بگیری.;Skocz na dobrą odpowiedź, aby zdobyć puchar.;Salta para a resposta certa para apanhar um troféu.;ਟ੍ਰਾਫੀ ਲੈਣ ਲਈ ਸਹੀ ਜਵਾਬ 'ਤੇ ਛਾਲ ਮਾਰੋ।;Sari pe răspunsul corect ca să iei un trofeu.;Прыгни на правильный ответ и получи трофей.;Skoči na tačan odgovor i osvoji trofej.;කුසලානයක් ගන්න නිවැරදි පිළිතුර මතට පනින්න.;Skoč na správnu odpoveď a získaj trofej.;Skoči na pravilen odgovor in poberi pokal.;Salta sobre la respuesta correcta para conseguir un trofeo.;Rukia jibu sahihi upate kikombe.;කුසලානයක් ගන්න නිවැරදි පිළිතුර මතට පනින්න.;கோப்பையைப் பெற சரியான விடையின் மீது குதி.;กระโดดบนคำตอบที่ถูกเพื่อเก็บถ้วยรางวัล;ལན་འགྲིག་པའི་སྟེང་མཆོངས་ནས་བྱ་དགའ་ལོངས།;Skoč na správnou odpověď a získej trofej.;Bir kupa toplamak için doğru cevabın üzerine zıpla.;ٹرافی لینے کے لیے درست جواب پر چھلانگ لگائیں۔;Nhảy lên đáp án đúng để lấy một chiếc cúp.;Neidia ar yr ateb cywir i gasglu tlws.;Скокні на правільны адказ, каб узяць трафей.;Gxumela empendulweni efanele ukuze uthole indebe.;Hoppa på rätt svar för att få en pokal.
tutorial.correctAnswerGreen;;In-app text. English is 69 characters. Try to stay close to that.;The correct answer is shown in green. Now jump on the correct answer.;Het goede antwoord wordt groen aangegeven. Spring nu op het goede antwoord.;Die regte antwoord word groen gewys. Spring nou daarop.;Përgjigjja e saktë shfaqet me të gjelbër. Tani hidhu mbi të.;ትክክለኛው መልስ በአረንጓዴ ታይቷል። አሁን ትክክለኛው መልስ ላይ ዝለል።;تظهر الإجابة الصحيحة بالأخضر. اقفز عليها الآن.;Ճիշտ պատասխանը կանաչ է։ Հիմա ցատկիր ճիշտ պատասխանի վրա։;সঠিক উত্তৰটো সেউজীয়া। এতিয়া তাৰ ওপৰত জঁপিওৱা।;Düzgün cavab yaşıl göstərilir. İndi onun üstünə tullan.;Erantzun zuzena berdez agertzen da. Orain, jauzi erantzun zuzenaren gainera.;সঠিক উত্তর সবুজ দেখানো হয়েছে। এবার তার ওপর লাফ দাও।;အဖြေမှန်ကို အစိမ်းရောင်နဲ့ ပြထားတယ်။ အခု အဖြေမှန်ပေါ် ခုန်ပါ။;Tačan odgovor je zelen. Sada skoči na tačan odgovor.;Верният отговор е зелен. Сега скочи върху него.;La resposta correcta es mostra en verd. Ara salta-hi a sobre.;正确答案会显示为绿色。现在跳到正确答案上。;Det rigtige svar vises med grønt. Hop nu på det rigtige svar.;Die richtige Antwort wird grün angezeigt. Spring jetzt darauf.;Õige vastus on rohelisega. Hüppa nüüd õigele vastusele.;Rætta svarið verður víst grønt. Leyp nú á rætta svarið.;Oikea vastaus näkyy vihreänä. Hyppää nyt oikean vastauksen päälle.;La bonne réponse est affichée en vert. Saute maintenant dessus.;A resposta correcta aparece en verde. Agora salta sobre ela.;სწორი პასუხი მწვანედ ჩანს. ახლა სწორ პასუხზე ახტი.;Η σωστή απάντηση φαίνεται με πράσινο. Τώρα πήδα πάνω της.;સાચો જવાબ લીલો દેખાય છે. હવે સાચા જવાબ પર કૂદો.;התשובה הנכונה מוצגת בירוק. עכשיו קפצו עליה.;सही उत्तर हरे रंग में है। अब सही उत्तर पर कूदो।;A helyes válasz zöld. Most ugorj rá.;Tá an freagra ceart glas. Anois léim ar an bhfreagra ceart.;Rétta svarið er grænt. Hoppaðu nú á rétta svarið.;Jawaban yang benar ditampilkan hijau. Sekarang lompat ke jawaban yang benar.;La risposta corretta è verde. Ora saltaci sopra.;正しい答えが緑色になっているよ。そこにジャンプしよう。;ಸರಿಯಾದ ಉತ್ತರ ಹಸಿರಿನಲ್ಲಿ ಕಾಣುತ್ತದೆ. ಈಗ ಅದರ ಮೇಲೆ ಜಿಗಿ.;Дұрыс жауап жасыл түспен көрсетілді. Енді соның үстіне секір.;ចម្លើយត្រឹមត្រូវបង្ហាញជាពណ៌បៃតង។ ឥឡូវលោតលើចម្លើយត្រឹមត្រូវ។;정답이 초록색으로 보여요. 이제 정답 위로 점프해요.;Točan odgovor je zelen. Sada skoči na njega.;ຄຳຕອບທີ່ຖືກເປັນສີຂຽວ. ຕອນນີ້ໂດດໃສ່ຄຳຕອບທີ່ຖືກ.;Pareizā atbilde ir zaļa. Tagad uzlec uz pareizās atbildes.;Teisingas atsakymas rodomas žaliai. Dabar užšok ant jo.;Точниот одговор е зелен. Сега скокни на него.;Jawapan betul ditunjukkan hijau. Sekarang lompat pada jawapan betul.;ശരിയായ ഉത്തരം പച്ചയായി കാണിക്കുന്നു. ഇപ്പോൾ അതിലേക്കു ചാടൂ.;योग्य उत्तर हिरवे दिसते. आता त्यावर उडी मार.;Зөв хариултыг ногооноор харууллаа. Одоо зөв хариулт дээр үсэр.;सही उत्तर हरियो देखिन्छ। अब सही उत्तरमाथि उफ्र।;Riktig svar vises med grønt. Hopp nå på riktig svar.;Правильну відповідь показано зеленим. Тепер стрибни на неї.;ଠିକ୍ ଉତ୍ତର ସବୁଜ ରଙ୍ଗରେ ଦେଖାଯାଇଛି। ଏବେ ଠିକ୍ ଉତ୍ତର ଉପରେ ଡେଇଁପଡ଼।;توغرا جاۋاب يېشىل كۆرسىتىلدى. ئەمدى توغرا جاۋابقا سەكرە.;To‘g‘ri javob yashil ko‘rsatilgan. Endi uning ustiga sakra.;پاسخ درست سبز است. حالا روی پاسخ درست بپر.;Dobra odpowiedź jest zielona. Teraz na nią skocz.;A resposta certa aparece a verde. Agora salta para a resposta certa.;ਸਹੀ ਜਵਾਬ ਹਰੇ ਰੰਗ ਵਿੱਚ ਹੈ। ਹੁਣ ਉਸ 'ਤੇ ਛਾਲ ਮਾਰੋ।;Răspunsul corect este verde. Acum sari pe el.;Правильный ответ выделен зелёным. Теперь прыгни на него.;Tačan odgovor je zelen. Sada skoči na njega.;නිවැරදි පිළිතුර කොළ පාටින් පෙන්වයි. දැන් එය මතට පනින්න.;Správna odpoveď je zelená. Teraz na ňu skoč.;Pravilen odgovor je prikazan zeleno. Zdaj skoči nanj.;La respuesta correcta aparece en verde. Ahora salta sobre ella.;Jibu sahihi linaonyeshwa kwa kijani. Sasa rukia jibu sahihi.;නිවැරදි පිළිතුර කොළ පාටින් පෙන්වයි. දැන් එය මතට පනින්න.;சரியான விடை பச்சை நிறத்தில் காட்டப்படுகிறது. இப்போது அதன்மீது குதி.;คำตอบที่ถูกจะแสดงเป็นสีเขียว ตอนนี้กระโดดบนคำตอบที่ถูก;ལན་འགྲིག་པ་ལྗང་ཁུས་མཚོན་ཡོད། ད་ལན་འགྲིག་པའི་སྟེང་མཆོངས།;Správná odpověď je zelená. Teď na ni skoč.;Doğru cevap yeşil gösteriliyor. Şimdi doğru cevabın üzerine zıpla.;درست جواب سبز ہے۔ اب اس پر چھلانگ لگائیں۔;Đáp án đúng được tô xanh. Giờ hãy nhảy lên đáp án đúng.;Mae'r ateb cywir yn wyrdd. Nawr neidia ar yr ateb cywir.;Правільны адказ паказаны зялёным. Цяпер скокні на яго.;Impendulo efanele iboniswa ngokuluhlaza. Manje gxumela empendulweni efanele.;Rätt svar visas i grönt. Hoppa nu på rätt svar.
tutorial.doubler.answer;;In-app text. English is 58 characters. Try to stay close to that.;Now jump on the correct answer to collect triple trophies.;Spring nu op het goede antwoord om drie keer zoveel trofeeën te verzamelen.;Spring nou op die regte antwoord om drie keer soveel trofeë te kry.;Tani hidhu mbi përgjigjen e saktë për të marrë trefish trofe.;ሦስት እጥፍ ዋንጫ ለማግኘት አሁን ትክክለኛው መልስ ላይ ዝለል።;اقفز الآن على الإجابة الصحيحة لتحصل على ثلاثة أضعاف الكؤوس.;Հիմա ցատկիր ճիշտ պատասխանի վրա՝ եռակի գավաթներ ստանալու համար։;তিনিগুণ ট্ৰফী পাবলৈ এতিয়া সঠিক উত্তৰৰ ওপৰত জঁপিওৱা।;Üçqat kubok toplamaq üçün düzgün cavabın üstünə tullan.;Orain, jauzi erantzun zuzenaren gainera hirukoitza garaikur lortzeko.;তিন গুণ ট্রফি পেতে এবার সঠিক উত্তরের ওপর লাফ দাও।;ဆုဖလား သုံးဆရဖို့ အဖြေမှန်ပေါ် ခုန်ပါ။;Sada skoči na tačan odgovor i osvoji tri puta više trofeja.;Сега скочи върху верния отговор, за да вземеш тройни трофеи.;Ara salta sobre la resposta correcta per guanyar el triple de trofeus.;现在跳到正确答案上，一次收集三倍奖杯。;Hop nu på det rigtige svar for at få tre gange så mange pokaler.;Spring jetzt auf die richtige Antwort und sammle dreifache Pokale.;Kolmekordsete karikate saamiseks hüppa nüüd õigele vastusele.;Leyp nú á rætta svarið fyri at vinna trýfalt so nógv steyp.;Hyppää nyt oikean vastauksen päälle ja kerää kolminkertaiset pokaalit.;Saute maintenant sur la bonne réponse pour gagner trois fois plus de trophées.;Agora salta sobre a resposta correcta para gañar o triplo de trofeos.;ახლა სწორ პასუხზე ახტი და სამმაგი თასები მიიღე.;Τώρα πήδα στη σωστή απάντηση για να πάρεις τριπλά τρόπαια.;ત્રણગણી ટ્રોફી મેળવવા હવે સાચા જવાબ પર કૂદો.;עכשיו קפצו על התשובה הנכונה כדי לקבל פי שלושה גביעים.;तीन गुना ट्रॉफी पाने के लिए सही उत्तर पर कूदो।;Most ugorj a helyes válaszra háromszoros trófeákért.;Anois léim ar an bhfreagra ceart chun trí oiread trófaithe a bhailiú.;Hoppaðu nú á rétta svarið til að fá þrefalt fleiri bikara.;Sekarang lompat ke jawaban yang benar untuk mendapat trofi tiga kali lipat.;Ora salta sulla risposta corretta per ottenere trofei tripli.;正しい答えにジャンプして、トロフィーを3倍ゲットしよう。;ಮೂರು ಪಟ್ಟು ಟ್ರೋಫಿಗಳಿಗೆ ಸರಿಯಾದ ಉತ್ತರದ ಮೇಲೆ ಈಗ ಜಿಗಿ.;Үш есе жүлде алу үшін дұрыс жауаптың үстіне секір.;ឥឡូវលោតលើចម្លើយត្រឹមត្រូវ ដើម្បីទទួលបានពានបីដង។;이제 정답 위로 점프해 트로피를 3배로 받아요.;Sada skoči na točan odgovor i osvoji trostruko više pehara.;ຕອນນີ້ໂດດໃສ່ຄຳຕອບທີ່ຖືກເພື່ອໄດ້ຖ້ວຍສາມເທົ່າ.;Tagad uzlec uz pareizās atbildes, lai iegūtu trīsreiz vairāk trofeju.;Dabar užšok ant teisingo atsakymo ir gauk trigubai daugiau trofėjų.;Сега скокни на точниот одговор за да собереш тројно повеќе трофеи.;Sekarang lompat pada jawapan betul untuk dapat trofi tiga kali ganda.;മൂന്നിരട്ടി ട്രോഫികൾ നേടാൻ ശരിയായ ഉത്തരത്തിലേക്ക് ചാടൂ.;तिप्पट ट्रॉफी मिळवण्यासाठी आता योग्य उत्तरावर उडी मार.;Зөв хариулт дээр үсэрч, гурав дахин олон цом ав.;तीन गुणा ट्रफी लिन सही उत्तरमाथि उफ्र।;Hopp nå på riktig svar for å få tre ganger så mange trofeer.;Стрибни на правильну відповідь і отримай утричі більше трофеїв.;ତିନିଗୁଣ ଟ୍ରଫି ନେବାକୁ ଏବେ ଠିକ୍ ଉତ୍ତର ଉପରେ ଡେଇଁପଡ଼।;توغرا جاۋابقا سەكرەپ ئۈچ ھەسسە لوڭقا يىغ.;Uch karra sovrin olish uchun to‘g‘ri javob ustiga sakra.;حالا روی پاسخ درست بپر تا سه برابر جام بگیری.;Skocz na dobrą odpowiedź, aby zdobyć trzy razy więcej pucharów.;Agora salta para a resposta certa para ganhar três vezes mais troféus.;ਤਿੰਨ ਗੁਣਾ ਟ੍ਰਾਫੀਆਂ ਲਈ ਹੁਣ ਸਹੀ ਜਵਾਬ 'ਤੇ ਛਾਲ ਮਾਰੋ।;Acum sari pe răspunsul corect ca să câștigi de trei ori mai multe trofee.;Прыгни на правильный ответ и получи втрое больше трофеев.;Sada skoči na tačan odgovor i osvoji tri puta više trofeja.;තුන් ගුණයක කුසලාන ගන්න නිවැරදි පිළිතුර මතට පනින්න.;Teraz skoč na správnu odpoveď a získaj trojnásobok trofejí.;Zdaj skoči na pravilen odgovor in osvoji trikrat več pokalov.;Ahora salta sobre la respuesta correcta para conseguir el triple de trofeos.;Sasa rukia jibu sahihi upate vikombe mara tatu.;තුන් ගුණයක කුසලාන ගන්න නිවැරදි පිළිතුර මතට පනින්න.;மூன்று மடங்கு கோப்பைகள் பெற சரியான விடையின் மீது குதி.;กระโดดบนคำตอบที่ถูกเพื่อรับถ้วยรางวัลสามเท่า;ད་ལན་འགྲིག་པའི་སྟེང་མཆོངས་ནས་བྱ་དགའ་ལྡབ་གསུམ་ལོངས།;Teď skoč na správnou odpověď a získej trojnásobek trofejí.;Üç kat kupa toplamak için şimdi doğru cevabın üzerine zıpla.;تین گنا ٹرافیاں لینے کے لیے درست جواب پر چھلانگ لگائیں۔;Giờ hãy nhảy lên đáp án đúng để nhận gấp ba cúp.;Nawr neidia ar yr ateb cywir i gasglu tair gwaith y tlysau.;Цяпер скокні на правільны адказ, каб атрымаць утрая больш трафеяў.;Manje gxumela empendulweni efanele ukuze uthole izindebe eziphindwe kathathu.;Hoppa nu på rätt svar för att få tre gånger fler pokaler.
tutorial.doubler.collect;;In-app text. English is 49 characters. Try to stay close to that.;Collect the ×3 coin to earn triple trophies once.;Pak de ×3-munt om eenmalig drie keer zoveel trofeeën te krijgen.;Kry die ×3-munt om een keer drie keer soveel trofeë te verdien.;Merr monedhën ×3 për të fituar trefish trofe një herë.;አንድ ጊዜ ሦስት እጥፍ ዋንጫ ለማግኘት የ×3 ሳንቲምን ውሰድ።;اجمع عملة ×3 لتحصل مرة واحدة على ثلاثة أضعاف الكؤوس.;Վերցրու ×3 մետաղադրամը՝ մեկ անգամ եռակի գավաթներ ստանալու համար։;এবাৰ তিনিগুণ ট্ৰফী পাবলৈ ×3 মুদ্ৰাটো লোৱা।;Bir dəfə üçqat kubok qazanmaq üçün ×3 sikkəsini götür.;Hartu ×3 txanpona behin garaikur hirukoitzak lortzeko.;একবার তিন গুণ ট্রফি পেতে ×3 কয়েনটি নাও।;တစ်ကြိမ် ဆုဖလားသုံးဆရဖို့ ×3 ဒင်္ဂါးကို ယူပါ။;Pokupi novčić ×3 da jednom osvojiš tri puta više trofeja.;Вземи монетата ×3, за да получиш веднъж тройни трофеи.;Recull la moneda ×3 per guanyar el triple de trofeus una vegada.;收集 ×3 金币，这一次可获得三倍奖杯。;Saml ×3-mønten for én gang at få tre gange så mange pokaler.;Sammle die ×3-Münze, um einmal dreifache Pokale zu bekommen.;Võta ×3 münt, et saada ühe korra kolm korda rohkem karikaid.;Tak ×3-myntina fyri at vinna trýfalt so nógv steyp eina ferð.;Kerää ×3-kolikko ja saat kerran kolminkertaiset pokaalit.;Attrape la pièce ×3 pour gagner une fois trois fois plus de trophées.;Colle a moeda ×3 para gañar o triplo de trofeos unha vez.;აიღე ×3 მონეტა, რომ ერთხელ სამმაგი თასები მიიღო.;Πάρε το νόμισμα ×3 για να κερδίσεις μία φορά τριπλά τρόπαια.;એક વાર ત્રણગણી ટ્રોફી માટે ×3 સિક્કો લો.;אספו את מטבע ה־×3 כדי לקבל פעם אחת פי שלושה גביעים.;एक बार तीन गुना ट्रॉफी पाने के लिए ×3 सिक्का लो।;Szerezd meg a ×3 érmét, hogy egyszer háromszoros trófeát kapj.;Bailigh an bonn ×3 chun trí oiread trófaithe a fháil uair amháin.;Taktu ×3-peninginn til að fá þrefalt fleiri bikara einu sinni.;Ambil koin ×3 untuk sekali mendapat trofi tiga kali lipat.;Prendi la moneta ×3 per ottenere trofei tripli una volta.;×3コインをとると、1回だけトロフィーが3倍になるよ。;ಒಮ್ಮೆ ಮೂರು ಪಟ್ಟು ಟ್ರೋಫಿ ಪಡೆಯಲು ×3 ನಾಣ್ಯವನ್ನು ಹಿಡಿ.;Бір рет үш есе жүлде алу үшін ×3 тиынын жина.;ប្រមូលកាក់ ×3 ដើម្បីទទួលបានពានបីដងម្តង។;×3 코인을 모으면 한 번 트로피를 3배로 받아요.;Pokupi novčić ×3 i jednom osvoji trostruko više pehara.;ເກັບຫຼຽນ ×3 ເພື່ອໄດ້ຖ້ວຍສາມເທົ່າໜຶ່ງຄັ້ງ.;Paņem ×3 monētu, lai vienreiz iegūtu trīsreiz vairāk trofeju.;Surink ×3 monetą ir vieną kartą gauk trigubai daugiau trofėjų.;Собери ја паричката ×3 за еднаш да добиеш тројно повеќе трофеи.;Kutip syiling ×3 untuk dapat trofi tiga kali ganda sekali.;ഒരിക്കൽ മൂന്നിരട്ടി ട്രോഫികൾ നേടാൻ ×3 നാണയം എടുക്കൂ.;एकदा तिप्पट ट्रॉफी मिळवण्यासाठी ×3 नाणे घे.;×3 зоосыг авч, нэг удаа гурав дахин олон цом ав.;एकपटक तीन गुणा ट्रफी पाउन ×3 सिक्का टिप।;Ta ×3-mynten for å få tre ganger så mange trofeer én gang.;Збери монету ×3, щоб один раз отримати втричі більше трофеїв.;ଥରେ ତିନିଗୁଣ ଟ୍ରଫି ପାଇବାକୁ ×3 କଏନ୍ ନିଅ।;×3 تەڭگىسىنى ئېلىپ، بىر قېتىم ئۈچ ھەسسە لوڭقا ئال.;Bir marta uch karra sovrin olish uchun ×3 tangani ol.;سکهٔ ×3 را بگیر تا یک‌بار سه برابر جام بگیری.;Zbierz monetę ×3, aby raz zdobyć trzy razy więcej pucharów.;Apanha a moeda ×3 para ganhares uma vez três vezes mais troféus.;ਇੱਕ ਵਾਰ ਤਿੰਨ ਗੁਣਾ ਟ੍ਰਾਫੀਆਂ ਲਈ ×3 ਸਿੱਕਾ ਲਵੋ।;Ia moneda ×3 ca să câștigi o dată de trei ori mai multe trofee.;Собери монету ×3, чтобы один раз получить втрое больше трофеев.;Pokupi novčić ×3 da jednom osvojiš tri puta više trofeja.;එක් වරක් තුන් ගුණයක කුසලාන ගන්න ×3 කාසිය අරගන්න.;Zober mincu ×3 a raz získaj trojnásobok trofejí.;Poberi kovanec ×3 in enkrat osvoji trikrat več pokalov.;Recoge la moneda ×3 para conseguir el triple de trofeos una vez.;Chukua sarafu ya ×3 upate vikombe mara tatu kwa mara moja.;එක් වරක් තුන් ගුණයක කුසලාන ගන්න ×3 කාසිය අරගන්න.;ஒருமுறை மூன்று மடங்கு கோப்பைகள் பெற ×3 நாணயத்தை எடு.;เก็บเหรียญ ×3 เพื่อรับถ้วยรางวัลสามเท่าหนึ่งครั้ง;×3 ཊམ་ཀ་ལོངས་ནས་ཐེངས་གཅིག་བྱ་དགའ་ལྡབ་གསུམ་ཐོབ།;Seber minci ×3 a jednou získej trojnásobek trofejí.;Bir kez üç kat kupa kazanmak için ×3 jetonunu al.;ایک بار تین گنا ٹرافیوں کے لیے ×3 سکہ لیں۔;Nhặt đồng xu ×3 để nhận gấp ba cúp một lần.;Casgla'r darn ×3 i ennill tair gwaith y tlysau unwaith.;Вазьмі манету ×3, каб адзін раз атрымаць утрая больш трафеяў.;Qoqa uhlamvu lwemali lwe-×3 ukuze uthole izindebe eziphindwe kathathu kanye.;Ta ×3-myntet för att få tre gånger fler pokaler en gång.
tutorial.lifePickup;;In-app text. English is 58 characters. Try to stay close to that.;You can find half a life or a full life to get lives back.;Je kunt een half of een heel leven vinden om levens terug te krijgen.;Jy kan ’n halwe of volle lewe kry om lewens terug te wen.;Mund të gjesh gjysmë jete ose një jetë të plotë për të rifituar jetë.;ሕይወቶችን ለመመለስ ግማሽ ወይም ሙሉ ሕይወት ማግኘት ትችላለህ።;يمكنك العثور على نصف حياة أو حياة كاملة لاستعادة حيواتك.;Կարող ես գտնել կես կամ մեկ ամբողջ կյանք՝ կյանքերդ վերականգնելու համար։;জীৱন ঘূৰাই পাবলৈ আধা বা এটা পূৰ্ণ জীৱন বিচাৰি পাবা।;Canlarını qaytarmaq üçün yarım və ya tam can tapa bilərsən.;Bizitza erdia edo bizitza osoa aurki dezakezu bizitzak berreskuratzeko.;জীবন ফেরত পেতে অর্ধেক বা একটি পুরো জীবন খুঁজে পেতে পারো।;အသက်ပြန်ရဖို့ အသက်တစ်ဝက် သို့မဟုတ် အသက်တစ်ခုလုံးကို ရှာနိုင်တယ်။;Možeš pronaći pola života ili cijeli život i vratiti živote.;Можеш да намериш половин или цял живот, за да си върнеш животи.;Pots trobar mitja vida o una vida sencera per recuperar vides.;你可能找到半条或一整条生命，补回生命。;Du kan finde et halvt eller et helt liv og få liv tilbage.;Du kannst ein halbes oder ein ganzes Leben finden und Leben zurückbekommen.;Elude taastamiseks võid leida pool elu või terve elu.;Tú kanst finna eitt hálvt ella heilt lív og fáa lív aftur.;Voit löytää puolikkaan tai kokonaisen elämän ja saada elämiä takaisin.;Tu peux trouver une demi-vie ou une vie entière pour récupérer des vies.;Podes atopar media vida ou unha vida enteira para recuperar vidas.;სიცოცხლეების დასაბრუნებლად შეგიძლია ნახევარი ან მთელი სიცოცხლე იპოვო.;Μπορείς να βρεις μισή ή ολόκληρη ζωή για να πάρεις πίσω ζωές.;જીવન પાછાં મેળવવા અડધું કે પૂરું જીવન મળી શકે.;אפשר למצוא חצי חיים או חיים שלמים כדי להחזיר חיים.;जीवन वापस पाने के लिए आधा या पूरा जीवन मिल सकता है।;Találhatsz fél vagy egész életet, hogy visszakapj életeket.;Is féidir leat leathbheatha nó beatha iomlán a aimsiú chun beathaí a fháil ar ais.;Þú getur fundið hálft eða heilt líf til að fá líf aftur.;Kamu bisa menemukan setengah atau satu nyawa penuh untuk mendapat nyawa kembali.;Puoi trovare mezza vita o una vita intera per recuperare vite.;半分のライフや1このライフを見つけると、ライフがもどるよ。;ಜೀವಗಳನ್ನು ಮರಳಿ ಪಡೆಯಲು ಅರ್ಧ ಜೀವ ಅಥವಾ ಪೂರ್ಣ ಜೀವ ಸಿಗಬಹುದು.;Жандарыңды қайтару үшін жарты немесе толық жан таба аласың.;អ្នកអាចរកឃើញជីវិតកន្លះ ឬមួយពេញ ដើម្បីយកជីវិតមកវិញ។;반쪽 목숨이나 온전한 목숨을 찾아 목숨을 되찾을 수 있어요.;Možeš pronaći pola ili cijeli život i vratiti izgubljene živote.;ເຈົ້າອາດພົບເຄິ່ງຊີວິດ ຫຼື ໜຶ່ງຊີວິດເພື່ອເພີ່ມຊີວິດຄືນ.;Vari atrast pusi dzīvības vai veselu dzīvību, lai tās atgūtu.;Gali rasti pusę arba visą gyvybę ir susigrąžinti gyvybių.;Можеш да најдеш половина или цел живот за да си вратиш животи.;Kamu boleh jumpa separuh nyawa atau satu nyawa penuh untuk dapatkan nyawa semula.;ജീവനുകൾ തിരികെ നേടാൻ അരജീവനോ മുഴുവൻ ജീവനോ കണ്ടെത്താം.;जीव परत मिळवण्यासाठी अर्धा किंवा पूर्ण जीव शोध.;Хагас эсвэл бүтэн амь олж, амь нөхөж болно.;जीवन फिर्ता पाउन आधा वा पूरा जीवन भेट्न सक्छौ।;Du kan finne et halvt eller helt liv for å få tilbake liv.;Можна знайти половину або ціле життя й повернути собі життя.;ଜୀବନ ଫେରାଇବାକୁ ଅଧା କିମ୍ବା ପୂରା ଜୀବନ ମିଳିପାରେ।;يېرىم جان ياكى بىر پۈتۈن جان تېپىپ، جانلىرىڭنى قايتۇرالايسەن.;Jonlarni qaytarish uchun yarim yoki butun jon topishing mumkin.;می‌توانی نیم‌جان یا یک جان کامل پیدا کنی و جان پس بگیری.;Możesz znaleźć pół życia lub całe życie i odzyskać życia.;Podes encontrar meia vida ou uma vida inteira para recuperar vidas.;ਜਾਨਾਂ ਵਾਪਸ ਲੈਣ ਲਈ ਅੱਧੀ ਜਾਂ ਪੂਰੀ ਜਾਨ ਲੱਭ ਸਕਦੇ ਹੋ।;Poți găsi o jumătate de viață sau o viață întreagă ca să-ți refaci viețile.;Можно найти половинку или целую жизнь и вернуть жизни.;Možeš da nađeš pola ili ceo život i vratiš živote.;ජීවිත නැවත ගන්න අර්ධ ජීවිතයක් හෝ පූර්ණ ජීවිතයක් සොයාගත හැක.;Môžeš nájsť polovicu alebo celý život a doplniť si životy.;Najdeš lahko polovico ali celo življenje in tako dobiš življenja nazaj.;Puedes encontrar media vida o una vida entera para recuperar vidas.;Unaweza kupata nusu ya maisha au maisha kamili ili kurejesha maisha.;ජීවිත නැවත ගන්න අර්ධ ජීවිතයක් හෝ පූර්ණ ජීවිතයක් සොයාගත හැක.;உயிர்களை மீட்க அரை உயிரையோ முழு உயிரையோ காணலாம்.;หาได้ทั้งครึ่งชีวิตและหนึ่งชีวิตเพื่อเพิ่มชีวิตกลับมา;སྲོག་ཕྱེད་ཀའམ་སྲོག་གཅིག་རྙེད་ནས་སྲོག་ཕྱིར་ལེན་ཐུབ།;Můžeš najít půl života nebo celý život a doplnit si životy.;Canlarını geri kazanmak için yarım veya tam can bulabilirsin.;جانیں واپس لینے کے لیے آدھی یا پوری جان مل سکتی ہے۔;Bạn có thể tìm nửa mạng hoặc một mạng để lấy lại mạng.;Gelli di ddod o hyd i hanner bywyd neu fywyd cyfan i gael bywydau'n ôl.;Можна знайсці палову або цэлае жыццё і вярнуць жыцці.;Ungathola uhhafu wempilo noma impilo ephelele ukuze ubuyise izimpilo.;Du kan hitta ett halvt eller helt liv och få tillbaka liv.
tutorial.minusOne;;In-app text. English is 38 characters. Try to stay close to that.;Avoid the −1. It costs you one trophy.;Vermijd de −1. Deze kost je één trofee.;Vermy die −1. Dit kos jou een trofee.;Shmang −1. Të kushton një trofe.;−1ን ራቅ። አንድ ዋንጫ ያሳጣሃል።;تجنب −1. ستخسر بسببه كأسًا واحدًا.;Խուսափիր −1-ից։ Այն քեզնից մեկ գավաթ է վերցնում։;−1 এৰাই চলা। ই এটা ট্ৰফী কমায়।;−1-dən uzaq dur. O, bir kubokunu aparır.;Saihestu −1. Garaikur bat kentzen dizu.;−1 এড়িয়ে চলো। এতে একটি ট্রফি যাবে।;−1 ကို ရှောင်ပါ။ ဆုဖလားတစ်ခု လျော့မယ်။;Izbjegni −1. Košta te jednog trofeja.;Избягвай −1. То ти отнема един трофей.;Evita el −1. Et costa un trofeu.;避开 −1，它会让你失去一个奖杯。;Undgå −1. Den koster dig én pokal.;Weiche der −1 aus. Sie kostet dich einen Pokal.;Väldi −1. See maksab ühe karika.;Halt teg frá −1. Tað kostar tær eitt steyp.;Vältä −1:tä. Se vie yhden pokaalin.;Évite le −1. Il te coûte un trophée.;Evita o −1. Cústache un trofeo.;მოერიდე −1-ს. ის ერთ თასს გაკლებს.;Απόφυγε το −1. Σου κοστίζει ένα τρόπαιο.;−1 થી બચો. તે એક ટ્રોફી ઘટાડે છે.;היזהרו מ־−1. הוא עולה לכם בגביע אחד.;−1 से बचो। इससे एक ट्रॉफी कम होती है।;Kerüld el a −1-et. Egy trófeádba kerül.;Seachain an −1. Cosnaíonn sé trófaí amháin ort.;Forðastu −1. Það kostar einn bikar.;Hindari −1. Itu mengurangi satu trofi.;Evita il −1. Ti costa un trofeo.;−1をよけよう。トロフィーが1こへるよ。;−1 ಅನ್ನು ತಪ್ಪಿಸು. ಅದು ಒಂದು ಟ್ರೋಫಿ ಕಳೆಯುತ್ತದೆ.;−1-ден қаш. Ол бір жүлдеңді алып қояды.;ជៀសវាង −1។ វាធ្វើឱ្យអ្នកបាត់ពានមួយ។;−1을 피하세요. 트로피 1개를 잃어요.;Izbjegni −1. Oduzima ti jedan pehar.;ຫຼີກ −1. ມັນຈະຫັກ 1 ຖ້ວຍ.;Izvairies no −1. Tas maksā vienu trofeju.;Venk −1. Jis kainuoja vieną trofėjų.;Избегни го −1. Ќе изгубиш еден трофеј.;Elakkan −1. Ia menyebabkan kamu hilang satu trofi.;−1 ഒഴിവാക്കൂ. അത് ഒരു ട്രോഫി നഷ്ടപ്പെടുത്തും.;−1 टाळ. त्यामुळे एक ट्रॉफी कमी होते.;−1-ээс зайлсхий. Нэг цом хасагдана.;−1 बाट बच। यसले एउटा ट्रफी घटाउँछ।;Unngå −1. Den koster deg ett trofé.;Уникай −1. Він забирає один трофей.;−1 ଠାରୁ ଦୂରେ ରୁହ। ଏଥିରେ ଗୋଟିଏ ଟ୍ରଫି କମିଯାଏ।;−1 دىن قاچ. ئۇ بىر لوڭقاڭنى ئالىدۇ.;−1 dan qoch. U bitta sovriningni olib qo‘yadi.;از −1 دوری کن. یک جام از تو کم می‌کند.;Omijaj −1. Kosztuje jeden puchar.;Evita o −1. Custa-te um troféu.;−1 ਤੋਂ ਬਚੋ। ਇਹ ਇੱਕ ਟ੍ਰਾਫੀ ਘਟਾਉਂਦਾ ਹੈ।;Evită −1. Te costă un trofeu.;Избегай −1: он забирает один трофей.;Izbegni −1. Oduzima ti jedan trofej.;−1 එකෙන් වළකින්න. එය කුසලානයක් අඩු කරයි.;Vyhni sa −1. Prídeš o jednu trofej.;Izogni se −1. Vzame ti en pokal.;Evita el −1. Te quita un trofeo.;Epuka −1. Inakugharimu kikombe kimoja.;−1 එකෙන් වළකින්න. එය කුසලානයක් අඩු කරයි.;−1 ஐத் தவிர். அது ஒரு கோப்பையைப் பறிக்கும்.;หลบ −1 เพราะจะเสียถ้วยรางวัลหนึ่งใบ;−1 ལ་གཡོལ། དེས་བྱ་དགའ་གཅིག་འཕྲོག;Vyhni se −1. Přijdeš kvůli ní o jednu trofej.;−1'den kaçın. Bir kupanı götürür.;−1 سے بچیں۔ اس سے ایک ٹرافی کم ہوتی ہے۔;Tránh −1. Nó làm bạn mất một chiếc cúp.;Osgoia'r −1. Mae'n costio un tlws i ti.;Пазбягай −1. Ён забірае адзін трафей.;Gwema u-−1. Ukulahlekisela indebe eyodwa.;Undvik −1. Den kostar en pokal.
tutorial.move;;In-app text. English is 89 characters. Try to stay close to that.;Move your device to go left and right. You can also move through the sides of the screen.;Beweeg je apparaat om naar links en rechts te bewegen. Je kunt ook door de zijkanten van het scherm gaan.;Beweeg jou toestel om links en regs te gaan. Jy kan ook deur die kante van die skerm beweeg.;Lëvize pajisjen për të shkuar majtas e djathtas. Mund të kalosh edhe nga anët e ekranit.;ወደ ግራና ቀኝ ለመሄድ መሣሪያህን አንቀሳቅስ። ከማያው ጎኖች አልፈህም መሄድ ትችላለህ።;حرّك جهازك للذهاب يمينًا ويسارًا. ويمكنك أيضًا العبور من جانبي الشاشة.;Շարժիր սարքդ՝ աջ ու ձախ գնալու համար։ Կարող ես նաև անցնել էկրանի կողքերով։;বাওঁ-সোঁ যাবলৈ ডিভাইচটো লৰোৱা। পৰ্দাৰ কাষেদিও পাৰ হ’ব পাৰা।;Sola və sağa getmək üçün cihazını hərəkət etdir. Ekranın kənarlarından da keçə bilərsən.;Mugitu gailua ezkerrera eta eskuinera joateko. Pantailaren alboetatik ere pasa zaitezke.;বাঁ ও ডানে যেতে ডিভাইস নাড়াও। স্ক্রিনের পাশ দিয়েও চলে যেতে পারো।;ဘယ်ညာသွားဖို့ စက်ကို လှုပ်ပါ။ မျက်နှာပြင်ဘေးကနေလည်း ဖြတ်သွားနိုင်တယ်။;Pomjeraj uređaj da ideš lijevo i desno. Možeš proći i kroz rubove ekrana.;Накланяй устройството наляво и надясно. Можеш да преминаваш и през краищата на екрана.;Mou el dispositiu per anar a esquerra i dreta. També pots travessar els costats de la pantalla.;移动设备来左右移动。也可以从屏幕一侧穿到另一侧。;Bevæg din enhed for at gå til venstre og højre. Du kan også gå gennem skærmens sider.;Bewege dein Gerät, um nach links und rechts zu gehen. Du kannst auch durch die Bildschirmränder laufen.;Liiguta seadet, et minna vasakule ja paremale. Saad liikuda ka läbi ekraani külgede.;Flyt tólið fyri at fara til vinstru og høgru. Tú kanst eisini fara gjøgnum síðurnar á skíggjanum.;Liikuta laitettasi vasemmalle ja oikealle. Voit myös kulkea näytön reunojen kautta.;Bouge ton appareil pour aller à gauche et à droite. Tu peux aussi passer par les côtés de l’écran.;Move o dispositivo para ir á esquerda e á dereita. Tamén podes atravesar os lados da pantalla.;მოწყობილობა ამოძრავე მარცხნივ და მარჯვნივ გადასაადგილებლად. ეკრანის გვერდებიდანაც შეგიძლია გახვიდე.;Κούνησε τη συσκευή σου για να πας αριστερά και δεξιά. Μπορείς επίσης να περνάς από τις άκρες της οθόνης.;ડાબે-જમણે જવા ઉપકરણ હલાવો. તમે સ્ક્રીનની બાજુઓમાંથી પણ પસાર થઈ શકો.;הזיזו את המכשיר כדי לנוע ימינה ושמאלה. אפשר גם לעבור דרך צדי המסך.;बाएँ-दाएँ जाने के लिए डिवाइस हिलाओ। स्क्रीन के किनारों से भी निकल सकते हो।;Mozgasd az eszközöd balra és jobbra. A képernyő szélein át is közlekedhetsz.;Bog do ghléas chun dul ar chlé agus ar dheis. Is féidir leat dul trí thaobhanna an scáileáin freisin.;Hreyfðu tækið til vinstri og hægri. Þú getur líka farið út um aðra hlið skjásins og inn um hina.;Gerakkan perangkatmu untuk bergerak ke kiri dan kanan. Kamu juga bisa melewati sisi layar.;Muovi il dispositivo per andare a sinistra e a destra. Puoi anche attraversare i lati dello schermo.;端末を動かして左右に進もう。画面の端から反対側へも行けるよ。;ಎಡಬಲ ಹೋಗಲು ಸಾಧನವನ್ನು ಚಲಿಸು. ಪರದೆಯ ಬದಿಗಳ ಮೂಲಕವೂ ಹೋಗಬಹುದು.;Солға және оңға жүру үшін құрылғыңды қозға. Экранның бір шетінен екінші шетіне де өте аласың.;ផ្អៀងឧបករណ៍របស់អ្នក ដើម្បីទៅឆ្វេង និងស្ដាំ។ អ្នកក៏អាចឆ្លងកាត់ជ្រុងអេក្រង់បានដែរ។;기기를 움직여 왼쪽과 오른쪽으로 가요. 화면 양옆을 통과할 수도 있어요.;Pomiči uređaj za kretanje lijevo i desno. Možeš proći i kroz rubove zaslona.;ຂະຍັບອຸປະກອນໄປຊ້າຍ ແລະ ຂວາ. ເຈົ້າຍັງຜ່ານຂອບຈໍໄດ້.;Kustini ierīci, lai pārvietotos pa kreisi un pa labi. Vari arī pāriet caur ekrāna malām.;Judink įrenginį į kairę ir dešinę. Gali pereiti ir per ekrano kraštus.;Движи го уредот за да одиш лево и десно. Можеш да поминуваш и низ страните на екранот.;Gerakkan peranti ke kiri dan kanan. Kamu juga boleh bergerak melalui sisi skrin.;ഇടത്തോട്ടും വലത്തോട്ടും പോകാൻ ഉപകരണം നീക്കൂ. സ്ക്രീന്റെ വശങ്ങളിലൂടെയും കടക്കാം.;डावीकडे-उजवीकडे जाण्यासाठी डिव्हाइस हलव. स्क्रीनच्या बाजूंमधूनही जाऊ शकतोस.;Төхөөрөмжөө хөдөлгөж баруун, зүүн тийш яв. Дэлгэцийн хажуугаар нэвт гарч болно.;बायाँ-दायाँ जान आफ्नो उपकरण हल्लाऊ। स्क्रिनको छेउबाट पनि पार जान सक्छौ।;Beveg enheten mot venstre og høyre. Du kan også gå gjennom sidene av skjermen.;Нахиляй пристрій, щоб рухатися ліворуч і праворуч. Також можна переходити крізь краї екрана.;ବାମ ଓ ଡାହାଣକୁ ଯିବା ପାଇଁ ଡିଭାଇସ୍‌କୁ ହଲାଅ। ସ୍କ୍ରିନ୍‌ର ଦୁଇ ପାର୍ଶ୍ୱ ଦେଇ ମଧ୍ୟ ଯାଇପାରିବ।;ئۈسكۈنىڭنى ھەرىكەتلەندۈرۈپ سولغا ۋە ئوڭغا ماڭ. ئېكراننىڭ يانلىرىدىنمۇ ئۆتەلەيسەن.;Chapga va o‘ngga yurish uchun qurilmangni qimirlat. Ekranning chetlaridan ham o‘tishing mumkin.;دستگاهت را حرکت بده تا چپ و راست بروی. از کناره‌های صفحه هم می‌توانی رد شوی.;Poruszaj urządzeniem, aby iść w lewo lub w prawo. Możesz też przechodzić przez boki ekranu.;Move o dispositivo para ires para a esquerda e para a direita. Também podes passar pelos lados do ecrã.;ਖੱਬੇ-ਸੱਜੇ ਜਾਣ ਲਈ ਆਪਣਾ ਡਿਵਾਈਸ ਹਿਲਾਓ। ਤੁਸੀਂ ਸਕ੍ਰੀਨ ਦੇ ਪਾਸਿਆਂ ਰਾਹੀਂ ਵੀ ਲੰਘ ਸਕਦੇ ਹੋ।;Mișcă dispozitivul spre stânga și dreapta. Poți trece și prin marginile ecranului.;Наклоняй устройство, чтобы двигаться влево и вправо. Можно также проходить через края экрана.;Pomeraj uređaj da ideš levo i desno. Možeš da prođeš i kroz ivice ekrana.;වමට හා දකුණට යන්න උපාංගය හලවන්න. තිරයේ පැති හරහාත් යන්න පුළුවන්.;Nakláňaj zariadenie doľava a doprava. Môžeš prejsť aj cez okraje obrazovky.;Premikaj napravo, da greš levo in desno. Premikaš se lahko tudi skozi robova zaslona.;Mueve el dispositivo para ir a izquierda y derecha. También puedes atravesar los lados de la pantalla.;Sogeza kifaa chako kwenda kushoto na kulia. Unaweza pia kupita kwenye pande za skrini.;වමට හා දකුණට යන්න උපාංගය හලවන්න. තිරයේ පැති හරහාත් යන්න පුළුවන්.;இடப்புறமும் வலப்புறமும் செல்ல சாதனத்தை அசை. திரையின் ஓரங்கள் வழியாகவும் செல்லலாம்.;ขยับอุปกรณ์เพื่อไปทางซ้ายและขวา และยังทะลุขอบจอไปอีกฝั่งได้;གཡོན་དང་གཡས་སུ་འགྲོ་བར་ཁྱེད་ཀྱི་ཡོ་བྱད་སྒུལ། བརྙན་ཡོལ་གྱི་ཟུར་ནས་ཀྱང་བརྒྱུད་ཆོག;Nakláněj zařízení doleva a doprava. Můžeš také procházet přes okraje obrazovky.;Sola ve sağa gitmek için cihazını hareket ettir. Ekranın kenarlarından da geçebilirsin.;دائیں بائیں جانے کے لیے آلہ ہلائیں۔ آپ اسکرین کے کناروں سے بھی گزر سکتے ہیں۔;Nghiêng thiết bị để di chuyển sang trái và phải. Bạn cũng có thể đi xuyên qua hai bên màn hình.;Symuda dy ddyfais i fynd i'r chwith a'r dde. Gelli di hefyd symud drwy ochrau'r sgrin.;Нахіляй прыладу, каб рухацца ўлева і ўправа. Можна таксама праходзіць праз бакі экрана.;Nyakazisa idivayisi yakho ukuze uye kwesokunxele nakwesokudla. Ungaphinde udlule emaceleni esikrini.;Luta enheten för att gå åt vänster och höger. Du kan också gå genom skärmens kanter.
tutorial.platforms;;In-app text. English is 33 characters. Try to stay close to that.;Jump on the platforms to move up.;Spring op de stenen om omhoog te komen.;Spring op die platforms om op te beweeg.;Hidhu mbi platformat për t’u ngjitur.;ወደ ላይ ለመውጣት መድረኮቹ ላይ ዝለል።;اقفز على المنصات لتصعد.;Ցատկիր հարթակների վրա՝ վեր բարձրանալու համար։;ওপৰলৈ যাবলৈ প্লেটফৰ্মত জঁপিওৱা।;Yuxarı qalxmaq üçün platformaların üstünə tullan.;Jauzi plataformen gainera gora egiteko.;ওপরে উঠতে প্ল্যাটফর্মগুলোর ওপর লাফ দাও।;အပေါ်တက်ဖို့ စင်တွေပေါ် ခုန်ပါ။;Skači po platformama da ideš gore.;Скачай по платформите, за да се изкачваш.;Salta sobre les plataformes per pujar.;跳上平台向上移动。;Hop på platformene for at komme opad.;Spring auf die Plattformen, um nach oben zu kommen.;Üles liikumiseks hüppa platvormidele.;Leyp á pallarnar fyri at koma uppeftir.;Hyppää tasanteille päästäksesi ylöspäin.;Saute sur les plateformes pour monter.;Salta sobre as plataformas para subir.;ზემოთ ასასვლელად პლატფორმებზე ახტი.;Πήδα στις πλατφόρμες για να ανέβεις.;ઉપર જવા પ્લેટફોર્મ પર કૂદો.;קפצו על המשטחים כדי לעלות.;ऊपर जाने के लिए प्लेटफ़ॉर्म पर कूदो।;Ugrálj a platformokra, hogy feljebb juss.;Léim ar na hardáin chun dul suas.;Hoppaðu á pallana til að komast upp.;Lompat ke platform untuk naik.;Salta sulle piattaforme per salire.;足場にジャンプして上へ進もう。;ಮೇಲೆ ಹೋಗಲು ವೇದಿಕೆಗಳ ಮೇಲೆ ಜಿಗಿ.;Жоғары көтерілу үшін платформаларға секір.;លោតលើវេទិកា ដើម្បីឡើងលើ។;발판 위로 점프해 위로 올라가요.;Skači po platformama da se popneš.;ໂດດເທິງແທ່ນເພື່ອຂຶ້ນໄປ.;Lec uz platformām, lai tiktu augstāk.;Šokinėk ant platformų, kad kiltum aukštyn.;Скокај по платформите за да се движиш нагоре.;Lompat pada platform untuk naik.;മുകളിലേക്ക് പോകാൻ പ്ലാറ്റ്ഫോമുകളിൽ ചാടൂ.;वर जाण्यासाठी प्लॅटफॉर्मवर उडी मार.;Тавцан дээр үсэрч дээш гар.;माथि जान प्लेटफर्ममाथि उफ्र।;Hopp på plattformene for å komme oppover.;Стрибай по платформах, щоб підніматися.;ଉପରକୁ ଯିବା ପାଇଁ ପ୍ଲାଟଫର୍ମ ଉପରେ ଡେଇଁପଡ଼।;ئۈستىگە چىقىش ئۈچۈن سۇپىلارغا سەكرە.;Yuqoriga chiqish uchun platformalarga sakra.;روی سکوها بپر تا بالا بروی.;Skacz po platformach, aby iść w górę.;Salta nas plataformas para subires.;ਉੱਪਰ ਜਾਣ ਲਈ ਪਲੇਟਫਾਰਮਾਂ 'ਤੇ ਛਾਲ ਮਾਰੋ।;Sari pe platforme ca să urci.;Прыгай по платформам, чтобы подняться выше.;Skači po platformama da se penješ.;ඉහළට යන්න වේදිකා මතට පනින්න.;Skáč na plošiny a dostaň sa vyššie.;Skači po ploščadih, da se pomikaš navzgor.;Salta sobre las plataformas para subir.;Rukia majukwaa ili kwenda juu.;ඉහළට යන්න වේදිකා මතට පනින්න.;மேலே செல்ல மேடைகளின் மீது குதி.;กระโดดบนแท่นเพื่อขึ้นไปด้านบน;ཡར་འགྲོ་བར་སྟེགས་བུའི་སྟེང་མཆོངས།;Skákej po plošinkách nahoru.;Yukarı çıkmak için platformların üzerine zıpla.;اوپر جانے کے لیے پلیٹ فارم پر چھلانگ لگائیں۔;Nhảy lên các bệ để đi lên.;Neidia ar y platfformau i symud i fyny.;Скачы па платформах, каб падымацца ўверх.;Gxumela ezinkundleni ukuze ukhuphuke.;Hoppa på plattformarna för att komma uppåt.
tutorial.scoreHint;;In-app text. English is 40 characters. Try to stay close to that.;Your score for this level is shown here.;Je score voor dit level staat hier;Jou telling vir dié vlak word hier gewys.;Rezultati yt për këtë nivel shfaqet këtu.;የዚህ ደረጃ ውጤትህ እዚህ ይታያል።;تظهر نتيجتك في هذا المستوى هنا.;Այս մակարդակի քո հաշիվը երևում է այստեղ։;এই লেভেলৰ তোমাৰ স্ক’ৰ ইয়াত দেখা যায়।;Bu səviyyədəki xalın burada göstərilir.;Maila honetako zure puntuazioa hemen agertzen da.;এই লেভেলের স্কোর এখানে দেখানো হয়।;ဒီအဆင့်အတွက် မင်းရဲ့အမှတ်ကို ဒီမှာပြထားတယ်။;Ovdje je prikazan tvoj rezultat za ovaj nivo.;Тук се вижда резултатът ти за това ниво.;Aquí es mostra la puntuació d’aquest nivell.;这里会显示你在本关的分数。;Din score for denne bane vises her.;Hier siehst du deinen Punktestand für dieses Level.;Selle taseme tulemus on siin.;Stigatalið hjá tær á hesum stigi sæst her.;Tämän tason pisteesi näkyvät tässä.;Ton score pour ce niveau est affiché ici.;Aquí aparece a túa puntuación deste nivel.;ამ დონის შენი ქულა აქ ჩანს.;Εδώ φαίνεται η βαθμολογία σου για αυτό το επίπεδο.;આ લેવલનો તમારો સ્કોર અહીં દેખાય છે.;הניקוד שלכם בשלב הזה מופיע כאן.;इस स्तर का स्कोर यहाँ दिखता है।;Itt láthatod a pontszámod ezen a szinten.;Taispeántar do scór don leibhéal seo anseo.;Stigin þín á þessu borði sjást hér.;Skormu untuk level ini ditampilkan di sini.;Qui vedi il punteggio di questo livello.;このレベルのスコアはここに出るよ。;ಈ ಹಂತದ ನಿನ್ನ ಅಂಕ ಇಲ್ಲಿ ಕಾಣುತ್ತದೆ.;Осы деңгейдегі ұпайың осында көрсетіледі.;ពិន្ទុរបស់អ្នកសម្រាប់កម្រិតនេះបង្ហាញនៅទីនេះ។;이 레벨의 점수가 여기에 보여요.;Ovdje je prikazan tvoj rezultat za ovu razinu.;ຄະແນນຂອງດ່ານນີ້ຢູ່ບ່ອນນີ້.;Tavs rezultāts šajā līmenī ir redzams šeit.;Čia rodomas tavo šio lygio rezultatas.;Твојот резултат за ова ниво е прикажан тука.;Skor kamu untuk tahap ini ditunjukkan di sini.;ഈ ലെവലിലെ നിന്റെ സ്കോർ ഇവിടെ കാണാം.;या स्तराचे तुझे गुण इथे दिसतात.;Энэ түвшний оноо энд харагдана.;यो लेभलको तिम्रो स्कोर यहाँ देखिन्छ।;Poengsummen din for dette nivået vises her.;Твій рахунок за цей рівень показано тут.;ଏହି ଲେଭେଲ୍‌ର ସ୍କୋର ଏଠାରେ ଦେଖାଯାଏ।;بۇ دەرىجىدىكى نومۇرۇڭ بۇ يەردە كۆرسىتىلىدۇ.;Bu bosqichdagi natijang shu yerda ko‘rsatiladi.;امتیازت در این مرحله اینجا نشان داده می‌شود.;Tutaj widzisz wynik na tym poziomie.;A tua pontuação neste nível aparece aqui.;ਇਸ ਲੈਵਲ ਦਾ ਤੁਹਾਡਾ ਸਕੋਰ ਇੱਥੇ ਹੈ।;Scorul tău pentru acest nivel apare aici.;Здесь показан твой счёт за этот уровень.;Ovde je prikazan tvoj rezultat za ovaj nivo.;මේ මට්ටමේ ඔබේ ලකුණු මෙතැන පෙන්වයි.;Tu vidíš svoje skóre v tejto úrovni.;Tvoj rezultat na tej stopnji je prikazan tukaj.;Tu puntuación de este nivel aparece aquí.;Alama zako za kiwango hiki zinaonekana hapa.;මේ මට්ටමේ ඔබේ ලකුණු මෙතැන පෙන්වයි.;இந்த நிலைக்கான உன் மதிப்பெண் இங்கே காட்டப்படும்.;คะแนนของด่านนี้อยู่ตรงนี้;རིམ་པ་འདིའི་ཁྱེད་ཀྱི་སྐར་མ་འདིར་སྟོན།;Tvé skóre v této úrovni je tady.;Bu seviyedeki puanın burada gösterilir.;اس لیول کا اسکور یہاں ہے۔;Điểm của bạn ở cấp này được hiển thị tại đây.;Mae dy sgôr ar gyfer y lefel hon yma.;Тут паказаны твой лік на гэтым узроўні.;Amaphuzu akho ale leveli aboniswa lapha.;Här visas din poäng för nivån.
tutorial.star;;In-app text. English is 47 characters. Try to stay close to that.;Jump into the star to shoot away wrong answers.;Spring tegen de ster om foute antwoorden weg te schieten.;Spring teen die ster om verkeerde antwoorde weg te skiet.;Hidhu te ylli për të larguar përgjigjet e gabuara.;የተሳሳቱ መልሶችን ለመተኮስ ወደ ኮከቡ ዝለል።;اقفز نحو النجمة لإطلاق الإجابات الخاطئة بعيدًا.;Ցատկիր աստղի մեջ՝ սխալ պատասխանները հեռացնելու համար։;ভুল উত্তৰ আঁতৰাবলৈ তৰাটোৰ ভিতৰলৈ জঁপিওৱা।;Səhv cavabları vurub uzaqlaşdırmaq üçün ulduza tullan.;Jauzi izarrera erantzun okerrak urruntzeko.;ভুল উত্তর সরিয়ে দিতে তারার মধ্যে লাফ দাও।;အဖြေမှားတွေကို ပစ်ဖယ်ဖို့ ကြယ်ထဲ ခုန်ဝင်ပါ။;Skoči u zvijezdu da ukloniš pogrešne odgovore.;Скочи в звездата, за да изстреляш грешните отговори.;Salta dins l’estrella per fer desaparèixer les respostes incorrectes.;跳进星星，把错误答案射走。;Hop ind i stjernen for at skyde de forkerte svar væk.;Spring gegen den Stern, um falsche Antworten wegzuschießen.;Hüppa tähte, et valed vastused minema tulistada.;Leyp á stjørnuna fyri at skjóta skeiv svar burtur.;Hyppää tähteen ampuaksesi väärät vastaukset pois.;Saute dans l’étoile pour faire disparaître les mauvaises réponses.;Salta contra a estrela para disparar ás respostas incorrectas.;ვარსკვლავს შეეხე, რომ არასწორი პასუხები გაისროლო.;Πήδα στο αστέρι για να διώξεις τις λάθος απαντήσεις.;ખોટા જવાબો દૂર કરવા તારામાં કૂદો.;קפצו אל הכוכב כדי להעיף תשובות שגויות.;गलत उत्तर हटाने के लिए तारे में कूदो।;Ugorj a csillagba, hogy kilődd a rossz válaszokat.;Léim isteach sa réalta chun freagraí míchearta a scaoileadh amach.;Hoppaðu í stjörnuna til að skjóta röngum svörum burt.;Lompat ke bintang untuk menembak jawaban yang salah.;Salta nella stella per far sparire le risposte sbagliate.;星にジャンプすると、まちがった答えを消せるよ。;ತಪ್ಪು ಉತ್ತರಗಳನ್ನು ಹೊಡೆದುಹಾಕಲು ನಕ್ಷತ್ರದೊಳಗೆ ಜಿಗಿ.;Қате жауаптарды атып жіберу үшін жұлдызға секір.;លោតប៉ះផ្កាយ ដើម្បីបាញ់ចម្លើយខុសចេញ។;별로 점프해 오답을 날려 버려요.;Skoči u zvijezdu da ukloniš pogrešne odgovore.;ໂດດໃສ່ດາວເພື່ອຍິງຄຳຕອບຜິດອອກ.;Ielec zvaigznē, lai aizšautu prom nepareizās atbildes.;Užšok ant žvaigždės, kad nušautum neteisingus atsakymus.;Скокни во ѕвездата за да ги отстраниш погрешните одговори.;Lompat ke bintang untuk menembak jawapan salah.;തെറ്റായ ഉത്തരങ്ങൾ വെടിവെച്ച് നീക്കാൻ നക്ഷത്രത്തിലേക്ക് ചാടൂ.;चुकीची उत्तरे उडवण्यासाठी ताऱ्यात उडी मार.;Од руу үсэрч буруу хариултуудыг бууд.;गलत उत्तर हटाउन तारामा उफ्र।;Hopp inn i stjernen for å skyte bort feil svar.;Стрибни в зірку, щоб прибрати неправильні відповіді.;ଭୁଲ ଉତ୍ତରଗୁଡ଼ିକୁ ଉଡ଼ାଇବା ପାଇଁ ତାରା ଭିତରକୁ ଡେଇଁପଡ଼।;خاتا جاۋابلارنى ئېتىپ يوقىتىش ئۈچۈن يۇلتۇزغا سەكرە.;Noto‘g‘ri javoblarni otib yuborish uchun yulduzga sakra.;به ستاره بپر تا پاسخ‌های اشتباه را دور بزند.;Wskocz w gwiazdę, aby zestrzelić złe odpowiedzi.;Salta para a estrela para eliminar as respostas erradas.;ਗਲਤ ਜਵਾਬ ਉਡਾਉਣ ਲਈ ਤਾਰੇ ਵਿੱਚ ਛਾਲ ਮਾਰੋ।;Sari în stea ca să elimini răspunsurile greșite.;Прыгни в звезду, чтобы убрать неправильные ответы.;Skoči u zvezdu da ukloniš pogrešne odgovore.;වැරදි පිළිතුරු ඉවත් කරන්න තරුව තුළට පනින්න.;Skoč do hviezdy a odstreľ nesprávne odpovede.;Skoči v zvezdo, da odstraniš napačne odgovore.;Salta hacia la estrella para eliminar las respuestas incorrectas.;Rukia nyota ili kuondoa majibu yasiyo sahihi.;වැරදි පිළිතුරු ඉවත් කරන්න තරුව තුළට පනින්න.;தவறான விடைகளைச் சுட்டுத் தள்ள நட்சத்திரத்தின் மீது குதி.;กระโดดชนดาวเพื่อยิงคำตอบที่ผิดออกไป;ལན་ནོར་བ་ཕར་འཕེན་པར་སྐར་མའི་ནང་མཆོངས།;Skoč do hvězdy a odstřel špatné odpovědi.;Yanlış cevapları fırlatmak için yıldıza zıpla.;غلط جواب ہٹانے کے لیے ستارے میں چھلانگ لگائیں۔;Nhảy vào ngôi sao để bắn bay các đáp án sai.;Neidia i mewn i'r seren i saethu'r atebion anghywir i ffwrdd.;Скокні ў зорку, каб прыбраць няправільныя адказы.;Gxumela enkanyezini ukuze ususe izimpendulo ezingalungile.;Hoppa in i stjärnan för att skjuta bort fel svar.
tutorial.wrongAnswer;;In-app text. English is 75 characters. Try to stay close to that.;If you choose a wrong answer, you lose one of your three lives. Try it now.;Bij een fout antwoord verlies je één van je drie levens. Probeer het maar.;As jy ’n verkeerde antwoord kies, verloor jy een van jou drie lewens. Probeer dit nou.;Po zgjodhe gabim, humbet një nga tri jetët. Provoje tani.;የተሳሳተ መልስ ከመረጥክ፣ ከሦስቱ ሕይወቶችህ አንዱን ታጣለህ። አሁን ሞክረው።;إذا اخترت إجابة خاطئة، تخسر حياة من حيواتك الثلاث. جرّب الآن.;Եթե սխալ պատասխան ընտրես, կկորցնես երեք կյանքերից մեկը։ Փորձիր հիմա։;ভুল উত্তৰ বাছিলে ৩টা জীৱনৰ এটা হেৰাবা। এতিয়া চেষ্টা কৰা।;Səhv cavab seçsən, üç canından birini itirəcəksən. İndi sına.;Erantzun okerra aukeratzen baduzu, hiru bizitzetako bat galduko duzu. Probatu orain.;ভুল উত্তর বাছলে তোমার তিনটি জীবনের একটি হারাবে। এবার চেষ্টা করো।;အဖြေမှားကို ရွေးရင် အသက်သုံးခုထဲက တစ်ခု ဆုံးရှုံးမယ်။ အခု စမ်းကြည့်ပါ။;Ako izabereš pogrešan odgovor, gubiš jedan od tri života. Probaj sada.;Ако избереш грешен отговор, губиш един от трите си живота. Опитай сега.;Si tries una resposta incorrecta, perds una de les tres vides. Prova-ho ara.;选错答案会失去三条生命中的一条。现在试试看。;Vælger du et forkert svar, mister du ét af dine tre liv. Prøv nu.;Wählst du eine falsche Antwort, verlierst du eines deiner drei Leben. Probier es jetzt aus.;Vale vastuse valimisel kaotad ühe oma kolmest elust. Proovi nüüd.;Velur tú eitt skeivt svar, missir tú eitt av teimum trimum lívunum. Royn tað nú.;Jos valitset väärän vastauksen, menetät yhden kolmesta elämästäsi. Kokeile nyt.;Si tu choisis une mauvaise réponse, tu perds une de tes trois vies. Essaie maintenant.;Se escolles unha resposta incorrecta, perdes unha das túas tres vidas. Próbao agora.;თუ არასწორ პასუხს აირჩევ, სამი სიცოცხლიდან ერთს დაკარგავ. ახლა სცადე.;Αν διαλέξεις λάθος απάντηση, χάνεις μία από τις τρεις ζωές σου. Δοκίμασέ το τώρα.;ખોટો જવાબ પસંદ કરશો તો ત્રણમાંથી એક જીવન જશે. હવે અજમાવો.;אם בוחרים תשובה שגויה, מאבדים אחד משלושת החיים. נסו עכשיו.;गलत उत्तर चुनने पर तीन जीवनों में से एक चला जाएगा। अभी आज़माओ।;Ha rossz választ választasz, elveszíted egyik életedet a háromból. Próbáld ki most.;Má roghnaíonn tú freagra mícheart, caillfidh tú ceann de do thrí bheatha. Bain triail as anois.;Ef þú velur rangt svar missirðu eitt af þremur lífum. Prófaðu núna.;Jika memilih jawaban yang salah, kamu kehilangan satu dari tiga nyawamu. Coba sekarang.;Se scegli una risposta sbagliata, perdi una delle tue tre vite. Prova ora.;まちがった答えをえらぶと、3このライフのうち1こを失うよ。やってみよう。;ತಪ್ಪು ಉತ್ತರ ಆರಿಸಿದರೆ, ನಿನ್ನ ಮೂರು ಜೀವಗಳಲ್ಲಿ ಒಂದು ಕಳೆದುಕೊಳ್ಳುತ್ತೀಯ. ಈಗ ಪ್ರಯತ್ನಿಸು.;Қате жауапты таңдасаң, үш жаныңның бірінен айырыласың. Қазір байқап көр.;បើអ្នកជ្រើសចម្លើយខុស អ្នកនឹងបាត់ជីវិតមួយក្នុងចំណោមបី។ សាកល្បងឥឡូវនេះ។;오답을 고르면 목숨 3개 중 하나를 잃어요. 지금 해 보세요.;Ako odabereš pogrešan odgovor, gubiš jedan od tri života. Pokušaj sada.;ຖ້າເລືອກຄຳຕອບຜິດ ເຈົ້າຈະເສຍ 1 ໃນ 3 ຊີວິດ. ລອງເບິ່ງຕອນນີ້.;Ja izvēlies nepareizu atbildi, zaudē vienu no trim dzīvībām. Pamēģini tagad.;Pasirinkęs neteisingą atsakymą prarasi vieną iš trijų gyvybių. Pabandyk dabar.;Ако избереш погрешен одговор, губиш еден од трите животи. Пробај сега.;Jika pilih jawapan salah, kamu hilang satu daripada tiga nyawa. Cuba sekarang.;തെറ്റായ ഉത്തരം തിരഞ്ഞെടുത്താൽ മൂന്ന് ജീവനുകളിൽ ഒന്ന് നഷ്ടമാകും. ഇപ്പോൾ പരീക്ഷിക്കൂ.;चुकीचे उत्तर निवडल्यास तुझ्या तीन जीवांपैकी एक जीव कमी होईल. आता करून पाहा.;Буруу хариулт сонговол гурван амийнхаа нэгийг алдана. Одоо туршаарай.;गलत उत्तर छाने तिम्रो तीन जीवनमध्ये एउटा जान्छ। अब प्रयास गर।;Velger du feil svar, mister du ett av de tre livene dine. Prøv nå.;Якщо обереш неправильну відповідь, втратиш одне з трьох життів. Спробуй зараз.;ଭୁଲ ଉତ୍ତର ବାଛିଲେ, ତୁମର ତିନିଟି ଜୀବନରୁ ଗୋଟିଏ କମିଯିବ। ଏବେ ଚେଷ୍ଟା କର।;خاتا جاۋاب تاللىساڭ، ئۈچ جېنىڭنىڭ بىرىنى يوقىتىسەن. ھازىر سىناپ باق.;Noto‘g‘ri javobni tanlasang, uchta joningdan birini yo‘qotasan. Hozir sinab ko‘r.;اگر پاسخ اشتباه را انتخاب کنی، یکی از سه جانت را از دست می‌دهی. حالا امتحان کن.;Po złej odpowiedzi tracisz jedno z trzech żyć. Spróbuj teraz.;Se escolheres uma resposta errada, perdes uma das tuas três vidas. Experimenta agora.;ਗਲਤ ਜਵਾਬ ਚੁਣਿਆਂ ਤੁਹਾਡੀਆਂ 3 ਜਾਨਾਂ ਵਿੱਚੋਂ ਇੱਕ ਘਟੇਗੀ। ਹੁਣ ਅਜ਼ਮਾਓ।;Dacă alegi un răspuns greșit, pierzi una dintre cele trei vieți. Încearcă acum.;Выбрав неправильный ответ, ты потеряешь одну из трёх жизней. Попробуй сейчас.;Ako izabereš pogrešan odgovor, gubiš jedan od tri života. Probaj sada.;වැරදි පිළිතුරක් තෝරන විට ජීවිත තුනෙන් එකක් අහිමි වේ. දැන් උත්සාහ කරන්න.;Ak vyberieš nesprávnu odpoveď, stratíš jeden z troch životov. Skús to teraz.;Če izbereš napačen odgovor, izgubiš eno od treh življenj. Poskusi zdaj.;Si eliges una respuesta incorrecta, pierdes una de tus tres vidas. Pruébalo ahora.;Ukichagua jibu lisilo sahihi, unapoteza moja ya maisha yako matatu. Jaribu sasa.;වැරදි පිළිතුරක් තෝරන විට ජීවිත තුනෙන් එකක් අහිමි වේ. දැන් උත්සාහ කරන්න.;தவறான விடையைத் தேர்ந்தெடுத்தால், உன் மூன்று உயிர்களில் ஒன்று போய்விடும். இப்போது முயற்சி செய்.;ถ้าเลือกคำตอบผิด จะเสียหนึ่งในสามชีวิต ลองเลย;ལན་ནོར་བ་འདེམས་ན་སྲོག་གསུམ་ནས་གཅིག་ཤོར། ད་ཚོད་ལྟ་བྱོས།;Když vybereš špatnou odpověď, ztratíš jeden ze tří životů. Teď to zkus.;Yanlış cevap seçersen üç canından birini kaybedersin. Şimdi dene.;غلط جواب چننے پر تین میں سے ایک جان کم ہوگی۔ اب آزمائیں۔;Nếu chọn sai, bạn mất một trong ba mạng. Hãy thử ngay.;Os dewisi di ateb anghywir, byddi di'n colli un o dy dri bywyd. Rho gynnig arni nawr.;За няправільны адказ ты страціш адно з трох жыццяў. Паспрабуй зараз.;Uma ukhetha impendulo engalungile, ulahlekelwa yimpilo eyodwa kwezintathu. Kuzame manje.;Väljer du fel svar förlorar du ett av dina tre liv. Prova nu.
